scheme_code,scheme_name,date,nav,fund_house,scheme_category
120503,Axis ELSS Tax Saver Fund - Direct Plan - Growth Option,02-06-2026,103.5959,Axis Mutual Fund,Equity Scheme - ELSS
120503,Axis ELSS Tax Saver Fund - Direct Plan - Growth Option,01-06-2026,103.0948,Axis Mutual Fund,Equity Scheme - ELSS
120503,Axis ELSS Tax Saver Fund - Direct Plan - Growth Option,31-05-2026,104.3083,Axis Mutual Fund,Equity Scheme - ELSS
120503,Axis ELSS Tax Saver Fund - Direct Plan - Growth Option,29-05-2026,104.3129,Axis Mutual Fund,Equity Scheme - ELSS
120503,Axis ELSS Tax Saver Fund - Direct Plan - Growth Option,27-05-2026,105.9296,Axis Mutual Fund,Equity Scheme - ELSS
120503,Axis ELSS Tax Saver Fund - Direct Plan - Growth Option,26-05-2026,105.5115,Axis Mutual Fund,Equity Scheme - ELSS
120503,Axis ELSS Tax Saver Fund - Direct Plan - Growth Option,25-05-2026,105.9217,Axis Mutual Fund,Equity Scheme - ELSS
120503,Axis ELSS Tax Saver Fund - Direct Plan - Growth Option,22-05-2026,104.7708,Axis Mutual Fund,Equity Scheme - ELSS
120503,Axis ELSS Tax Saver Fund - Direct Plan - Growth Option,21-05-2026,104.4915,Axis Mutual Fund,Equity Scheme - ELSS
120503,Axis ELSS Tax Saver Fund - Direct Plan - Growth Option,20-05-2026,104.6046,Axis Mutual Fund,Equity Scheme - ELSS
120503,Axis ELSS Tax Saver Fund - Direct Plan - Growth Option,19-05-2026,104.2767,Axis Mutual Fund,Equity Scheme - ELSS
120503,Axis ELSS Tax Saver Fund - Direct Plan - Growth Option,18-05-2026,104.1556,Axis Mutual Fund,Equity Scheme - ELSS
120503,Axis ELSS Tax Saver Fund - Direct Plan - Growth Option,15-05-2026,104.2918,Axis Mutual Fund,Equity Scheme - ELSS
120503,Axis ELSS Tax Saver Fund - Direct Plan - Growth Option,14-05-2026,104.5531,Axis Mutual Fund,Equity Scheme - ELSS
120503,Axis ELSS Tax Saver Fund - Direct Plan - Growth Option,13-05-2026,103.396,Axis Mutual Fund,Equity Scheme - ELSS
120503,Axis ELSS Tax Saver Fund - Direct Plan - Growth Option,12-05-2026,103.3384,Axis Mutual Fund,Equity Scheme - ELSS
120503,Axis ELSS Tax Saver Fund - Direct Plan - Growth Option,11-05-2026,105.6066,Axis Mutual Fund,Equity Scheme - ELSS
120503,Axis ELSS Tax Saver Fund - Direct Plan - Growth Option,08-05-2026,107.15,Axis Mutual Fund,Equity Scheme - ELSS
120503,Axis ELSS Tax Saver Fund - Direct Plan - Growth Option,07-05-2026,107.6729,Axis Mutual Fund,Equity Scheme - ELSS
120503,Axis ELSS Tax Saver Fund - Direct Plan - Growth Option,06-05-2026,107.3354,Axis Mutual Fund,Equity Scheme - ELSS
120503,Axis ELSS Tax Saver Fund - Direct Plan - Growth Option,05-05-2026,105.8387,Axis Mutual Fund,Equity Scheme - ELSS
120503,Axis ELSS Tax Saver Fund - Direct Plan - Growth Option,04-05-2026,105.7449,Axis Mutual Fund,Equity Scheme - ELSS
120503,Axis ELSS Tax Saver Fund - Direct Plan - Growth Option,30-04-2026,105.2845,Axis Mutual Fund,Equity Scheme - ELSS
120503,Axis ELSS Tax Saver Fund - Direct Plan - Growth Option,29-04-2026,106.0698,Axis Mutual Fund,Equity Scheme - ELSS
120503,Axis ELSS Tax Saver Fund - Direct Plan - Growth Option,28-04-2026,105.6212,Axis Mutual Fund,Equity Scheme - ELSS
120503,Axis ELSS Tax Saver Fund - Direct Plan - Growth Option,27-04-2026,106.0528,Axis Mutual Fund,Equity Scheme - ELSS
120503,Axis ELSS Tax Saver Fund - Direct Plan - Growth Option,24-04-2026,105.0928,Axis Mutual Fund,Equity Scheme - ELSS
120503,Axis ELSS Tax Saver Fund - Direct Plan - Growth Option,23-04-2026,106.1301,Axis Mutual Fund,Equity Scheme - ELSS
120503,Axis ELSS Tax Saver Fund - Direct Plan - Growth Option,22-04-2026,106.8299,Axis Mutual Fund,Equity Scheme - ELSS
120503,Axis ELSS Tax Saver Fund - Direct Plan - Growth Option,21-04-2026,107.2434,Axis Mutual Fund,Equity Scheme - ELSS
120503,Axis ELSS Tax Saver Fund - Direct Plan - Growth Option,20-04-2026,106.2063,Axis Mutual Fund,Equity Scheme - ELSS
120503,Axis ELSS Tax Saver Fund - Direct Plan - Growth Option,17-04-2026,105.9826,Axis Mutual Fund,Equity Scheme - ELSS
120503,Axis ELSS Tax Saver Fund - Direct Plan - Growth Option,16-04-2026,105.117,Axis Mutual Fund,Equity Scheme - ELSS
120503,Axis ELSS Tax Saver Fund - Direct Plan - Growth Option,15-04-2026,104.9259,Axis Mutual Fund,Equity Scheme - ELSS
120503,Axis ELSS Tax Saver Fund - Direct Plan - Growth Option,13-04-2026,103.2303,Axis Mutual Fund,Equity Scheme - ELSS
120503,Axis ELSS Tax Saver Fund - Direct Plan - Growth Option,10-04-2026,104.1348,Axis Mutual Fund,Equity Scheme - ELSS
120503,Axis ELSS Tax Saver Fund - Direct Plan - Growth Option,09-04-2026,102.5494,Axis Mutual Fund,Equity Scheme - ELSS
120503,Axis ELSS Tax Saver Fund - Direct Plan - Growth Option,08-04-2026,103.2833,Axis Mutual Fund,Equity Scheme - ELSS
120503,Axis ELSS Tax Saver Fund - Direct Plan - Growth Option,07-04-2026,99.3876,Axis Mutual Fund,Equity Scheme - ELSS
120503,Axis ELSS Tax Saver Fund - Direct Plan - Growth Option,06-04-2026,98.8014,Axis Mutual Fund,Equity Scheme - ELSS
120503,Axis ELSS Tax Saver Fund - Direct Plan - Growth Option,02-04-2026,97.52,Axis Mutual Fund,Equity Scheme - ELSS
120503,Axis ELSS Tax Saver Fund - Direct Plan - Growth Option,01-04-2026,97.7184,Axis Mutual Fund,Equity Scheme - ELSS
120503,Axis ELSS Tax Saver Fund - Direct Plan - Growth Option,31-03-2026,96.2753,Axis Mutual Fund,Equity Scheme - ELSS
120503,Axis ELSS Tax Saver Fund - Direct Plan - Growth Option,30-03-2026,96.2768,Axis Mutual Fund,Equity Scheme - ELSS
120503,Axis ELSS Tax Saver Fund - Direct Plan - Growth Option,27-03-2026,98.6739,Axis Mutual Fund,Equity Scheme - ELSS
120503,Axis ELSS Tax Saver Fund - Direct Plan - Growth Option,25-03-2026,100.7319,Axis Mutual Fund,Equity Scheme - ELSS
120503,Axis ELSS Tax Saver Fund - Direct Plan - Growth Option,24-03-2026,98.6597,Axis Mutual Fund,Equity Scheme - ELSS
120503,Axis ELSS Tax Saver Fund - Direct Plan - Growth Option,23-03-2026,96.713,Axis Mutual Fund,Equity Scheme - ELSS
120503,Axis ELSS Tax Saver Fund - Direct Plan - Growth Option,20-03-2026,99.6142,Axis Mutual Fund,Equity Scheme - ELSS
120503,Axis ELSS Tax Saver Fund - Direct Plan - Growth Option,19-03-2026,99.1597,Axis Mutual Fund,Equity Scheme - ELSS
120503,Axis ELSS Tax Saver Fund - Direct Plan - Growth Option,18-03-2026,102.4592,Axis Mutual Fund,Equity Scheme - ELSS
120503,Axis ELSS Tax Saver Fund - Direct Plan - Growth Option,17-03-2026,101.2496,Axis Mutual Fund,Equity Scheme - ELSS
120503,Axis ELSS Tax Saver Fund - Direct Plan - Growth Option,16-03-2026,100.396,Axis Mutual Fund,Equity Scheme - ELSS
120503,Axis ELSS Tax Saver Fund - Direct Plan - Growth Option,13-03-2026,99.7111,Axis Mutual Fund,Equity Scheme - ELSS
120503,Axis ELSS Tax Saver Fund - Direct Plan - Growth Option,12-03-2026,101.9718,Axis Mutual Fund,Equity Scheme - ELSS
120503,Axis ELSS Tax Saver Fund - Direct Plan - Growth Option,11-03-2026,102.9776,Axis Mutual Fund,Equity Scheme - ELSS
120503,Axis ELSS Tax Saver Fund - Direct Plan - Growth Option,10-03-2026,104.7593,Axis Mutual Fund,Equity Scheme - ELSS
120503,Axis ELSS Tax Saver Fund - Direct Plan - Growth Option,09-03-2026,103.3882,Axis Mutual Fund,Equity Scheme - ELSS
120503,Axis ELSS Tax Saver Fund - Direct Plan - Growth Option,06-03-2026,105.405,Axis Mutual Fund,Equity Scheme - ELSS
120503,Axis ELSS Tax Saver Fund - Direct Plan - Growth Option,05-03-2026,106.7297,Axis Mutual Fund,Equity Scheme - ELSS
120503,Axis ELSS Tax Saver Fund - Direct Plan - Growth Option,04-03-2026,105.4928,Axis Mutual Fund,Equity Scheme - ELSS
120503,Axis ELSS Tax Saver Fund - Direct Plan - Growth Option,02-03-2026,107.5231,Axis Mutual Fund,Equity Scheme - ELSS
120503,Axis ELSS Tax Saver Fund - Direct Plan - Growth Option,28-02-2026,108.9325,Axis Mutual Fund,Equity Scheme - ELSS
120503,Axis ELSS Tax Saver Fund - Direct Plan - Growth Option,27-02-2026,108.9345,Axis Mutual Fund,Equity Scheme - ELSS
120503,Axis ELSS Tax Saver Fund - Direct Plan - Growth Option,26-02-2026,110.2945,Axis Mutual Fund,Equity Scheme - ELSS
120503,Axis ELSS Tax Saver Fund - Direct Plan - Growth Option,25-02-2026,109.9293,Axis Mutual Fund,Equity Scheme - ELSS
120503,Axis ELSS Tax Saver Fund - Direct Plan - Growth Option,24-02-2026,109.3681,Axis Mutual Fund,Equity Scheme - ELSS
120503,Axis ELSS Tax Saver Fund - Direct Plan - Growth Option,23-02-2026,110.291,Axis Mutual Fund,Equity Scheme - ELSS
120503,Axis ELSS Tax Saver Fund - Direct Plan - Growth Option,20-02-2026,109.5273,Axis Mutual Fund,Equity Scheme - ELSS
120503,Axis ELSS Tax Saver Fund - Direct Plan - Growth Option,19-02-2026,109.0091,Axis Mutual Fund,Equity Scheme - ELSS
120503,Axis ELSS Tax Saver Fund - Direct Plan - Growth Option,18-02-2026,110.6303,Axis Mutual Fund,Equity Scheme - ELSS
120503,Axis ELSS Tax Saver Fund - Direct Plan - Growth Option,17-02-2026,110.0806,Axis Mutual Fund,Equity Scheme - ELSS
120503,Axis ELSS Tax Saver Fund - Direct Plan - Growth Option,16-02-2026,109.8444,Axis Mutual Fund,Equity Scheme - ELSS
120503,Axis ELSS Tax Saver Fund - Direct Plan - Growth Option,13-02-2026,109.3409,Axis Mutual Fund,Equity Scheme - ELSS
120503,Axis ELSS Tax Saver Fund - Direct Plan - Growth Option,12-02-2026,110.5365,Axis Mutual Fund,Equity Scheme - ELSS
120503,Axis ELSS Tax Saver Fund - Direct Plan - Growth Option,11-02-2026,110.8392,Axis Mutual Fund,Equity Scheme - ELSS
120503,Axis ELSS Tax Saver Fund - Direct Plan - Growth Option,10-02-2026,110.6519,Axis Mutual Fund,Equity Scheme - ELSS
120503,Axis ELSS Tax Saver Fund - Direct Plan - Growth Option,09-02-2026,110.3845,Axis Mutual Fund,Equity Scheme - ELSS
120503,Axis ELSS Tax Saver Fund - Direct Plan - Growth Option,06-02-2026,109.1756,Axis Mutual Fund,Equity Scheme - ELSS
120503,Axis ELSS Tax Saver Fund - Direct Plan - Growth Option,05-02-2026,109.0137,Axis Mutual Fund,Equity Scheme - ELSS
120503,Axis ELSS Tax Saver Fund - Direct Plan - Growth Option,04-02-2026,109.288,Axis Mutual Fund,Equity Scheme - ELSS
120503,Axis ELSS Tax Saver Fund - Direct Plan - Growth Option,03-02-2026,109.0955,Axis Mutual Fund,Equity Scheme - ELSS
120503,Axis ELSS Tax Saver Fund - Direct Plan - Growth Option,02-02-2026,106.1596,Axis Mutual Fund,Equity Scheme - ELSS
120503,Axis ELSS Tax Saver Fund - Direct Plan - Growth Option,31-01-2026,107.1897,Axis Mutual Fund,Equity Scheme - ELSS
120503,Axis ELSS Tax Saver Fund - Direct Plan - Growth Option,30-01-2026,107.1918,Axis Mutual Fund,Equity Scheme - ELSS
120503,Axis ELSS Tax Saver Fund - Direct Plan - Growth Option,29-01-2026,107.1759,Axis Mutual Fund,Equity Scheme - ELSS
120503,Axis ELSS Tax Saver Fund - Direct Plan - Growth Option,28-01-2026,107.0296,Axis Mutual Fund,Equity Scheme - ELSS
120503,Axis ELSS Tax Saver Fund - Direct Plan - Growth Option,27-01-2026,105.945,Axis Mutual Fund,Equity Scheme - ELSS
120503,Axis ELSS Tax Saver Fund - Direct Plan - Growth Option,23-01-2026,105.7171,Axis Mutual Fund,Equity Scheme - ELSS
120503,Axis ELSS Tax Saver Fund - Direct Plan - Growth Option,22-01-2026,106.8714,Axis Mutual Fund,Equity Scheme - ELSS
120503,Axis ELSS Tax Saver Fund - Direct Plan - Growth Option,21-01-2026,106.0731,Axis Mutual Fund,Equity Scheme - ELSS
120503,Axis ELSS Tax Saver Fund - Direct Plan - Growth Option,20-01-2026,106.5056,Axis Mutual Fund,Equity Scheme - ELSS
120503,Axis ELSS Tax Saver Fund - Direct Plan - Growth Option,19-01-2026,108.3617,Axis Mutual Fund,Equity Scheme - ELSS
120503,Axis ELSS Tax Saver Fund - Direct Plan - Growth Option,16-01-2026,108.6446,Axis Mutual Fund,Equity Scheme - ELSS
120503,Axis ELSS Tax Saver Fund - Direct Plan - Growth Option,14-01-2026,108.5048,Axis Mutual Fund,Equity Scheme - ELSS
120503,Axis ELSS Tax Saver Fund - Direct Plan - Growth Option,13-01-2026,108.8425,Axis Mutual Fund,Equity Scheme - ELSS
120503,Axis ELSS Tax Saver Fund - Direct Plan - Growth Option,12-01-2026,108.8931,Axis Mutual Fund,Equity Scheme - ELSS
120503,Axis ELSS Tax Saver Fund - Direct Plan - Growth Option,09-01-2026,108.8498,Axis Mutual Fund,Equity Scheme - ELSS
120503,Axis ELSS Tax Saver Fund - Direct Plan - Growth Option,08-01-2026,110.0573,Axis Mutual Fund,Equity Scheme - ELSS
120503,Axis ELSS Tax Saver Fund - Direct Plan - Growth Option,07-01-2026,111.3106,Axis Mutual Fund,Equity Scheme - ELSS
120503,Axis ELSS Tax Saver Fund - Direct Plan - Growth Option,06-01-2026,111.2492,Axis Mutual Fund,Equity Scheme - ELSS
120503,Axis ELSS Tax Saver Fund - Direct Plan - Growth Option,05-01-2026,111.1802,Axis Mutual Fund,Equity Scheme - ELSS
120503,Axis ELSS Tax Saver Fund - Direct Plan - Growth Option,02-01-2026,111.5357,Axis Mutual Fund,Equity Scheme - ELSS
120503,Axis ELSS Tax Saver Fund - Direct Plan - Growth Option,01-01-2026,110.5516,Axis Mutual Fund,Equity Scheme - ELSS
120503,Axis ELSS Tax Saver Fund - Direct Plan - Growth Option,31-12-2025,110.2419,Axis Mutual Fund,Equity Scheme - ELSS
120503,Axis ELSS Tax Saver Fund - Direct Plan - Growth Option,30-12-2025,109.5506,Axis Mutual Fund,Equity Scheme - ELSS
120503,Axis ELSS Tax Saver Fund - Direct Plan - Growth Option,29-12-2025,109.8211,Axis Mutual Fund,Equity Scheme - ELSS
120503,Axis ELSS Tax Saver Fund - Direct Plan - Growth Option,26-12-2025,110.2666,Axis Mutual Fund,Equity Scheme - ELSS
120503,Axis ELSS Tax Saver Fund - Direct Plan - Growth Option,24-12-2025,110.6485,Axis Mutual Fund,Equity Scheme - ELSS
120503,Axis ELSS Tax Saver Fund - Direct Plan - Growth Option,23-12-2025,110.852,Axis Mutual Fund,Equity Scheme - ELSS
120503,Axis ELSS Tax Saver Fund - Direct Plan - Growth Option,22-12-2025,110.7862,Axis Mutual Fund,Equity Scheme - ELSS
120503,Axis ELSS Tax Saver Fund - Direct Plan - Growth Option,19-12-2025,110.1534,Axis Mutual Fund,Equity Scheme - ELSS
120503,Axis ELSS Tax Saver Fund - Direct Plan - Growth Option,18-12-2025,109.2532,Axis Mutual Fund,Equity Scheme - ELSS
120503,Axis ELSS Tax Saver Fund - Direct Plan - Growth Option,17-12-2025,109.3091,Axis Mutual Fund,Equity Scheme - ELSS
120503,Axis ELSS Tax Saver Fund - Direct Plan - Growth Option,16-12-2025,109.7392,Axis Mutual Fund,Equity Scheme - ELSS
120503,Axis ELSS Tax Saver Fund - Direct Plan - Growth Option,15-12-2025,110.3582,Axis Mutual Fund,Equity Scheme - ELSS
120503,Axis ELSS Tax Saver Fund - Direct Plan - Growth Option,12-12-2025,110.519,Axis Mutual Fund,Equity Scheme - ELSS
120503,Axis ELSS Tax Saver Fund - Direct Plan - Growth Option,11-12-2025,109.7762,Axis Mutual Fund,Equity Scheme - ELSS
120503,Axis ELSS Tax Saver Fund - Direct Plan - Growth Option,10-12-2025,109.0886,Axis Mutual Fund,Equity Scheme - ELSS
120503,Axis ELSS Tax Saver Fund - Direct Plan - Growth Option,09-12-2025,109.7035,Axis Mutual Fund,Equity Scheme - ELSS
120503,Axis ELSS Tax Saver Fund - Direct Plan - Growth Option,08-12-2025,109.6141,Axis Mutual Fund,Equity Scheme - ELSS
120503,Axis ELSS Tax Saver Fund - Direct Plan - Growth Option,05-12-2025,111.1487,Axis Mutual Fund,Equity Scheme - ELSS
120503,Axis ELSS Tax Saver Fund - Direct Plan - Growth Option,04-12-2025,110.8486,Axis Mutual Fund,Equity Scheme - ELSS
120503,Axis ELSS Tax Saver Fund - Direct Plan - Growth Option,03-12-2025,110.7813,Axis Mutual Fund,Equity Scheme - ELSS
120503,Axis ELSS Tax Saver Fund - Direct Plan - Growth Option,02-12-2025,111.2677,Axis Mutual Fund,Equity Scheme - ELSS
120503,Axis ELSS Tax Saver Fund - Direct Plan - Growth Option,01-12-2025,111.6365,Axis Mutual Fund,Equity Scheme - ELSS
120503,Axis ELSS Tax Saver Fund - Direct Plan - Growth Option,30-11-2025,111.8311,Axis Mutual Fund,Equity Scheme - ELSS
120503,Axis ELSS Tax Saver Fund - Direct Plan - Growth Option,28-11-2025,111.8357,Axis Mutual Fund,Equity Scheme - ELSS
120503,Axis ELSS Tax Saver Fund - Direct Plan - Growth Option,27-11-2025,111.8115,Axis Mutual Fund,Equity Scheme - ELSS
120503,Axis ELSS Tax Saver Fund - Direct Plan - Growth Option,26-11-2025,111.8355,Axis Mutual Fund,Equity Scheme - ELSS
120503,Axis ELSS Tax Saver Fund - Direct Plan - Growth Option,25-11-2025,110.5608,Axis Mutual Fund,Equity Scheme - ELSS
120503,Axis ELSS Tax Saver Fund - Direct Plan - Growth Option,24-11-2025,110.661,Axis Mutual Fund,Equity Scheme - ELSS
120503,Axis ELSS Tax Saver Fund - Direct Plan - Growth Option,21-11-2025,111.1918,Axis Mutual Fund,Equity Scheme - ELSS
120503,Axis ELSS Tax Saver Fund - Direct Plan - Growth Option,20-11-2025,112.0795,Axis Mutual Fund,Equity Scheme - ELSS
120503,Axis ELSS Tax Saver Fund - Direct Plan - Growth Option,19-11-2025,111.7018,Axis Mutual Fund,Equity Scheme - ELSS
120503,Axis ELSS Tax Saver Fund - Direct Plan - Growth Option,18-11-2025,111.1769,Axis Mutual Fund,Equity Scheme - ELSS
120503,Axis ELSS Tax Saver Fund - Direct Plan - Growth Option,17-11-2025,111.7933,Axis Mutual Fund,Equity Scheme - ELSS
120503,Axis ELSS Tax Saver Fund - Direct Plan - Growth Option,14-11-2025,111.2034,Axis Mutual Fund,Equity Scheme - ELSS
120503,Axis ELSS Tax Saver Fund - Direct Plan - Growth Option,13-11-2025,111.4226,Axis Mutual Fund,Equity Scheme - ELSS
120503,Axis ELSS Tax Saver Fund - Direct Plan - Growth Option,12-11-2025,111.5788,Axis Mutual Fund,Equity Scheme - ELSS
120503,Axis ELSS Tax Saver Fund - Direct Plan - Growth Option,11-11-2025,111.1622,Axis Mutual Fund,Equity Scheme - ELSS
120503,Axis ELSS Tax Saver Fund - Direct Plan - Growth Option,10-11-2025,110.9776,Axis Mutual Fund,Equity Scheme - ELSS
120503,Axis ELSS Tax Saver Fund - Direct Plan - Growth Option,07-11-2025,110.4431,Axis Mutual Fund,Equity Scheme - ELSS
120503,Axis ELSS Tax Saver Fund - Direct Plan - Growth Option,06-11-2025,110.4409,Axis Mutual Fund,Equity Scheme - ELSS
120503,Axis ELSS Tax Saver Fund - Direct Plan - Growth Option,04-11-2025,111.4046,Axis Mutual Fund,Equity Scheme - ELSS
120503,Axis ELSS Tax Saver Fund - Direct Plan - Growth Option,03-11-2025,111.7992,Axis Mutual Fund,Equity Scheme - ELSS
120503,Axis ELSS Tax Saver Fund - Direct Plan - Growth Option,31-10-2025,111.0948,Axis Mutual Fund,Equity Scheme - ELSS
120503,Axis ELSS Tax Saver Fund - Direct Plan - Growth Option,30-10-2025,111.8699,Axis Mutual Fund,Equity Scheme - ELSS
120503,Axis ELSS Tax Saver Fund - Direct Plan - Growth Option,29-10-2025,112.4068,Axis Mutual Fund,Equity Scheme - ELSS
120503,Axis ELSS Tax Saver Fund - Direct Plan - Growth Option,28-10-2025,111.9031,Axis Mutual Fund,Equity Scheme - ELSS
120503,Axis ELSS Tax Saver Fund - Direct Plan - Growth Option,27-10-2025,112.2705,Axis Mutual Fund,Equity Scheme - ELSS
120503,Axis ELSS Tax Saver Fund - Direct Plan - Growth Option,24-10-2025,111.6549,Axis Mutual Fund,Equity Scheme - ELSS
120503,Axis ELSS Tax Saver Fund - Direct Plan - Growth Option,23-10-2025,111.8587,Axis Mutual Fund,Equity Scheme - ELSS
120503,Axis ELSS Tax Saver Fund - Direct Plan - Growth Option,20-10-2025,111.9025,Axis Mutual Fund,Equity Scheme - ELSS
120503,Axis ELSS Tax Saver Fund - Direct Plan - Growth Option,17-10-2025,111.7489,Axis Mutual Fund,Equity Scheme - ELSS
120503,Axis ELSS Tax Saver Fund - Direct Plan - Growth Option,16-10-2025,111.5399,Axis Mutual Fund,Equity Scheme - ELSS
120503,Axis ELSS Tax Saver Fund - Direct Plan - Growth Option,15-10-2025,110.7365,Axis Mutual Fund,Equity Scheme - ELSS
120503,Axis ELSS Tax Saver Fund - Direct Plan - Growth Option,14-10-2025,109.6634,Axis Mutual Fund,Equity Scheme - ELSS
120503,Axis ELSS Tax Saver Fund - Direct Plan - Growth Option,13-10-2025,109.9552,Axis Mutual Fund,Equity Scheme - ELSS
120503,Axis ELSS Tax Saver Fund - Direct Plan - Growth Option,10-10-2025,109.959,Axis Mutual Fund,Equity Scheme - ELSS
120503,Axis ELSS Tax Saver Fund - Direct Plan - Growth Option,09-10-2025,109.5882,Axis Mutual Fund,Equity Scheme - ELSS
120503,Axis ELSS Tax Saver Fund - Direct Plan - Growth Option,08-10-2025,109.065,Axis Mutual Fund,Equity Scheme - ELSS
120503,Axis ELSS Tax Saver Fund - Direct Plan - Growth Option,07-10-2025,109.3201,Axis Mutual Fund,Equity Scheme - ELSS
120503,Axis ELSS Tax Saver Fund - Direct Plan - Growth Option,06-10-2025,108.9326,Axis Mutual Fund,Equity Scheme - ELSS
120503,Axis ELSS Tax Saver Fund - Direct Plan - Growth Option,03-10-2025,108.1386,Axis Mutual Fund,Equity Scheme - ELSS
120503,Axis ELSS Tax Saver Fund - Direct Plan - Growth Option,01-10-2025,107.8239,Axis Mutual Fund,Equity Scheme - ELSS
120503,Axis ELSS Tax Saver Fund - Direct Plan - Growth Option,30-09-2025,107.3134,Axis Mutual Fund,Equity Scheme - ELSS
120503,Axis ELSS Tax Saver Fund - Direct Plan - Growth Option,26-09-2025,107.2246,Axis Mutual Fund,Equity Scheme - ELSS
120503,Axis ELSS Tax Saver Fund - Direct Plan - Growth Option,25-09-2025,108.9191,Axis Mutual Fund,Equity Scheme - ELSS
120503,Axis ELSS Tax Saver Fund - Direct Plan - Growth Option,24-09-2025,109.7608,Axis Mutual Fund,Equity Scheme - ELSS
120503,Axis ELSS Tax Saver Fund - Direct Plan - Growth Option,23-09-2025,110.3401,Axis Mutual Fund,Equity Scheme - ELSS
120503,Axis ELSS Tax Saver Fund - Direct Plan - Growth Option,22-09-2025,110.7182,Axis Mutual Fund,Equity Scheme - ELSS
120503,Axis ELSS Tax Saver Fund - Direct Plan - Growth Option,19-09-2025,111.231,Axis Mutual Fund,Equity Scheme - ELSS
120503,Axis ELSS Tax Saver Fund - Direct Plan - Growth Option,18-09-2025,111.5335,Axis Mutual Fund,Equity Scheme - ELSS
120503,Axis ELSS Tax Saver Fund - Direct Plan - Growth Option,17-09-2025,111.2323,Axis Mutual Fund,Equity Scheme - ELSS
120503,Axis ELSS Tax Saver Fund - Direct Plan - Growth Option,16-09-2025,110.8008,Axis Mutual Fund,Equity Scheme - ELSS
120503,Axis ELSS Tax Saver Fund - Direct Plan - Growth Option,15-09-2025,110.1522,Axis Mutual Fund,Equity Scheme - ELSS
120503,Axis ELSS Tax Saver Fund - Direct Plan - Growth Option,12-09-2025,110.0814,Axis Mutual Fund,Equity Scheme - ELSS
120503,Axis ELSS Tax Saver Fund - Direct Plan - Growth Option,11-09-2025,109.7409,Axis Mutual Fund,Equity Scheme - ELSS
120503,Axis ELSS Tax Saver Fund - Direct Plan - Growth Option,10-09-2025,109.7209,Axis Mutual Fund,Equity Scheme - ELSS
120503,Axis ELSS Tax Saver Fund - Direct Plan - Growth Option,09-09-2025,109.2062,Axis Mutual Fund,Equity Scheme - ELSS
120503,Axis ELSS Tax Saver Fund - Direct Plan - Growth Option,08-09-2025,108.9657,Axis Mutual Fund,Equity Scheme - ELSS
120503,Axis ELSS Tax Saver Fund - Direct Plan - Growth Option,05-09-2025,108.7583,Axis Mutual Fund,Equity Scheme - ELSS
120503,Axis ELSS Tax Saver Fund - Direct Plan - Growth Option,04-09-2025,108.9265,Axis Mutual Fund,Equity Scheme - ELSS
120503,Axis ELSS Tax Saver Fund - Direct Plan - Growth Option,03-09-2025,108.7666,Axis Mutual Fund,Equity Scheme - ELSS
120503,Axis ELSS Tax Saver Fund - Direct Plan - Growth Option,02-09-2025,108.2047,Axis Mutual Fund,Equity Scheme - ELSS
120503,Axis ELSS Tax Saver Fund - Direct Plan - Growth Option,01-09-2025,108.3462,Axis Mutual Fund,Equity Scheme - ELSS
120503,Axis ELSS Tax Saver Fund - Direct Plan - Growth Option,31-08-2025,107.1217,Axis Mutual Fund,Equity Scheme - ELSS
120503,Axis ELSS Tax Saver Fund - Direct Plan - Growth Option,29-08-2025,107.1259,Axis Mutual Fund,Equity Scheme - ELSS
120503,Axis ELSS Tax Saver Fund - Direct Plan - Growth Option,28-08-2025,107.4756,Axis Mutual Fund,Equity Scheme - ELSS
120503,Axis ELSS Tax Saver Fund - Direct Plan - Growth Option,26-08-2025,108.7132,Axis Mutual Fund,Equity Scheme - ELSS
120503,Axis ELSS Tax Saver Fund - Direct Plan - Growth Option,25-08-2025,109.9294,Axis Mutual Fund,Equity Scheme - ELSS
120503,Axis ELSS Tax Saver Fund - Direct Plan - Growth Option,22-08-2025,109.6513,Axis Mutual Fund,Equity Scheme - ELSS
120503,Axis ELSS Tax Saver Fund - Direct Plan - Growth Option,21-08-2025,110.1151,Axis Mutual Fund,Equity Scheme - ELSS
120503,Axis ELSS Tax Saver Fund - Direct Plan - Growth Option,20-08-2025,110.0113,Axis Mutual Fund,Equity Scheme - ELSS
120503,Axis ELSS Tax Saver Fund - Direct Plan - Growth Option,19-08-2025,109.5723,Axis Mutual Fund,Equity Scheme - ELSS
120503,Axis ELSS Tax Saver Fund - Direct Plan - Growth Option,18-08-2025,109.045,Axis Mutual Fund,Equity Scheme - ELSS
120503,Axis ELSS Tax Saver Fund - Direct Plan - Growth Option,14-08-2025,107.8455,Axis Mutual Fund,Equity Scheme - ELSS
120503,Axis ELSS Tax Saver Fund - Direct Plan - Growth Option,13-08-2025,107.7607,Axis Mutual Fund,Equity Scheme - ELSS
120503,Axis ELSS Tax Saver Fund - Direct Plan - Growth Option,12-08-2025,106.9215,Axis Mutual Fund,Equity Scheme - ELSS
120503,Axis ELSS Tax Saver Fund - Direct Plan - Growth Option,11-08-2025,107.3883,Axis Mutual Fund,Equity Scheme - ELSS
120503,Axis ELSS Tax Saver Fund - Direct Plan - Growth Option,08-08-2025,106.5285,Axis Mutual Fund,Equity Scheme - ELSS
120503,Axis ELSS Tax Saver Fund - Direct Plan - Growth Option,07-08-2025,107.8011,Axis Mutual Fund,Equity Scheme - ELSS
120503,Axis ELSS Tax Saver Fund - Direct Plan - Growth Option,06-08-2025,107.5084,Axis Mutual Fund,Equity Scheme - ELSS
120503,Axis ELSS Tax Saver Fund - Direct Plan - Growth Option,05-08-2025,108.0923,Axis Mutual Fund,Equity Scheme - ELSS
120503,Axis ELSS Tax Saver Fund - Direct Plan - Growth Option,04-08-2025,108.1149,Axis Mutual Fund,Equity Scheme - ELSS
120503,Axis ELSS Tax Saver Fund - Direct Plan - Growth Option,01-08-2025,107.3597,Axis Mutual Fund,Equity Scheme - ELSS
120503,Axis ELSS Tax Saver Fund - Direct Plan - Growth Option,31-07-2025,108.4305,Axis Mutual Fund,Equity Scheme - ELSS
120503,Axis ELSS Tax Saver Fund - Direct Plan - Growth Option,30-07-2025,108.8599,Axis Mutual Fund,Equity Scheme - ELSS
120503,Axis ELSS Tax Saver Fund - Direct Plan - Growth Option,29-07-2025,108.5168,Axis Mutual Fund,Equity Scheme - ELSS
120503,Axis ELSS Tax Saver Fund - Direct Plan - Growth Option,28-07-2025,107.8724,Axis Mutual Fund,Equity Scheme - ELSS
120503,Axis ELSS Tax Saver Fund - Direct Plan - Growth Option,25-07-2025,108.763,Axis Mutual Fund,Equity Scheme - ELSS
120503,Axis ELSS Tax Saver Fund - Direct Plan - Growth Option,24-07-2025,109.8416,Axis Mutual Fund,Equity Scheme - ELSS
120503,Axis ELSS Tax Saver Fund - Direct Plan - Growth Option,23-07-2025,110.268,Axis Mutual Fund,Equity Scheme - ELSS
120503,Axis ELSS Tax Saver Fund - Direct Plan - Growth Option,22-07-2025,109.7437,Axis Mutual Fund,Equity Scheme - ELSS
120503,Axis ELSS Tax Saver Fund - Direct Plan - Growth Option,21-07-2025,109.7098,Axis Mutual Fund,Equity Scheme - ELSS
120503,Axis ELSS Tax Saver Fund - Direct Plan - Growth Option,18-07-2025,108.78,Axis Mutual Fund,Equity Scheme - ELSS
120503,Axis ELSS Tax Saver Fund - Direct Plan - Growth Option,17-07-2025,109.3117,Axis Mutual Fund,Equity Scheme - ELSS
120503,Axis ELSS Tax Saver Fund - Direct Plan - Growth Option,16-07-2025,109.4752,Axis Mutual Fund,Equity Scheme - ELSS
120503,Axis ELSS Tax Saver Fund - Direct Plan - Growth Option,15-07-2025,109.4895,Axis Mutual Fund,Equity Scheme - ELSS
120503,Axis ELSS Tax Saver Fund - Direct Plan - Growth Option,14-07-2025,108.827,Axis Mutual Fund,Equity Scheme - ELSS
120503,Axis ELSS Tax Saver Fund - Direct Plan - Growth Option,11-07-2025,108.6737,Axis Mutual Fund,Equity Scheme - ELSS
120503,Axis ELSS Tax Saver Fund - Direct Plan - Growth Option,10-07-2025,109.7323,Axis Mutual Fund,Equity Scheme - ELSS
120503,Axis ELSS Tax Saver Fund - Direct Plan - Growth Option,09-07-2025,110.2936,Axis Mutual Fund,Equity Scheme - ELSS
120503,Axis ELSS Tax Saver Fund - Direct Plan - Growth Option,08-07-2025,110.1649,Axis Mutual Fund,Equity Scheme - ELSS
120503,Axis ELSS Tax Saver Fund - Direct Plan - Growth Option,07-07-2025,109.9783,Axis Mutual Fund,Equity Scheme - ELSS
120503,Axis ELSS Tax Saver Fund - Direct Plan - Growth Option,04-07-2025,110.133,Axis Mutual Fund,Equity Scheme - ELSS
120503,Axis ELSS Tax Saver Fund - Direct Plan - Growth Option,03-07-2025,109.8742,Axis Mutual Fund,Equity Scheme - ELSS
120503,Axis ELSS Tax Saver Fund - Direct Plan - Growth Option,02-07-2025,110.2267,Axis Mutual Fund,Equity Scheme - ELSS
120503,Axis ELSS Tax Saver Fund - Direct Plan - Growth Option,01-07-2025,110.588,Axis Mutual Fund,Equity Scheme - ELSS
120503,Axis ELSS Tax Saver Fund - Direct Plan - Growth Option,30-06-2025,110.6845,Axis Mutual Fund,Equity Scheme - ELSS
120503,Axis ELSS Tax Saver Fund - Direct Plan - Growth Option,27-06-2025,110.74,Axis Mutual Fund,Equity Scheme - ELSS
120503,Axis ELSS Tax Saver Fund - Direct Plan - Growth Option,26-06-2025,110.2355,Axis Mutual Fund,Equity Scheme - ELSS
120503,Axis ELSS Tax Saver Fund - Direct Plan - Growth Option,25-06-2025,109.3692,Axis Mutual Fund,Equity Scheme - ELSS
120503,Axis ELSS Tax Saver Fund - Direct Plan - Growth Option,24-06-2025,108.5319,Axis Mutual Fund,Equity Scheme - ELSS
120503,Axis ELSS Tax Saver Fund - Direct Plan - Growth Option,23-06-2025,107.9543,Axis Mutual Fund,Equity Scheme - ELSS
120503,Axis ELSS Tax Saver Fund - Direct Plan - Growth Option,20-06-2025,108.1514,Axis Mutual Fund,Equity Scheme - ELSS
120503,Axis ELSS Tax Saver Fund - Direct Plan - Growth Option,19-06-2025,106.6482,Axis Mutual Fund,Equity Scheme - ELSS
120503,Axis ELSS Tax Saver Fund - Direct Plan - Growth Option,18-06-2025,107.2775,Axis Mutual Fund,Equity Scheme - ELSS
120503,Axis ELSS Tax Saver Fund - Direct Plan - Growth Option,17-06-2025,107.5374,Axis Mutual Fund,Equity Scheme - ELSS
120503,Axis ELSS Tax Saver Fund - Direct Plan - Growth Option,16-06-2025,107.9842,Axis Mutual Fund,Equity Scheme - ELSS
120503,Axis ELSS Tax Saver Fund - Direct Plan - Growth Option,13-06-2025,107.014,Axis Mutual Fund,Equity Scheme - ELSS
120503,Axis ELSS Tax Saver Fund - Direct Plan - Growth Option,12-06-2025,107.5691,Axis Mutual Fund,Equity Scheme - ELSS
120503,Axis ELSS Tax Saver Fund - Direct Plan - Growth Option,11-06-2025,108.7816,Axis Mutual Fund,Equity Scheme - ELSS
120503,Axis ELSS Tax Saver Fund - Direct Plan - Growth Option,10-06-2025,108.8321,Axis Mutual Fund,Equity Scheme - ELSS
120503,Axis ELSS Tax Saver Fund - Direct Plan - Growth Option,09-06-2025,108.9621,Axis Mutual Fund,Equity Scheme - ELSS
120503,Axis ELSS Tax Saver Fund - Direct Plan - Growth Option,06-06-2025,108.4007,Axis Mutual Fund,Equity Scheme - ELSS
120503,Axis ELSS Tax Saver Fund - Direct Plan - Growth Option,05-06-2025,107.5533,Axis Mutual Fund,Equity Scheme - ELSS
120503,Axis ELSS Tax Saver Fund - Direct Plan - Growth Option,04-06-2025,107.0655,Axis Mutual Fund,Equity Scheme - ELSS
120503,Axis ELSS Tax Saver Fund - Direct Plan - Growth Option,03-06-2025,106.5283,Axis Mutual Fund,Equity Scheme - ELSS
120503,Axis ELSS Tax Saver Fund - Direct Plan - Growth Option,02-06-2025,107.0707,Axis Mutual Fund,Equity Scheme - ELSS
120503,Axis ELSS Tax Saver Fund - Direct Plan - Growth Option,31-05-2025,106.9766,Axis Mutual Fund,Equity Scheme - ELSS
120503,Axis ELSS Tax Saver Fund - Direct Plan - Growth Option,30-05-2025,106.9783,Axis Mutual Fund,Equity Scheme - ELSS
120503,Axis ELSS Tax Saver Fund - Direct Plan - Growth Option,29-05-2025,107.1679,Axis Mutual Fund,Equity Scheme - ELSS
120503,Axis ELSS Tax Saver Fund - Direct Plan - Growth Option,28-05-2025,106.7675,Axis Mutual Fund,Equity Scheme - ELSS
120503,Axis ELSS Tax Saver Fund - Direct Plan - Growth Option,27-05-2025,107.03,Axis Mutual Fund,Equity Scheme - ELSS
120503,Axis ELSS Tax Saver Fund - Direct Plan - Growth Option,26-05-2025,107.4818,Axis Mutual Fund,Equity Scheme - ELSS
120503,Axis ELSS Tax Saver Fund - Direct Plan - Growth Option,23-05-2025,107.0146,Axis Mutual Fund,Equity Scheme - ELSS
120503,Axis ELSS Tax Saver Fund - Direct Plan - Growth Option,22-05-2025,106.1852,Axis Mutual Fund,Equity Scheme - ELSS
120503,Axis ELSS Tax Saver Fund - Direct Plan - Growth Option,21-05-2025,106.6077,Axis Mutual Fund,Equity Scheme - ELSS
120503,Axis ELSS Tax Saver Fund - Direct Plan - Growth Option,20-05-2025,105.8304,Axis Mutual Fund,Equity Scheme - ELSS
120503,Axis ELSS Tax Saver Fund - Direct Plan - Growth Option,19-05-2025,107.379,Axis Mutual Fund,Equity Scheme - ELSS
120503,Axis ELSS Tax Saver Fund - Direct Plan - Growth Option,16-05-2025,107.4778,Axis Mutual Fund,Equity Scheme - ELSS
120503,Axis ELSS Tax Saver Fund - Direct Plan - Growth Option,15-05-2025,107.2349,Axis Mutual Fund,Equity Scheme - ELSS
120503,Axis ELSS Tax Saver Fund - Direct Plan - Growth Option,14-05-2025,106.0607,Axis Mutual Fund,Equity Scheme - ELSS
120503,Axis ELSS Tax Saver Fund - Direct Plan - Growth Option,13-05-2025,105.499,Axis Mutual Fund,Equity Scheme - ELSS
120503,Axis ELSS Tax Saver Fund - Direct Plan - Growth Option,12-05-2025,106.1881,Axis Mutual Fund,Equity Scheme - ELSS
120503,Axis ELSS Tax Saver Fund - Direct Plan - Growth Option,09-05-2025,102.6314,Axis Mutual Fund,Equity Scheme - ELSS
120503,Axis ELSS Tax Saver Fund - Direct Plan - Growth Option,08-05-2025,103.5049,Axis Mutual Fund,Equity Scheme - ELSS
120503,Axis ELSS Tax Saver Fund - Direct Plan - Growth Option,07-05-2025,104.8398,Axis Mutual Fund,Equity Scheme - ELSS
120503,Axis ELSS Tax Saver Fund - Direct Plan - Growth Option,06-05-2025,104.2762,Axis Mutual Fund,Equity Scheme - ELSS
120503,Axis ELSS Tax Saver Fund - Direct Plan - Growth Option,05-05-2025,105.2187,Axis Mutual Fund,Equity Scheme - ELSS
120503,Axis ELSS Tax Saver Fund - Direct Plan - Growth Option,02-05-2025,104.4724,Axis Mutual Fund,Equity Scheme - ELSS
120503,Axis ELSS Tax Saver Fund - Direct Plan - Growth Option,30-04-2025,104.6451,Axis Mutual Fund,Equity Scheme - ELSS
120503,Axis ELSS Tax Saver Fund - Direct Plan - Growth Option,29-04-2025,104.8552,Axis Mutual Fund,Equity Scheme - ELSS
120503,Axis ELSS Tax Saver Fund - Direct Plan - Growth Option,28-04-2025,104.9692,Axis Mutual Fund,Equity Scheme - ELSS
120503,Axis ELSS Tax Saver Fund - Direct Plan - Growth Option,25-04-2025,104.075,Axis Mutual Fund,Equity Scheme - ELSS
120503,Axis ELSS Tax Saver Fund - Direct Plan - Growth Option,24-04-2025,105.5627,Axis Mutual Fund,Equity Scheme - ELSS
120503,Axis ELSS Tax Saver Fund - Direct Plan - Growth Option,23-04-2025,105.8792,Axis Mutual Fund,Equity Scheme - ELSS
120503,Axis ELSS Tax Saver Fund - Direct Plan - Growth Option,22-04-2025,105.2172,Axis Mutual Fund,Equity Scheme - ELSS
120503,Axis ELSS Tax Saver Fund - Direct Plan - Growth Option,21-04-2025,104.8758,Axis Mutual Fund,Equity Scheme - ELSS
120503,Axis ELSS Tax Saver Fund - Direct Plan - Growth Option,17-04-2025,103.6475,Axis Mutual Fund,Equity Scheme - ELSS
120503,Axis ELSS Tax Saver Fund - Direct Plan - Growth Option,16-04-2025,102.318,Axis Mutual Fund,Equity Scheme - ELSS
120503,Axis ELSS Tax Saver Fund - Direct Plan - Growth Option,15-04-2025,101.8933,Axis Mutual Fund,Equity Scheme - ELSS
120503,Axis ELSS Tax Saver Fund - Direct Plan - Growth Option,11-04-2025,99.4468,Axis Mutual Fund,Equity Scheme - ELSS
120503,Axis ELSS Tax Saver Fund - Direct Plan - Growth Option,09-04-2025,97.7243,Axis Mutual Fund,Equity Scheme - ELSS
120503,Axis ELSS Tax Saver Fund - Direct Plan - Growth Option,08-04-2025,98.1202,Axis Mutual Fund,Equity Scheme - ELSS
120503,Axis ELSS Tax Saver Fund - Direct Plan - Growth Option,07-04-2025,96.4224,Axis Mutual Fund,Equity Scheme - ELSS
120503,Axis ELSS Tax Saver Fund - Direct Plan - Growth Option,04-04-2025,99.3327,Axis Mutual Fund,Equity Scheme - ELSS
120503,Axis ELSS Tax Saver Fund - Direct Plan - Growth Option,03-04-2025,100.777,Axis Mutual Fund,Equity Scheme - ELSS
120503,Axis ELSS Tax Saver Fund - Direct Plan - Growth Option,02-04-2025,101.0307,Axis Mutual Fund,Equity Scheme - ELSS
120503,Axis ELSS Tax Saver Fund - Direct Plan - Growth Option,01-04-2025,100.0834,Axis Mutual Fund,Equity Scheme - ELSS
120503,Axis ELSS Tax Saver Fund - Direct Plan - Growth Option,31-03-2025,101.5097,Axis Mutual Fund,Equity Scheme - ELSS
120503,Axis ELSS Tax Saver Fund - Direct Plan - Growth Option,28-03-2025,101.5135,Axis Mutual Fund,Equity Scheme - ELSS
120503,Axis ELSS Tax Saver Fund - Direct Plan - Growth Option,27-03-2025,101.9948,Axis Mutual Fund,Equity Scheme - ELSS
120503,Axis ELSS Tax Saver Fund - Direct Plan - Growth Option,26-03-2025,101.5005,Axis Mutual Fund,Equity Scheme - ELSS
120503,Axis ELSS Tax Saver Fund - Direct Plan - Growth Option,25-03-2025,102.1034,Axis Mutual Fund,Equity Scheme - ELSS
120503,Axis ELSS Tax Saver Fund - Direct Plan - Growth Option,24-03-2025,102.5148,Axis Mutual Fund,Equity Scheme - ELSS
120503,Axis ELSS Tax Saver Fund - Direct Plan - Growth Option,21-03-2025,101.6223,Axis Mutual Fund,Equity Scheme - ELSS
120503,Axis ELSS Tax Saver Fund - Direct Plan - Growth Option,20-03-2025,100.6482,Axis Mutual Fund,Equity Scheme - ELSS
120503,Axis ELSS Tax Saver Fund - Direct Plan - Growth Option,19-03-2025,99.6691,Axis Mutual Fund,Equity Scheme - ELSS
120503,Axis ELSS Tax Saver Fund - Direct Plan - Growth Option,18-03-2025,98.7757,Axis Mutual Fund,Equity Scheme - ELSS
120503,Axis ELSS Tax Saver Fund - Direct Plan - Growth Option,17-03-2025,96.9284,Axis Mutual Fund,Equity Scheme - ELSS
120503,Axis ELSS Tax Saver Fund - Direct Plan - Growth Option,13-03-2025,96.1511,Axis Mutual Fund,Equity Scheme - ELSS
120503,Axis ELSS Tax Saver Fund - Direct Plan - Growth Option,12-03-2025,96.5719,Axis Mutual Fund,Equity Scheme - ELSS
120503,Axis ELSS Tax Saver Fund - Direct Plan - Growth Option,11-03-2025,96.6916,Axis Mutual Fund,Equity Scheme - ELSS
120503,Axis ELSS Tax Saver Fund - Direct Plan - Growth Option,10-03-2025,96.3467,Axis Mutual Fund,Equity Scheme - ELSS
120503,Axis ELSS Tax Saver Fund - Direct Plan - Growth Option,07-03-2025,97.102,Axis Mutual Fund,Equity Scheme - ELSS
120503,Axis ELSS Tax Saver Fund - Direct Plan - Growth Option,06-03-2025,97.2896,Axis Mutual Fund,Equity Scheme - ELSS
120503,Axis ELSS Tax Saver Fund - Direct Plan - Growth Option,05-03-2025,96.6508,Axis Mutual Fund,Equity Scheme - ELSS
120503,Axis ELSS Tax Saver Fund - Direct Plan - Growth Option,04-03-2025,95.5268,Axis Mutual Fund,Equity Scheme - ELSS
120503,Axis ELSS Tax Saver Fund - Direct Plan - Growth Option,03-03-2025,95.4362,Axis Mutual Fund,Equity Scheme - ELSS
120503,Axis ELSS Tax Saver Fund - Direct Plan - Growth Option,28-02-2025,94.9501,Axis Mutual Fund,Equity Scheme - ELSS
120503,Axis ELSS Tax Saver Fund - Direct Plan - Growth Option,27-02-2025,96.8975,Axis Mutual Fund,Equity Scheme - ELSS
120503,Axis ELSS Tax Saver Fund - Direct Plan - Growth Option,25-02-2025,97.3105,Axis Mutual Fund,Equity Scheme - ELSS
120503,Axis ELSS Tax Saver Fund - Direct Plan - Growth Option,24-02-2025,97.2366,Axis Mutual Fund,Equity Scheme - ELSS
120503,Axis ELSS Tax Saver Fund - Direct Plan - Growth Option,21-02-2025,98.1576,Axis Mutual Fund,Equity Scheme - ELSS
120503,Axis ELSS Tax Saver Fund - Direct Plan - Growth Option,20-02-2025,98.9287,Axis Mutual Fund,Equity Scheme - ELSS
120503,Axis ELSS Tax Saver Fund - Direct Plan - Growth Option,19-02-2025,98.672,Axis Mutual Fund,Equity Scheme - ELSS
120503,Axis ELSS Tax Saver Fund - Direct Plan - Growth Option,18-02-2025,98.3192,Axis Mutual Fund,Equity Scheme - ELSS
120503,Axis ELSS Tax Saver Fund - Direct Plan - Growth Option,17-02-2025,98.3385,Axis Mutual Fund,Equity Scheme - ELSS
120503,Axis ELSS Tax Saver Fund - Direct Plan - Growth Option,14-02-2025,98.4378,Axis Mutual Fund,Equity Scheme - ELSS
120503,Axis ELSS Tax Saver Fund - Direct Plan - Growth Option,13-02-2025,99.6044,Axis Mutual Fund,Equity Scheme - ELSS
120503,Axis ELSS Tax Saver Fund - Direct Plan - Growth Option,12-02-2025,99.4579,Axis Mutual Fund,Equity Scheme - ELSS
120503,Axis ELSS Tax Saver Fund - Direct Plan - Growth Option,11-02-2025,99.5049,Axis Mutual Fund,Equity Scheme - ELSS
120503,Axis ELSS Tax Saver Fund - Direct Plan - Growth Option,10-02-2025,101.4198,Axis Mutual Fund,Equity Scheme - ELSS
120503,Axis ELSS Tax Saver Fund - Direct Plan - Growth Option,07-02-2025,102.7818,Axis Mutual Fund,Equity Scheme - ELSS
120503,Axis ELSS Tax Saver Fund - Direct Plan - Growth Option,06-02-2025,102.6583,Axis Mutual Fund,Equity Scheme - ELSS
120503,Axis ELSS Tax Saver Fund - Direct Plan - Growth Option,05-02-2025,103.119,Axis Mutual Fund,Equity Scheme - ELSS
120503,Axis ELSS Tax Saver Fund - Direct Plan - Growth Option,04-02-2025,103.0829,Axis Mutual Fund,Equity Scheme - ELSS
120503,Axis ELSS Tax Saver Fund - Direct Plan - Growth Option,03-02-2025,101.8419,Axis Mutual Fund,Equity Scheme - ELSS
120503,Axis ELSS Tax Saver Fund - Direct Plan - Growth Option,31-01-2025,101.3764,Axis Mutual Fund,Equity Scheme - ELSS
120503,Axis ELSS Tax Saver Fund - Direct Plan - Growth Option,30-01-2025,100.5817,Axis Mutual Fund,Equity Scheme - ELSS
120503,Axis ELSS Tax Saver Fund - Direct Plan - Growth Option,29-01-2025,100.3048,Axis Mutual Fund,Equity Scheme - ELSS
120503,Axis ELSS Tax Saver Fund - Direct Plan - Growth Option,28-01-2025,98.499,Axis Mutual Fund,Equity Scheme - ELSS
120503,Axis ELSS Tax Saver Fund - Direct Plan - Growth Option,27-01-2025,98.2629,Axis Mutual Fund,Equity Scheme - ELSS
120503,Axis ELSS Tax Saver Fund - Direct Plan - Growth Option,24-01-2025,99.8878,Axis Mutual Fund,Equity Scheme - ELSS
120503,Axis ELSS Tax Saver Fund - Direct Plan - Growth Option,23-01-2025,100.7177,Axis Mutual Fund,Equity Scheme - ELSS
120503,Axis ELSS Tax Saver Fund - Direct Plan - Growth Option,22-01-2025,99.589,Axis Mutual Fund,Equity Scheme - ELSS
120503,Axis ELSS Tax Saver Fund - Direct Plan - Growth Option,21-01-2025,99.7482,Axis Mutual Fund,Equity Scheme - ELSS
120503,Axis ELSS Tax Saver Fund - Direct Plan - Growth Option,20-01-2025,101.7412,Axis Mutual Fund,Equity Scheme - ELSS
120503,Axis ELSS Tax Saver Fund - Direct Plan - Growth Option,17-01-2025,101.1868,Axis Mutual Fund,Equity Scheme - ELSS
120503,Axis ELSS Tax Saver Fund - Direct Plan - Growth Option,16-01-2025,101.4904,Axis Mutual Fund,Equity Scheme - ELSS
120503,Axis ELSS Tax Saver Fund - Direct Plan - Growth Option,15-01-2025,100.6352,Axis Mutual Fund,Equity Scheme - ELSS
120503,Axis ELSS Tax Saver Fund - Direct Plan - Growth Option,14-01-2025,100.491,Axis Mutual Fund,Equity Scheme - ELSS
120503,Axis ELSS Tax Saver Fund - Direct Plan - Growth Option,13-01-2025,99.3562,Axis Mutual Fund,Equity Scheme - ELSS
120503,Axis ELSS Tax Saver Fund - Direct Plan - Growth Option,10-01-2025,102.1012,Axis Mutual Fund,Equity Scheme - ELSS
120503,Axis ELSS Tax Saver Fund - Direct Plan - Growth Option,09-01-2025,103.1098,Axis Mutual Fund,Equity Scheme - ELSS
120503,Axis ELSS Tax Saver Fund - Direct Plan - Growth Option,08-01-2025,103.8402,Axis Mutual Fund,Equity Scheme - ELSS
120503,Axis ELSS Tax Saver Fund - Direct Plan - Growth Option,07-01-2025,104.7743,Axis Mutual Fund,Equity Scheme - ELSS
120503,Axis ELSS Tax Saver Fund - Direct Plan - Growth Option,06-01-2025,104.6558,Axis Mutual Fund,Equity Scheme - ELSS
120503,Axis ELSS Tax Saver Fund - Direct Plan - Growth Option,03-01-2025,106.6103,Axis Mutual Fund,Equity Scheme - ELSS
120503,Axis ELSS Tax Saver Fund - Direct Plan - Growth Option,02-01-2025,107.1106,Axis Mutual Fund,Equity Scheme - ELSS
120503,Axis ELSS Tax Saver Fund - Direct Plan - Growth Option,01-01-2025,105.2098,Axis Mutual Fund,Equity Scheme - ELSS
120503,Axis ELSS Tax Saver Fund - Direct Plan - Growth Option,31-12-2024,104.8418,Axis Mutual Fund,Equity Scheme - ELSS
120503,Axis ELSS Tax Saver Fund - Direct Plan - Growth Option,30-12-2024,104.8623,Axis Mutual Fund,Equity Scheme - ELSS
120503,Axis ELSS Tax Saver Fund - Direct Plan - Growth Option,27-12-2024,105.0556,Axis Mutual Fund,Equity Scheme - ELSS
120503,Axis ELSS Tax Saver Fund - Direct Plan - Growth Option,26-12-2024,104.9719,Axis Mutual Fund,Equity Scheme - ELSS
120503,Axis ELSS Tax Saver Fund - Direct Plan - Growth Option,24-12-2024,104.7647,Axis Mutual Fund,Equity Scheme - ELSS
120503,Axis ELSS Tax Saver Fund - Direct Plan - Growth Option,23-12-2024,104.9395,Axis Mutual Fund,Equity Scheme - ELSS
120503,Axis ELSS Tax Saver Fund - Direct Plan - Growth Option,20-12-2024,104.3714,Axis Mutual Fund,Equity Scheme - ELSS
120503,Axis ELSS Tax Saver Fund - Direct Plan - Growth Option,19-12-2024,106.5383,Axis Mutual Fund,Equity Scheme - ELSS
120503,Axis ELSS Tax Saver Fund - Direct Plan - Growth Option,18-12-2024,107.2865,Axis Mutual Fund,Equity Scheme - ELSS
120503,Axis ELSS Tax Saver Fund - Direct Plan - Growth Option,17-12-2024,107.6416,Axis Mutual Fund,Equity Scheme - ELSS
120503,Axis ELSS Tax Saver Fund - Direct Plan - Growth Option,16-12-2024,108.7447,Axis Mutual Fund,Equity Scheme - ELSS
120503,Axis ELSS Tax Saver Fund - Direct Plan - Growth Option,13-12-2024,108.8347,Axis Mutual Fund,Equity Scheme - ELSS
120503,Axis ELSS Tax Saver Fund - Direct Plan - Growth Option,12-12-2024,108.5429,Axis Mutual Fund,Equity Scheme - ELSS
120503,Axis ELSS Tax Saver Fund - Direct Plan - Growth Option,11-12-2024,108.7957,Axis Mutual Fund,Equity Scheme - ELSS
120503,Axis ELSS Tax Saver Fund - Direct Plan - Growth Option,10-12-2024,108.5727,Axis Mutual Fund,Equity Scheme - ELSS
120503,Axis ELSS Tax Saver Fund - Direct Plan - Growth Option,09-12-2024,108.3583,Axis Mutual Fund,Equity Scheme - ELSS
120503,Axis ELSS Tax Saver Fund - Direct Plan - Growth Option,06-12-2024,108.4356,Axis Mutual Fund,Equity Scheme - ELSS
120503,Axis ELSS Tax Saver Fund - Direct Plan - Growth Option,05-12-2024,108.3787,Axis Mutual Fund,Equity Scheme - ELSS
120503,Axis ELSS Tax Saver Fund - Direct Plan - Growth Option,04-12-2024,107.6559,Axis Mutual Fund,Equity Scheme - ELSS
120503,Axis ELSS Tax Saver Fund - Direct Plan - Growth Option,03-12-2024,107.207,Axis Mutual Fund,Equity Scheme - ELSS
120503,Axis ELSS Tax Saver Fund - Direct Plan - Growth Option,02-12-2024,106.339,Axis Mutual Fund,Equity Scheme - ELSS
120503,Axis ELSS Tax Saver Fund - Direct Plan - Growth Option,30-11-2024,105.2243,Axis Mutual Fund,Equity Scheme - ELSS
120503,Axis ELSS Tax Saver Fund - Direct Plan - Growth Option,29-11-2024,105.2259,Axis Mutual Fund,Equity Scheme - ELSS
120503,Axis ELSS Tax Saver Fund - Direct Plan - Growth Option,28-11-2024,104.5539,Axis Mutual Fund,Equity Scheme - ELSS
120503,Axis ELSS Tax Saver Fund - Direct Plan - Growth Option,27-11-2024,105.5935,Axis Mutual Fund,Equity Scheme - ELSS
120503,Axis ELSS Tax Saver Fund - Direct Plan - Growth Option,26-11-2024,105.3089,Axis Mutual Fund,Equity Scheme - ELSS
120503,Axis ELSS Tax Saver Fund - Direct Plan - Growth Option,25-11-2024,105.6098,Axis Mutual Fund,Equity Scheme - ELSS
120503,Axis ELSS Tax Saver Fund - Direct Plan - Growth Option,22-11-2024,104.0153,Axis Mutual Fund,Equity Scheme - ELSS
120503,Axis ELSS Tax Saver Fund - Direct Plan - Growth Option,21-11-2024,102.6084,Axis Mutual Fund,Equity Scheme - ELSS
120503,Axis ELSS Tax Saver Fund - Direct Plan - Growth Option,19-11-2024,102.9426,Axis Mutual Fund,Equity Scheme - ELSS
120503,Axis ELSS Tax Saver Fund - Direct Plan - Growth Option,18-11-2024,102.287,Axis Mutual Fund,Equity Scheme - ELSS
120503,Axis ELSS Tax Saver Fund - Direct Plan - Growth Option,14-11-2024,102.3533,Axis Mutual Fund,Equity Scheme - ELSS
120503,Axis ELSS Tax Saver Fund - Direct Plan - Growth Option,13-11-2024,102.2523,Axis Mutual Fund,Equity Scheme - ELSS
120503,Axis ELSS Tax Saver Fund - Direct Plan - Growth Option,12-11-2024,104.013,Axis Mutual Fund,Equity Scheme - ELSS
120503,Axis ELSS Tax Saver Fund - Direct Plan - Growth Option,11-11-2024,105.1594,Axis Mutual Fund,Equity Scheme - ELSS
120503,Axis ELSS Tax Saver Fund - Direct Plan - Growth Option,08-11-2024,105.3856,Axis Mutual Fund,Equity Scheme - ELSS
120503,Axis ELSS Tax Saver Fund - Direct Plan - Growth Option,07-11-2024,105.9354,Axis Mutual Fund,Equity Scheme - ELSS
120503,Axis ELSS Tax Saver Fund - Direct Plan - Growth Option,06-11-2024,106.7263,Axis Mutual Fund,Equity Scheme - ELSS
120503,Axis ELSS Tax Saver Fund - Direct Plan - Growth Option,05-11-2024,104.9973,Axis Mutual Fund,Equity Scheme - ELSS
120503,Axis ELSS Tax Saver Fund - Direct Plan - Growth Option,04-11-2024,104.8151,Axis Mutual Fund,Equity Scheme - ELSS
120503,Axis ELSS Tax Saver Fund - Direct Plan - Growth Option,31-10-2024,105.222,Axis Mutual Fund,Equity Scheme - ELSS
120503,Axis ELSS Tax Saver Fund - Direct Plan - Growth Option,30-10-2024,105.6041,Axis Mutual Fund,Equity Scheme - ELSS
120503,Axis ELSS Tax Saver Fund - Direct Plan - Growth Option,29-10-2024,105.9613,Axis Mutual Fund,Equity Scheme - ELSS
120503,Axis ELSS Tax Saver Fund - Direct Plan - Growth Option,28-10-2024,105.3964,Axis Mutual Fund,Equity Scheme - ELSS
120503,Axis ELSS Tax Saver Fund - Direct Plan - Growth Option,25-10-2024,105.8433,Axis Mutual Fund,Equity Scheme - ELSS
120503,Axis ELSS Tax Saver Fund - Direct Plan - Growth Option,24-10-2024,106.5309,Axis Mutual Fund,Equity Scheme - ELSS
120503,Axis ELSS Tax Saver Fund - Direct Plan - Growth Option,23-10-2024,106.768,Axis Mutual Fund,Equity Scheme - ELSS
120503,Axis ELSS Tax Saver Fund - Direct Plan - Growth Option,22-10-2024,106.4297,Axis Mutual Fund,Equity Scheme - ELSS
120503,Axis ELSS Tax Saver Fund - Direct Plan - Growth Option,21-10-2024,108.0928,Axis Mutual Fund,Equity Scheme - ELSS
120503,Axis ELSS Tax Saver Fund - Direct Plan - Growth Option,18-10-2024,108.7862,Axis Mutual Fund,Equity Scheme - ELSS
120503,Axis ELSS Tax Saver Fund - Direct Plan - Growth Option,17-10-2024,108.5302,Axis Mutual Fund,Equity Scheme - ELSS
120503,Axis ELSS Tax Saver Fund - Direct Plan - Growth Option,16-10-2024,110.0784,Axis Mutual Fund,Equity Scheme - ELSS
120503,Axis ELSS Tax Saver Fund - Direct Plan - Growth Option,15-10-2024,110.569,Axis Mutual Fund,Equity Scheme - ELSS
120503,Axis ELSS Tax Saver Fund - Direct Plan - Growth Option,14-10-2024,110.681,Axis Mutual Fund,Equity Scheme - ELSS
120503,Axis ELSS Tax Saver Fund - Direct Plan - Growth Option,11-10-2024,110.2456,Axis Mutual Fund,Equity Scheme - ELSS
120503,Axis ELSS Tax Saver Fund - Direct Plan - Growth Option,10-10-2024,110.2257,Axis Mutual Fund,Equity Scheme - ELSS
120503,Axis ELSS Tax Saver Fund - Direct Plan - Growth Option,09-10-2024,110.5143,Axis Mutual Fund,Equity Scheme - ELSS
120503,Axis ELSS Tax Saver Fund - Direct Plan - Growth Option,08-10-2024,109.2294,Axis Mutual Fund,Equity Scheme - ELSS
120503,Axis ELSS Tax Saver Fund - Direct Plan - Growth Option,07-10-2024,107.8549,Axis Mutual Fund,Equity Scheme - ELSS
120503,Axis ELSS Tax Saver Fund - Direct Plan - Growth Option,04-10-2024,109.2162,Axis Mutual Fund,Equity Scheme - ELSS
120503,Axis ELSS Tax Saver Fund - Direct Plan - Growth Option,03-10-2024,110.1986,Axis Mutual Fund,Equity Scheme - ELSS
120503,Axis ELSS Tax Saver Fund - Direct Plan - Growth Option,01-10-2024,112.3285,Axis Mutual Fund,Equity Scheme - ELSS
120503,Axis ELSS Tax Saver Fund - Direct Plan - Growth Option,30-09-2024,112.3338,Axis Mutual Fund,Equity Scheme - ELSS
120503,Axis ELSS Tax Saver Fund - Direct Plan - Growth Option,27-09-2024,113.6083,Axis Mutual Fund,Equity Scheme - ELSS
120503,Axis ELSS Tax Saver Fund - Direct Plan - Growth Option,26-09-2024,113.6849,Axis Mutual Fund,Equity Scheme - ELSS
120503,Axis ELSS Tax Saver Fund - Direct Plan - Growth Option,25-09-2024,113.1368,Axis Mutual Fund,Equity Scheme - ELSS
120503,Axis ELSS Tax Saver Fund - Direct Plan - Growth Option,24-09-2024,113.5942,Axis Mutual Fund,Equity Scheme - ELSS
120503,Axis ELSS Tax Saver Fund - Direct Plan - Growth Option,23-09-2024,113.547,Axis Mutual Fund,Equity Scheme - ELSS
120503,Axis ELSS Tax Saver Fund - Direct Plan - Growth Option,20-09-2024,112.7908,Axis Mutual Fund,Equity Scheme - ELSS
120503,Axis ELSS Tax Saver Fund - Direct Plan - Growth Option,19-09-2024,111.1788,Axis Mutual Fund,Equity Scheme - ELSS
120503,Axis ELSS Tax Saver Fund - Direct Plan - Growth Option,18-09-2024,111.2418,Axis Mutual Fund,Equity Scheme - ELSS
120503,Axis ELSS Tax Saver Fund - Direct Plan - Growth Option,17-09-2024,110.9778,Axis Mutual Fund,Equity Scheme - ELSS
120503,Axis ELSS Tax Saver Fund - Direct Plan - Growth Option,16-09-2024,110.7179,Axis Mutual Fund,Equity Scheme - ELSS
120503,Axis ELSS Tax Saver Fund - Direct Plan - Growth Option,13-09-2024,110.5442,Axis Mutual Fund,Equity Scheme - ELSS
120503,Axis ELSS Tax Saver Fund - Direct Plan - Growth Option,12-09-2024,110.5163,Axis Mutual Fund,Equity Scheme - ELSS
120503,Axis ELSS Tax Saver Fund - Direct Plan - Growth Option,11-09-2024,108.7761,Axis Mutual Fund,Equity Scheme - ELSS
120503,Axis ELSS Tax Saver Fund - Direct Plan - Growth Option,10-09-2024,108.8255,Axis Mutual Fund,Equity Scheme - ELSS
120503,Axis ELSS Tax Saver Fund - Direct Plan - Growth Option,09-09-2024,108.295,Axis Mutual Fund,Equity Scheme - ELSS
120503,Axis ELSS Tax Saver Fund - Direct Plan - Growth Option,06-09-2024,108.1266,Axis Mutual Fund,Equity Scheme - ELSS
120503,Axis ELSS Tax Saver Fund - Direct Plan - Growth Option,05-09-2024,108.8654,Axis Mutual Fund,Equity Scheme - ELSS
120503,Axis ELSS Tax Saver Fund - Direct Plan - Growth Option,04-09-2024,108.8874,Axis Mutual Fund,Equity Scheme - ELSS
120503,Axis ELSS Tax Saver Fund - Direct Plan - Growth Option,03-09-2024,108.8271,Axis Mutual Fund,Equity Scheme - ELSS
120503,Axis ELSS Tax Saver Fund - Direct Plan - Growth Option,02-09-2024,108.9623,Axis Mutual Fund,Equity Scheme - ELSS
120503,Axis ELSS Tax Saver Fund - Direct Plan - Growth Option,31-08-2024,108.8172,Axis Mutual Fund,Equity Scheme - ELSS
120503,Axis ELSS Tax Saver Fund - Direct Plan - Growth Option,30-08-2024,108.8193,Axis Mutual Fund,Equity Scheme - ELSS
120503,Axis ELSS Tax Saver Fund - Direct Plan - Growth Option,29-08-2024,107.8731,Axis Mutual Fund,Equity Scheme - ELSS
120503,Axis ELSS Tax Saver Fund - Direct Plan - Growth Option,28-08-2024,107.8057,Axis Mutual Fund,Equity Scheme - ELSS
120503,Axis ELSS Tax Saver Fund - Direct Plan - Growth Option,27-08-2024,107.7123,Axis Mutual Fund,Equity Scheme - ELSS
120503,Axis ELSS Tax Saver Fund - Direct Plan - Growth Option,26-08-2024,107.2803,Axis Mutual Fund,Equity Scheme - ELSS
120503,Axis ELSS Tax Saver Fund - Direct Plan - Growth Option,23-08-2024,106.6293,Axis Mutual Fund,Equity Scheme - ELSS
120503,Axis ELSS Tax Saver Fund - Direct Plan - Growth Option,22-08-2024,106.7491,Axis Mutual Fund,Equity Scheme - ELSS
120503,Axis ELSS Tax Saver Fund - Direct Plan - Growth Option,21-08-2024,106.4116,Axis Mutual Fund,Equity Scheme - ELSS
120503,Axis ELSS Tax Saver Fund - Direct Plan - Growth Option,20-08-2024,106.4228,Axis Mutual Fund,Equity Scheme - ELSS
120503,Axis ELSS Tax Saver Fund - Direct Plan - Growth Option,19-08-2024,105.1849,Axis Mutual Fund,Equity Scheme - ELSS
120503,Axis ELSS Tax Saver Fund - Direct Plan - Growth Option,16-08-2024,105.3212,Axis Mutual Fund,Equity Scheme - ELSS
120503,Axis ELSS Tax Saver Fund - Direct Plan - Growth Option,14-08-2024,103.5686,Axis Mutual Fund,Equity Scheme - ELSS
120503,Axis ELSS Tax Saver Fund - Direct Plan - Growth Option,13-08-2024,103.6796,Axis Mutual Fund,Equity Scheme - ELSS
120503,Axis ELSS Tax Saver Fund - Direct Plan - Growth Option,12-08-2024,104.7072,Axis Mutual Fund,Equity Scheme - ELSS
120503,Axis ELSS Tax Saver Fund - Direct Plan - Growth Option,09-08-2024,105.1196,Axis Mutual Fund,Equity Scheme - ELSS
120503,Axis ELSS Tax Saver Fund - Direct Plan - Growth Option,08-08-2024,104.0397,Axis Mutual Fund,Equity Scheme - ELSS
120503,Axis ELSS Tax Saver Fund - Direct Plan - Growth Option,07-08-2024,104.7231,Axis Mutual Fund,Equity Scheme - ELSS
120503,Axis ELSS Tax Saver Fund - Direct Plan - Growth Option,06-08-2024,102.7567,Axis Mutual Fund,Equity Scheme - ELSS
120503,Axis ELSS Tax Saver Fund - Direct Plan - Growth Option,05-08-2024,103.3697,Axis Mutual Fund,Equity Scheme - ELSS
120503,Axis ELSS Tax Saver Fund - Direct Plan - Growth Option,02-08-2024,106.2855,Axis Mutual Fund,Equity Scheme - ELSS
120503,Axis ELSS Tax Saver Fund - Direct Plan - Growth Option,01-08-2024,106.8677,Axis Mutual Fund,Equity Scheme - ELSS
120503,Axis ELSS Tax Saver Fund - Direct Plan - Growth Option,31-07-2024,107.2541,Axis Mutual Fund,Equity Scheme - ELSS
120503,Axis ELSS Tax Saver Fund - Direct Plan - Growth Option,30-07-2024,106.1309,Axis Mutual Fund,Equity Scheme - ELSS
120503,Axis ELSS Tax Saver Fund - Direct Plan - Growth Option,29-07-2024,106.152,Axis Mutual Fund,Equity Scheme - ELSS
120503,Axis ELSS Tax Saver Fund - Direct Plan - Growth Option,26-07-2024,105.5663,Axis Mutual Fund,Equity Scheme - ELSS
120503,Axis ELSS Tax Saver Fund - Direct Plan - Growth Option,25-07-2024,103.9297,Axis Mutual Fund,Equity Scheme - ELSS
120503,Axis ELSS Tax Saver Fund - Direct Plan - Growth Option,24-07-2024,103.5237,Axis Mutual Fund,Equity Scheme - ELSS
120503,Axis ELSS Tax Saver Fund - Direct Plan - Growth Option,23-07-2024,103.4111,Axis Mutual Fund,Equity Scheme - ELSS
120503,Axis ELSS Tax Saver Fund - Direct Plan - Growth Option,22-07-2024,103.7408,Axis Mutual Fund,Equity Scheme - ELSS
120503,Axis ELSS Tax Saver Fund - Direct Plan - Growth Option,19-07-2024,103.1529,Axis Mutual Fund,Equity Scheme - ELSS
120503,Axis ELSS Tax Saver Fund - Direct Plan - Growth Option,18-07-2024,104.7371,Axis Mutual Fund,Equity Scheme - ELSS
120503,Axis ELSS Tax Saver Fund - Direct Plan - Growth Option,16-07-2024,104.2689,Axis Mutual Fund,Equity Scheme - ELSS
120503,Axis ELSS Tax Saver Fund - Direct Plan - Growth Option,15-07-2024,104.2503,Axis Mutual Fund,Equity Scheme - ELSS
120503,Axis ELSS Tax Saver Fund - Direct Plan - Growth Option,12-07-2024,103.8648,Axis Mutual Fund,Equity Scheme - ELSS
120503,Axis ELSS Tax Saver Fund - Direct Plan - Growth Option,11-07-2024,103.391,Axis Mutual Fund,Equity Scheme - ELSS
120503,Axis ELSS Tax Saver Fund - Direct Plan - Growth Option,10-07-2024,103.6139,Axis Mutual Fund,Equity Scheme - ELSS
120503,Axis ELSS Tax Saver Fund - Direct Plan - Growth Option,09-07-2024,103.826,Axis Mutual Fund,Equity Scheme - ELSS
120503,Axis ELSS Tax Saver Fund - Direct Plan - Growth Option,08-07-2024,103.2534,Axis Mutual Fund,Equity Scheme - ELSS
120503,Axis ELSS Tax Saver Fund - Direct Plan - Growth Option,05-07-2024,103.8188,Axis Mutual Fund,Equity Scheme - ELSS
120503,Axis ELSS Tax Saver Fund - Direct Plan - Growth Option,04-07-2024,103.5511,Axis Mutual Fund,Equity Scheme - ELSS
120503,Axis ELSS Tax Saver Fund - Direct Plan - Growth Option,03-07-2024,103.5393,Axis Mutual Fund,Equity Scheme - ELSS
120503,Axis ELSS Tax Saver Fund - Direct Plan - Growth Option,02-07-2024,102.868,Axis Mutual Fund,Equity Scheme - ELSS
120503,Axis ELSS Tax Saver Fund - Direct Plan - Growth Option,01-07-2024,103.1944,Axis Mutual Fund,Equity Scheme - ELSS
120503,Axis ELSS Tax Saver Fund - Direct Plan - Growth Option,28-06-2024,102.6191,Axis Mutual Fund,Equity Scheme - ELSS
120503,Axis ELSS Tax Saver Fund - Direct Plan - Growth Option,27-06-2024,103.0033,Axis Mutual Fund,Equity Scheme - ELSS
120503,Axis ELSS Tax Saver Fund - Direct Plan - Growth Option,26-06-2024,102.4418,Axis Mutual Fund,Equity Scheme - ELSS
120503,Axis ELSS Tax Saver Fund - Direct Plan - Growth Option,25-06-2024,102.2506,Axis Mutual Fund,Equity Scheme - ELSS
120503,Axis ELSS Tax Saver Fund - Direct Plan - Growth Option,24-06-2024,101.9085,Axis Mutual Fund,Equity Scheme - ELSS
120503,Axis ELSS Tax Saver Fund - Direct Plan - Growth Option,21-06-2024,101.2079,Axis Mutual Fund,Equity Scheme - ELSS
120503,Axis ELSS Tax Saver Fund - Direct Plan - Growth Option,20-06-2024,101.8546,Axis Mutual Fund,Equity Scheme - ELSS
120503,Axis ELSS Tax Saver Fund - Direct Plan - Growth Option,19-06-2024,101.7992,Axis Mutual Fund,Equity Scheme - ELSS
120503,Axis ELSS Tax Saver Fund - Direct Plan - Growth Option,18-06-2024,102.2403,Axis Mutual Fund,Equity Scheme - ELSS
120503,Axis ELSS Tax Saver Fund - Direct Plan - Growth Option,14-06-2024,101.7146,Axis Mutual Fund,Equity Scheme - ELSS
120503,Axis ELSS Tax Saver Fund - Direct Plan - Growth Option,13-06-2024,101.0481,Axis Mutual Fund,Equity Scheme - ELSS
120503,Axis ELSS Tax Saver Fund - Direct Plan - Growth Option,12-06-2024,100.2724,Axis Mutual Fund,Equity Scheme - ELSS
120503,Axis ELSS Tax Saver Fund - Direct Plan - Growth Option,11-06-2024,99.8719,Axis Mutual Fund,Equity Scheme - ELSS
120503,Axis ELSS Tax Saver Fund - Direct Plan - Growth Option,10-06-2024,99.7429,Axis Mutual Fund,Equity Scheme - ELSS
120503,Axis ELSS Tax Saver Fund - Direct Plan - Growth Option,07-06-2024,99.5188,Axis Mutual Fund,Equity Scheme - ELSS
120503,Axis ELSS Tax Saver Fund - Direct Plan - Growth Option,06-06-2024,97.7973,Axis Mutual Fund,Equity Scheme - ELSS
120503,Axis ELSS Tax Saver Fund - Direct Plan - Growth Option,05-06-2024,97.1538,Axis Mutual Fund,Equity Scheme - ELSS
120503,Axis ELSS Tax Saver Fund - Direct Plan - Growth Option,04-06-2024,93.8529,Axis Mutual Fund,Equity Scheme - ELSS
120503,Axis ELSS Tax Saver Fund - Direct Plan - Growth Option,03-06-2024,97.572,Axis Mutual Fund,Equity Scheme - ELSS
120503,Axis ELSS Tax Saver Fund - Direct Plan - Growth Option,31-05-2024,95.3435,Axis Mutual Fund,Equity Scheme - ELSS
120503,Axis ELSS Tax Saver Fund - Direct Plan - Growth Option,30-05-2024,95.26,Axis Mutual Fund,Equity Scheme - ELSS
120503,Axis ELSS Tax Saver Fund - Direct Plan - Growth Option,29-05-2024,96.422,Axis Mutual Fund,Equity Scheme - ELSS
120503,Axis ELSS Tax Saver Fund - Direct Plan - Growth Option,28-05-2024,96.9662,Axis Mutual Fund,Equity Scheme - ELSS
120503,Axis ELSS Tax Saver Fund - Direct Plan - Growth Option,27-05-2024,97.2496,Axis Mutual Fund,Equity Scheme - ELSS
120503,Axis ELSS Tax Saver Fund - Direct Plan - Growth Option,24-05-2024,97.1641,Axis Mutual Fund,Equity Scheme - ELSS
120503,Axis ELSS Tax Saver Fund - Direct Plan - Growth Option,23-05-2024,97.6268,Axis Mutual Fund,Equity Scheme - ELSS
120503,Axis ELSS Tax Saver Fund - Direct Plan - Growth Option,22-05-2024,96.6311,Axis Mutual Fund,Equity Scheme - ELSS
120503,Axis ELSS Tax Saver Fund - Direct Plan - Growth Option,21-05-2024,96.6377,Axis Mutual Fund,Equity Scheme - ELSS
120503,Axis ELSS Tax Saver Fund - Direct Plan - Growth Option,17-05-2024,96.5667,Axis Mutual Fund,Equity Scheme - ELSS
120503,Axis ELSS Tax Saver Fund - Direct Plan - Growth Option,16-05-2024,95.8039,Axis Mutual Fund,Equity Scheme - ELSS
120503,Axis ELSS Tax Saver Fund - Direct Plan - Growth Option,15-05-2024,95.3403,Axis Mutual Fund,Equity Scheme - ELSS
120503,Axis ELSS Tax Saver Fund - Direct Plan - Growth Option,14-05-2024,95.0867,Axis Mutual Fund,Equity Scheme - ELSS
120503,Axis ELSS Tax Saver Fund - Direct Plan - Growth Option,13-05-2024,94.9181,Axis Mutual Fund,Equity Scheme - ELSS
120503,Axis ELSS Tax Saver Fund - Direct Plan - Growth Option,10-05-2024,94.944,Axis Mutual Fund,Equity Scheme - ELSS
120503,Axis ELSS Tax Saver Fund - Direct Plan - Growth Option,09-05-2024,94.1648,Axis Mutual Fund,Equity Scheme - ELSS
120503,Axis ELSS Tax Saver Fund - Direct Plan - Growth Option,08-05-2024,95.1781,Axis Mutual Fund,Equity Scheme - ELSS
120503,Axis ELSS Tax Saver Fund - Direct Plan - Growth Option,07-05-2024,95.2615,Axis Mutual Fund,Equity Scheme - ELSS
120503,Axis ELSS Tax Saver Fund - Direct Plan - Growth Option,06-05-2024,96.1226,Axis Mutual Fund,Equity Scheme - ELSS
120503,Axis ELSS Tax Saver Fund - Direct Plan - Growth Option,03-05-2024,96.2268,Axis Mutual Fund,Equity Scheme - ELSS
120503,Axis ELSS Tax Saver Fund - Direct Plan - Growth Option,02-05-2024,96.6825,Axis Mutual Fund,Equity Scheme - ELSS
120503,Axis ELSS Tax Saver Fund - Direct Plan - Growth Option,30-04-2024,96.3277,Axis Mutual Fund,Equity Scheme - ELSS
120503,Axis ELSS Tax Saver Fund - Direct Plan - Growth Option,29-04-2024,96.2744,Axis Mutual Fund,Equity Scheme - ELSS
120503,Axis ELSS Tax Saver Fund - Direct Plan - Growth Option,26-04-2024,95.5204,Axis Mutual Fund,Equity Scheme - ELSS
120503,Axis ELSS Tax Saver Fund - Direct Plan - Growth Option,25-04-2024,96.2399,Axis Mutual Fund,Equity Scheme - ELSS
120503,Axis ELSS Tax Saver Fund - Direct Plan - Growth Option,24-04-2024,96.3725,Axis Mutual Fund,Equity Scheme - ELSS
120503,Axis ELSS Tax Saver Fund - Direct Plan - Growth Option,23-04-2024,95.9438,Axis Mutual Fund,Equity Scheme - ELSS
120503,Axis ELSS Tax Saver Fund - Direct Plan - Growth Option,22-04-2024,95.5704,Axis Mutual Fund,Equity Scheme - ELSS
120503,Axis ELSS Tax Saver Fund - Direct Plan - Growth Option,19-04-2024,95.0403,Axis Mutual Fund,Equity Scheme - ELSS
120503,Axis ELSS Tax Saver Fund - Direct Plan - Growth Option,18-04-2024,94.7785,Axis Mutual Fund,Equity Scheme - ELSS
120503,Axis ELSS Tax Saver Fund - Direct Plan - Growth Option,16-04-2024,95.2528,Axis Mutual Fund,Equity Scheme - ELSS
120503,Axis ELSS Tax Saver Fund - Direct Plan - Growth Option,15-04-2024,95.7903,Axis Mutual Fund,Equity Scheme - ELSS
120503,Axis ELSS Tax Saver Fund - Direct Plan - Growth Option,12-04-2024,97.352,Axis Mutual Fund,Equity Scheme - ELSS
120503,Axis ELSS Tax Saver Fund - Direct Plan - Growth Option,10-04-2024,97.6149,Axis Mutual Fund,Equity Scheme - ELSS
120503,Axis ELSS Tax Saver Fund - Direct Plan - Growth Option,09-04-2024,97.5888,Axis Mutual Fund,Equity Scheme - ELSS
120503,Axis ELSS Tax Saver Fund - Direct Plan - Growth Option,08-04-2024,97.5362,Axis Mutual Fund,Equity Scheme - ELSS
120503,Axis ELSS Tax Saver Fund - Direct Plan - Growth Option,05-04-2024,96.6215,Axis Mutual Fund,Equity Scheme - ELSS
120503,Axis ELSS Tax Saver Fund - Direct Plan - Growth Option,04-04-2024,96.4476,Axis Mutual Fund,Equity Scheme - ELSS
120503,Axis ELSS Tax Saver Fund - Direct Plan - Growth Option,03-04-2024,95.9101,Axis Mutual Fund,Equity Scheme - ELSS
120503,Axis ELSS Tax Saver Fund - Direct Plan - Growth Option,02-04-2024,95.7608,Axis Mutual Fund,Equity Scheme - ELSS
120503,Axis ELSS Tax Saver Fund - Direct Plan - Growth Option,01-04-2024,95.504,Axis Mutual Fund,Equity Scheme - ELSS
120503,Axis ELSS Tax Saver Fund - Direct Plan - Growth Option,31-03-2024,94.7314,Axis Mutual Fund,Equity Scheme - ELSS
120503,Axis ELSS Tax Saver Fund - Direct Plan - Growth Option,28-03-2024,94.7358,Axis Mutual Fund,Equity Scheme - ELSS
120503,Axis ELSS Tax Saver Fund - Direct Plan - Growth Option,27-03-2024,93.9876,Axis Mutual Fund,Equity Scheme - ELSS
120503,Axis ELSS Tax Saver Fund - Direct Plan - Growth Option,26-03-2024,93.5808,Axis Mutual Fund,Equity Scheme - ELSS
120503,Axis ELSS Tax Saver Fund - Direct Plan - Growth Option,22-03-2024,92.3497,Axis Mutual Fund,Equity Scheme - ELSS
120503,Axis ELSS Tax Saver Fund - Direct Plan - Growth Option,21-03-2024,91.6362,Axis Mutual Fund,Equity Scheme - ELSS
120503,Axis ELSS Tax Saver Fund - Direct Plan - Growth Option,20-03-2024,90.1357,Axis Mutual Fund,Equity Scheme - ELSS
120503,Axis ELSS Tax Saver Fund - Direct Plan - Growth Option,19-03-2024,90.1635,Axis Mutual Fund,Equity Scheme - ELSS
120503,Axis ELSS Tax Saver Fund - Direct Plan - Growth Option,18-03-2024,90.5286,Axis Mutual Fund,Equity Scheme - ELSS
120503,Axis ELSS Tax Saver Fund - Direct Plan - Growth Option,15-03-2024,90.1664,Axis Mutual Fund,Equity Scheme - ELSS
120503,Axis ELSS Tax Saver Fund - Direct Plan - Growth Option,14-03-2024,90.2709,Axis Mutual Fund,Equity Scheme - ELSS
120503,Axis ELSS Tax Saver Fund - Direct Plan - Growth Option,13-03-2024,89.3397,Axis Mutual Fund,Equity Scheme - ELSS
120503,Axis ELSS Tax Saver Fund - Direct Plan - Growth Option,12-03-2024,91.1882,Axis Mutual Fund,Equity Scheme - ELSS
120503,Axis ELSS Tax Saver Fund - Direct Plan - Growth Option,11-03-2024,91.2347,Axis Mutual Fund,Equity Scheme - ELSS
120503,Axis ELSS Tax Saver Fund - Direct Plan - Growth Option,07-03-2024,90.9543,Axis Mutual Fund,Equity Scheme - ELSS
120503,Axis ELSS Tax Saver Fund - Direct Plan - Growth Option,06-03-2024,90.5435,Axis Mutual Fund,Equity Scheme - ELSS
120503,Axis ELSS Tax Saver Fund - Direct Plan - Growth Option,05-03-2024,90.0501,Axis Mutual Fund,Equity Scheme - ELSS
120503,Axis ELSS Tax Saver Fund - Direct Plan - Growth Option,04-03-2024,90.746,Axis Mutual Fund,Equity Scheme - ELSS
120503,Axis ELSS Tax Saver Fund - Direct Plan - Growth Option,01-03-2024,90.8589,Axis Mutual Fund,Equity Scheme - ELSS
120503,Axis ELSS Tax Saver Fund - Direct Plan - Growth Option,29-02-2024,89.9973,Axis Mutual Fund,Equity Scheme - ELSS
120503,Axis ELSS Tax Saver Fund - Direct Plan - Growth Option,28-02-2024,89.799,Axis Mutual Fund,Equity Scheme - ELSS
120503,Axis ELSS Tax Saver Fund - Direct Plan - Growth Option,27-02-2024,90.9648,Axis Mutual Fund,Equity Scheme - ELSS
120503,Axis ELSS Tax Saver Fund - Direct Plan - Growth Option,26-02-2024,90.4475,Axis Mutual Fund,Equity Scheme - ELSS
120503,Axis ELSS Tax Saver Fund - Direct Plan - Growth Option,23-02-2024,91.0211,Axis Mutual Fund,Equity Scheme - ELSS
120503,Axis ELSS Tax Saver Fund - Direct Plan - Growth Option,22-02-2024,90.5233,Axis Mutual Fund,Equity Scheme - ELSS
120503,Axis ELSS Tax Saver Fund - Direct Plan - Growth Option,21-02-2024,89.9277,Axis Mutual Fund,Equity Scheme - ELSS
120503,Axis ELSS Tax Saver Fund - Direct Plan - Growth Option,20-02-2024,90.5408,Axis Mutual Fund,Equity Scheme - ELSS
120503,Axis ELSS Tax Saver Fund - Direct Plan - Growth Option,19-02-2024,90.4864,Axis Mutual Fund,Equity Scheme - ELSS
120503,Axis ELSS Tax Saver Fund - Direct Plan - Growth Option,16-02-2024,89.9501,Axis Mutual Fund,Equity Scheme - ELSS
120503,Axis ELSS Tax Saver Fund - Direct Plan - Growth Option,15-02-2024,89.2836,Axis Mutual Fund,Equity Scheme - ELSS
120503,Axis ELSS Tax Saver Fund - Direct Plan - Growth Option,14-02-2024,88.6018,Axis Mutual Fund,Equity Scheme - ELSS
120503,Axis ELSS Tax Saver Fund - Direct Plan - Growth Option,13-02-2024,88.5891,Axis Mutual Fund,Equity Scheme - ELSS
120503,Axis ELSS Tax Saver Fund - Direct Plan - Growth Option,12-02-2024,88.4978,Axis Mutual Fund,Equity Scheme - ELSS
120503,Axis ELSS Tax Saver Fund - Direct Plan - Growth Option,09-02-2024,88.9904,Axis Mutual Fund,Equity Scheme - ELSS
120503,Axis ELSS Tax Saver Fund - Direct Plan - Growth Option,08-02-2024,88.8906,Axis Mutual Fund,Equity Scheme - ELSS
120503,Axis ELSS Tax Saver Fund - Direct Plan - Growth Option,07-02-2024,89.1219,Axis Mutual Fund,Equity Scheme - ELSS
120503,Axis ELSS Tax Saver Fund - Direct Plan - Growth Option,06-02-2024,88.8898,Axis Mutual Fund,Equity Scheme - ELSS
120503,Axis ELSS Tax Saver Fund - Direct Plan - Growth Option,05-02-2024,87.9175,Axis Mutual Fund,Equity Scheme - ELSS
120503,Axis ELSS Tax Saver Fund - Direct Plan - Growth Option,02-02-2024,88.0783,Axis Mutual Fund,Equity Scheme - ELSS
120503,Axis ELSS Tax Saver Fund - Direct Plan - Growth Option,01-02-2024,87.5274,Axis Mutual Fund,Equity Scheme - ELSS
120503,Axis ELSS Tax Saver Fund - Direct Plan - Growth Option,31-01-2024,87.6883,Axis Mutual Fund,Equity Scheme - ELSS
120503,Axis ELSS Tax Saver Fund - Direct Plan - Growth Option,30-01-2024,86.7464,Axis Mutual Fund,Equity Scheme - ELSS
120503,Axis ELSS Tax Saver Fund - Direct Plan - Growth Option,29-01-2024,87.625,Axis Mutual Fund,Equity Scheme - ELSS
120503,Axis ELSS Tax Saver Fund - Direct Plan - Growth Option,25-01-2024,86.7929,Axis Mutual Fund,Equity Scheme - ELSS
120503,Axis ELSS Tax Saver Fund - Direct Plan - Growth Option,24-01-2024,87.1611,Axis Mutual Fund,Equity Scheme - ELSS
120503,Axis ELSS Tax Saver Fund - Direct Plan - Growth Option,23-01-2024,86.1726,Axis Mutual Fund,Equity Scheme - ELSS
120503,Axis ELSS Tax Saver Fund - Direct Plan - Growth Option,19-01-2024,87.7628,Axis Mutual Fund,Equity Scheme - ELSS
120503,Axis ELSS Tax Saver Fund - Direct Plan - Growth Option,18-01-2024,87.3317,Axis Mutual Fund,Equity Scheme - ELSS
120503,Axis ELSS Tax Saver Fund - Direct Plan - Growth Option,17-01-2024,87.7973,Axis Mutual Fund,Equity Scheme - ELSS
120503,Axis ELSS Tax Saver Fund - Direct Plan - Growth Option,16-01-2024,89.0802,Axis Mutual Fund,Equity Scheme - ELSS
120503,Axis ELSS Tax Saver Fund - Direct Plan - Growth Option,15-01-2024,89.4426,Axis Mutual Fund,Equity Scheme - ELSS
120503,Axis ELSS Tax Saver Fund - Direct Plan - Growth Option,12-01-2024,89.2661,Axis Mutual Fund,Equity Scheme - ELSS
120503,Axis ELSS Tax Saver Fund - Direct Plan - Growth Option,11-01-2024,88.8697,Axis Mutual Fund,Equity Scheme - ELSS
120503,Axis ELSS Tax Saver Fund - Direct Plan - Growth Option,10-01-2024,88.6949,Axis Mutual Fund,Equity Scheme - ELSS
120503,Axis ELSS Tax Saver Fund - Direct Plan - Growth Option,09-01-2024,88.7379,Axis Mutual Fund,Equity Scheme - ELSS
120503,Axis ELSS Tax Saver Fund - Direct Plan - Growth Option,08-01-2024,88.4806,Axis Mutual Fund,Equity Scheme - ELSS
120503,Axis ELSS Tax Saver Fund - Direct Plan - Growth Option,05-01-2024,89.3931,Axis Mutual Fund,Equity Scheme - ELSS
120503,Axis ELSS Tax Saver Fund - Direct Plan - Growth Option,04-01-2024,89.3141,Axis Mutual Fund,Equity Scheme - ELSS
120503,Axis ELSS Tax Saver Fund - Direct Plan - Growth Option,03-01-2024,88.276,Axis Mutual Fund,Equity Scheme - ELSS
120503,Axis ELSS Tax Saver Fund - Direct Plan - Growth Option,02-01-2024,88.7896,Axis Mutual Fund,Equity Scheme - ELSS
120503,Axis ELSS Tax Saver Fund - Direct Plan - Growth Option,01-01-2024,88.5872,Axis Mutual Fund,Equity Scheme - ELSS
120503,Axis ELSS Tax Saver Fund - Direct Plan - Growth Option,29-12-2023,88.6224,Axis Mutual Fund,Equity Scheme - ELSS
120503,Axis ELSS Tax Saver Fund - Direct Plan - Growth Option,28-12-2023,88.2002,Axis Mutual Fund,Equity Scheme - ELSS
120503,Axis ELSS Tax Saver Fund - Direct Plan - Growth Option,27-12-2023,87.8865,Axis Mutual Fund,Equity Scheme - ELSS
120503,Axis ELSS Tax Saver Fund - Direct Plan - Growth Option,26-12-2023,87.1531,Axis Mutual Fund,Equity Scheme - ELSS
120503,Axis ELSS Tax Saver Fund - Direct Plan - Growth Option,22-12-2023,86.9823,Axis Mutual Fund,Equity Scheme - ELSS
120503,Axis ELSS Tax Saver Fund - Direct Plan - Growth Option,21-12-2023,86.3297,Axis Mutual Fund,Equity Scheme - ELSS
120503,Axis ELSS Tax Saver Fund - Direct Plan - Growth Option,20-12-2023,85.8692,Axis Mutual Fund,Equity Scheme - ELSS
120503,Axis ELSS Tax Saver Fund - Direct Plan - Growth Option,19-12-2023,87.7026,Axis Mutual Fund,Equity Scheme - ELSS
120503,Axis ELSS Tax Saver Fund - Direct Plan - Growth Option,18-12-2023,87.7642,Axis Mutual Fund,Equity Scheme - ELSS
120503,Axis ELSS Tax Saver Fund - Direct Plan - Growth Option,15-12-2023,87.4489,Axis Mutual Fund,Equity Scheme - ELSS
120503,Axis ELSS Tax Saver Fund - Direct Plan - Growth Option,14-12-2023,86.9194,Axis Mutual Fund,Equity Scheme - ELSS
120503,Axis ELSS Tax Saver Fund - Direct Plan - Growth Option,13-12-2023,85.5812,Axis Mutual Fund,Equity Scheme - ELSS
120503,Axis ELSS Tax Saver Fund - Direct Plan - Growth Option,12-12-2023,85.7571,Axis Mutual Fund,Equity Scheme - ELSS
120503,Axis ELSS Tax Saver Fund - Direct Plan - Growth Option,11-12-2023,86.2758,Axis Mutual Fund,Equity Scheme - ELSS
120503,Axis ELSS Tax Saver Fund - Direct Plan - Growth Option,08-12-2023,85.9606,Axis Mutual Fund,Equity Scheme - ELSS
120503,Axis ELSS Tax Saver Fund - Direct Plan - Growth Option,07-12-2023,86.3885,Axis Mutual Fund,Equity Scheme - ELSS
120503,Axis ELSS Tax Saver Fund - Direct Plan - Growth Option,06-12-2023,86.0435,Axis Mutual Fund,Equity Scheme - ELSS
120503,Axis ELSS Tax Saver Fund - Direct Plan - Growth Option,05-12-2023,85.591,Axis Mutual Fund,Equity Scheme - ELSS
120503,Axis ELSS Tax Saver Fund - Direct Plan - Growth Option,04-12-2023,85.3715,Axis Mutual Fund,Equity Scheme - ELSS
120503,Axis ELSS Tax Saver Fund - Direct Plan - Growth Option,01-12-2023,84.5496,Axis Mutual Fund,Equity Scheme - ELSS
120503,Axis ELSS Tax Saver Fund - Direct Plan - Growth Option,30-11-2023,84.2614,Axis Mutual Fund,Equity Scheme - ELSS
120503,Axis ELSS Tax Saver Fund - Direct Plan - Growth Option,29-11-2023,83.5921,Axis Mutual Fund,Equity Scheme - ELSS
120503,Axis ELSS Tax Saver Fund - Direct Plan - Growth Option,28-11-2023,82.5944,Axis Mutual Fund,Equity Scheme - ELSS
120503,Axis ELSS Tax Saver Fund - Direct Plan - Growth Option,24-11-2023,82.1289,Axis Mutual Fund,Equity Scheme - ELSS
120503,Axis ELSS Tax Saver Fund - Direct Plan - Growth Option,23-11-2023,82.3248,Axis Mutual Fund,Equity Scheme - ELSS
120503,Axis ELSS Tax Saver Fund - Direct Plan - Growth Option,22-11-2023,82.7354,Axis Mutual Fund,Equity Scheme - ELSS
120503,Axis ELSS Tax Saver Fund - Direct Plan - Growth Option,21-11-2023,82.3562,Axis Mutual Fund,Equity Scheme - ELSS
120503,Axis ELSS Tax Saver Fund - Direct Plan - Growth Option,20-11-2023,82.2374,Axis Mutual Fund,Equity Scheme - ELSS
120503,Axis ELSS Tax Saver Fund - Direct Plan - Growth Option,17-11-2023,82.6567,Axis Mutual Fund,Equity Scheme - ELSS
120503,Axis ELSS Tax Saver Fund - Direct Plan - Growth Option,16-11-2023,82.5266,Axis Mutual Fund,Equity Scheme - ELSS
120503,Axis ELSS Tax Saver Fund - Direct Plan - Growth Option,15-11-2023,81.9033,Axis Mutual Fund,Equity Scheme - ELSS
120503,Axis ELSS Tax Saver Fund - Direct Plan - Growth Option,13-11-2023,81.1712,Axis Mutual Fund,Equity Scheme - ELSS
120503,Axis ELSS Tax Saver Fund - Direct Plan - Growth Option,10-11-2023,81.0978,Axis Mutual Fund,Equity Scheme - ELSS
120503,Axis ELSS Tax Saver Fund - Direct Plan - Growth Option,09-11-2023,80.9422,Axis Mutual Fund,Equity Scheme - ELSS
120503,Axis ELSS Tax Saver Fund - Direct Plan - Growth Option,08-11-2023,80.8372,Axis Mutual Fund,Equity Scheme - ELSS
120503,Axis ELSS Tax Saver Fund - Direct Plan - Growth Option,07-11-2023,80.4516,Axis Mutual Fund,Equity Scheme - ELSS
120503,Axis ELSS Tax Saver Fund - Direct Plan - Growth Option,06-11-2023,80.2539,Axis Mutual Fund,Equity Scheme - ELSS
120503,Axis ELSS Tax Saver Fund - Direct Plan - Growth Option,03-11-2023,79.4676,Axis Mutual Fund,Equity Scheme - ELSS
120503,Axis ELSS Tax Saver Fund - Direct Plan - Growth Option,02-11-2023,79.0811,Axis Mutual Fund,Equity Scheme - ELSS
120503,Axis ELSS Tax Saver Fund - Direct Plan - Growth Option,01-11-2023,78.4438,Axis Mutual Fund,Equity Scheme - ELSS
120503,Axis ELSS Tax Saver Fund - Direct Plan - Growth Option,31-10-2023,78.7876,Axis Mutual Fund,Equity Scheme - ELSS
120503,Axis ELSS Tax Saver Fund - Direct Plan - Growth Option,30-10-2023,78.6548,Axis Mutual Fund,Equity Scheme - ELSS
120503,Axis ELSS Tax Saver Fund - Direct Plan - Growth Option,27-10-2023,78.5618,Axis Mutual Fund,Equity Scheme - ELSS
120503,Axis ELSS Tax Saver Fund - Direct Plan - Growth Option,26-10-2023,77.8286,Axis Mutual Fund,Equity Scheme - ELSS
120503,Axis ELSS Tax Saver Fund - Direct Plan - Growth Option,25-10-2023,78.9728,Axis Mutual Fund,Equity Scheme - ELSS
120503,Axis ELSS Tax Saver Fund - Direct Plan - Growth Option,23-10-2023,79.3914,Axis Mutual Fund,Equity Scheme - ELSS
120503,Axis ELSS Tax Saver Fund - Direct Plan - Growth Option,20-10-2023,80.6656,Axis Mutual Fund,Equity Scheme - ELSS
120503,Axis ELSS Tax Saver Fund - Direct Plan - Growth Option,19-10-2023,80.7616,Axis Mutual Fund,Equity Scheme - ELSS
120503,Axis ELSS Tax Saver Fund - Direct Plan - Growth Option,18-10-2023,81.0883,Axis Mutual Fund,Equity Scheme - ELSS
120503,Axis ELSS Tax Saver Fund - Direct Plan - Growth Option,17-10-2023,81.6217,Axis Mutual Fund,Equity Scheme - ELSS
120503,Axis ELSS Tax Saver Fund - Direct Plan - Growth Option,16-10-2023,81.4291,Axis Mutual Fund,Equity Scheme - ELSS
120503,Axis ELSS Tax Saver Fund - Direct Plan - Growth Option,13-10-2023,81.8571,Axis Mutual Fund,Equity Scheme - ELSS
120503,Axis ELSS Tax Saver Fund - Direct Plan - Growth Option,12-10-2023,81.5568,Axis Mutual Fund,Equity Scheme - ELSS
120503,Axis ELSS Tax Saver Fund - Direct Plan - Growth Option,11-10-2023,81.9337,Axis Mutual Fund,Equity Scheme - ELSS
120503,Axis ELSS Tax Saver Fund - Direct Plan - Growth Option,10-10-2023,81.3312,Axis Mutual Fund,Equity Scheme - ELSS
120503,Axis ELSS Tax Saver Fund - Direct Plan - Growth Option,09-10-2023,80.6672,Axis Mutual Fund,Equity Scheme - ELSS
120503,Axis ELSS Tax Saver Fund - Direct Plan - Growth Option,06-10-2023,81.281,Axis Mutual Fund,Equity Scheme - ELSS
120503,Axis ELSS Tax Saver Fund - Direct Plan - Growth Option,05-10-2023,80.5885,Axis Mutual Fund,Equity Scheme - ELSS
120503,Axis ELSS Tax Saver Fund - Direct Plan - Growth Option,04-10-2023,80.1873,Axis Mutual Fund,Equity Scheme - ELSS
120503,Axis ELSS Tax Saver Fund - Direct Plan - Growth Option,03-10-2023,80.4898,Axis Mutual Fund,Equity Scheme - ELSS
120503,Axis ELSS Tax Saver Fund - Direct Plan - Growth Option,29-09-2023,80.2623,Axis Mutual Fund,Equity Scheme - ELSS
120503,Axis ELSS Tax Saver Fund - Direct Plan - Growth Option,27-09-2023,80.9407,Axis Mutual Fund,Equity Scheme - ELSS
120503,Axis ELSS Tax Saver Fund - Direct Plan - Growth Option,26-09-2023,80.8138,Axis Mutual Fund,Equity Scheme - ELSS
120503,Axis ELSS Tax Saver Fund - Direct Plan - Growth Option,25-09-2023,80.5412,Axis Mutual Fund,Equity Scheme - ELSS
120503,Axis ELSS Tax Saver Fund - Direct Plan - Growth Option,22-09-2023,80.1359,Axis Mutual Fund,Equity Scheme - ELSS
120503,Axis ELSS Tax Saver Fund - Direct Plan - Growth Option,21-09-2023,80.4578,Axis Mutual Fund,Equity Scheme - ELSS
120503,Axis ELSS Tax Saver Fund - Direct Plan - Growth Option,20-09-2023,81.0945,Axis Mutual Fund,Equity Scheme - ELSS
120503,Axis ELSS Tax Saver Fund - Direct Plan - Growth Option,18-09-2023,81.6682,Axis Mutual Fund,Equity Scheme - ELSS
120503,Axis ELSS Tax Saver Fund - Direct Plan - Growth Option,15-09-2023,81.6974,Axis Mutual Fund,Equity Scheme - ELSS
120503,Axis ELSS Tax Saver Fund - Direct Plan - Growth Option,14-09-2023,81.4094,Axis Mutual Fund,Equity Scheme - ELSS
120503,Axis ELSS Tax Saver Fund - Direct Plan - Growth Option,13-09-2023,80.88,Axis Mutual Fund,Equity Scheme - ELSS
120503,Axis ELSS Tax Saver Fund - Direct Plan - Growth Option,12-09-2023,80.9115,Axis Mutual Fund,Equity Scheme - ELSS
120503,Axis ELSS Tax Saver Fund - Direct Plan - Growth Option,11-09-2023,81.2572,Axis Mutual Fund,Equity Scheme - ELSS
120503,Axis ELSS Tax Saver Fund - Direct Plan - Growth Option,08-09-2023,80.6406,Axis Mutual Fund,Equity Scheme - ELSS
120503,Axis ELSS Tax Saver Fund - Direct Plan - Growth Option,07-09-2023,80.2445,Axis Mutual Fund,Equity Scheme - ELSS
120503,Axis ELSS Tax Saver Fund - Direct Plan - Growth Option,06-09-2023,79.9096,Axis Mutual Fund,Equity Scheme - ELSS
120503,Axis ELSS Tax Saver Fund - Direct Plan - Growth Option,05-09-2023,79.6322,Axis Mutual Fund,Equity Scheme - ELSS
120503,Axis ELSS Tax Saver Fund - Direct Plan - Growth Option,04-09-2023,79.2103,Axis Mutual Fund,Equity Scheme - ELSS
120503,Axis ELSS Tax Saver Fund - Direct Plan - Growth Option,01-09-2023,78.7931,Axis Mutual Fund,Equity Scheme - ELSS
120503,Axis ELSS Tax Saver Fund - Direct Plan - Growth Option,31-08-2023,78.33,Axis Mutual Fund,Equity Scheme - ELSS
120503,Axis ELSS Tax Saver Fund - Direct Plan - Growth Option,30-08-2023,78.8146,Axis Mutual Fund,Equity Scheme - ELSS
120503,Axis ELSS Tax Saver Fund - Direct Plan - Growth Option,29-08-2023,78.4579,Axis Mutual Fund,Equity Scheme - ELSS
120503,Axis ELSS Tax Saver Fund - Direct Plan - Growth Option,28-08-2023,77.9343,Axis Mutual Fund,Equity Scheme - ELSS
120503,Axis ELSS Tax Saver Fund - Direct Plan - Growth Option,25-08-2023,77.7906,Axis Mutual Fund,Equity Scheme - ELSS
120503,Axis ELSS Tax Saver Fund - Direct Plan - Growth Option,24-08-2023,77.9647,Axis Mutual Fund,Equity Scheme - ELSS
120503,Axis ELSS Tax Saver Fund - Direct Plan - Growth Option,23-08-2023,77.7681,Axis Mutual Fund,Equity Scheme - ELSS
120503,Axis ELSS Tax Saver Fund - Direct Plan - Growth Option,22-08-2023,77.6152,Axis Mutual Fund,Equity Scheme - ELSS
120503,Axis ELSS Tax Saver Fund - Direct Plan - Growth Option,21-08-2023,77.3089,Axis Mutual Fund,Equity Scheme - ELSS
120503,Axis ELSS Tax Saver Fund - Direct Plan - Growth Option,18-08-2023,76.6833,Axis Mutual Fund,Equity Scheme - ELSS
120503,Axis ELSS Tax Saver Fund - Direct Plan - Growth Option,17-08-2023,77.1435,Axis Mutual Fund,Equity Scheme - ELSS
120503,Axis ELSS Tax Saver Fund - Direct Plan - Growth Option,16-08-2023,77.5465,Axis Mutual Fund,Equity Scheme - ELSS
120503,Axis ELSS Tax Saver Fund - Direct Plan - Growth Option,14-08-2023,77.6284,Axis Mutual Fund,Equity Scheme - ELSS
120503,Axis ELSS Tax Saver Fund - Direct Plan - Growth Option,11-08-2023,78.0866,Axis Mutual Fund,Equity Scheme - ELSS
120503,Axis ELSS Tax Saver Fund - Direct Plan - Growth Option,10-08-2023,78.8457,Axis Mutual Fund,Equity Scheme - ELSS
120503,Axis ELSS Tax Saver Fund - Direct Plan - Growth Option,09-08-2023,79.1715,Axis Mutual Fund,Equity Scheme - ELSS
120503,Axis ELSS Tax Saver Fund - Direct Plan - Growth Option,08-08-2023,79.3359,Axis Mutual Fund,Equity Scheme - ELSS
120503,Axis ELSS Tax Saver Fund - Direct Plan - Growth Option,07-08-2023,79.6001,Axis Mutual Fund,Equity Scheme - ELSS
120503,Axis ELSS Tax Saver Fund - Direct Plan - Growth Option,04-08-2023,79.4055,Axis Mutual Fund,Equity Scheme - ELSS
120503,Axis ELSS Tax Saver Fund - Direct Plan - Growth Option,03-08-2023,78.6486,Axis Mutual Fund,Equity Scheme - ELSS
120503,Axis ELSS Tax Saver Fund - Direct Plan - Growth Option,02-08-2023,79.1648,Axis Mutual Fund,Equity Scheme - ELSS
120503,Axis ELSS Tax Saver Fund - Direct Plan - Growth Option,01-08-2023,79.8018,Axis Mutual Fund,Equity Scheme - ELSS
120503,Axis ELSS Tax Saver Fund - Direct Plan - Growth Option,31-07-2023,79.6969,Axis Mutual Fund,Equity Scheme - ELSS
120503,Axis ELSS Tax Saver Fund - Direct Plan - Growth Option,28-07-2023,79.5813,Axis Mutual Fund,Equity Scheme - ELSS
120503,Axis ELSS Tax Saver Fund - Direct Plan - Growth Option,27-07-2023,79.2279,Axis Mutual Fund,Equity Scheme - ELSS
120503,Axis ELSS Tax Saver Fund - Direct Plan - Growth Option,26-07-2023,79.7424,Axis Mutual Fund,Equity Scheme - ELSS
120503,Axis ELSS Tax Saver Fund - Direct Plan - Growth Option,25-07-2023,79.7352,Axis Mutual Fund,Equity Scheme - ELSS
120503,Axis ELSS Tax Saver Fund - Direct Plan - Growth Option,24-07-2023,79.672,Axis Mutual Fund,Equity Scheme - ELSS
120503,Axis ELSS Tax Saver Fund - Direct Plan - Growth Option,21-07-2023,79.9104,Axis Mutual Fund,Equity Scheme - ELSS
120503,Axis ELSS Tax Saver Fund - Direct Plan - Growth Option,20-07-2023,80.242,Axis Mutual Fund,Equity Scheme - ELSS
120503,Axis ELSS Tax Saver Fund - Direct Plan - Growth Option,19-07-2023,80.4138,Axis Mutual Fund,Equity Scheme - ELSS
120503,Axis ELSS Tax Saver Fund - Direct Plan - Growth Option,18-07-2023,79.8305,Axis Mutual Fund,Equity Scheme - ELSS
120503,Axis ELSS Tax Saver Fund - Direct Plan - Growth Option,17-07-2023,80.1899,Axis Mutual Fund,Equity Scheme - ELSS
120503,Axis ELSS Tax Saver Fund - Direct Plan - Growth Option,14-07-2023,80.2997,Axis Mutual Fund,Equity Scheme - ELSS
120503,Axis ELSS Tax Saver Fund - Direct Plan - Growth Option,13-07-2023,79.508,Axis Mutual Fund,Equity Scheme - ELSS
120503,Axis ELSS Tax Saver Fund - Direct Plan - Growth Option,12-07-2023,79.3202,Axis Mutual Fund,Equity Scheme - ELSS
120503,Axis ELSS Tax Saver Fund - Direct Plan - Growth Option,11-07-2023,79.1498,Axis Mutual Fund,Equity Scheme - ELSS
120503,Axis ELSS Tax Saver Fund - Direct Plan - Growth Option,10-07-2023,78.8891,Axis Mutual Fund,Equity Scheme - ELSS
120503,Axis ELSS Tax Saver Fund - Direct Plan - Growth Option,07-07-2023,79.6889,Axis Mutual Fund,Equity Scheme - ELSS
120503,Axis ELSS Tax Saver Fund - Direct Plan - Growth Option,06-07-2023,80.3788,Axis Mutual Fund,Equity Scheme - ELSS
120503,Axis ELSS Tax Saver Fund - Direct Plan - Growth Option,05-07-2023,79.9962,Axis Mutual Fund,Equity Scheme - ELSS
120503,Axis ELSS Tax Saver Fund - Direct Plan - Growth Option,04-07-2023,79.7879,Axis Mutual Fund,Equity Scheme - ELSS
120503,Axis ELSS Tax Saver Fund - Direct Plan - Growth Option,03-07-2023,79.1417,Axis Mutual Fund,Equity Scheme - ELSS
120503,Axis ELSS Tax Saver Fund - Direct Plan - Growth Option,30-06-2023,79.0815,Axis Mutual Fund,Equity Scheme - ELSS
120503,Axis ELSS Tax Saver Fund - Direct Plan - Growth Option,28-06-2023,78.6424,Axis Mutual Fund,Equity Scheme - ELSS
120503,Axis ELSS Tax Saver Fund - Direct Plan - Growth Option,27-06-2023,78.1501,Axis Mutual Fund,Equity Scheme - ELSS
120503,Axis ELSS Tax Saver Fund - Direct Plan - Growth Option,26-06-2023,77.8,Axis Mutual Fund,Equity Scheme - ELSS
120503,Axis ELSS Tax Saver Fund - Direct Plan - Growth Option,23-06-2023,77.6483,Axis Mutual Fund,Equity Scheme - ELSS
120503,Axis ELSS Tax Saver Fund - Direct Plan - Growth Option,22-06-2023,78.3375,Axis Mutual Fund,Equity Scheme - ELSS
120503,Axis ELSS Tax Saver Fund - Direct Plan - Growth Option,21-06-2023,79.2999,Axis Mutual Fund,Equity Scheme - ELSS
120503,Axis ELSS Tax Saver Fund - Direct Plan - Growth Option,20-06-2023,79.259,Axis Mutual Fund,Equity Scheme - ELSS
120503,Axis ELSS Tax Saver Fund - Direct Plan - Growth Option,19-06-2023,79.3349,Axis Mutual Fund,Equity Scheme - ELSS
120503,Axis ELSS Tax Saver Fund - Direct Plan - Growth Option,16-06-2023,79.3826,Axis Mutual Fund,Equity Scheme - ELSS
120503,Axis ELSS Tax Saver Fund - Direct Plan - Growth Option,15-06-2023,78.5273,Axis Mutual Fund,Equity Scheme - ELSS
120503,Axis ELSS Tax Saver Fund - Direct Plan - Growth Option,14-06-2023,77.9651,Axis Mutual Fund,Equity Scheme - ELSS
120503,Axis ELSS Tax Saver Fund - Direct Plan - Growth Option,13-06-2023,77.9565,Axis Mutual Fund,Equity Scheme - ELSS
120503,Axis ELSS Tax Saver Fund - Direct Plan - Growth Option,12-06-2023,77.4286,Axis Mutual Fund,Equity Scheme - ELSS
120503,Axis ELSS Tax Saver Fund - Direct Plan - Growth Option,09-06-2023,76.9204,Axis Mutual Fund,Equity Scheme - ELSS
120503,Axis ELSS Tax Saver Fund - Direct Plan - Growth Option,08-06-2023,76.8357,Axis Mutual Fund,Equity Scheme - ELSS
120503,Axis ELSS Tax Saver Fund - Direct Plan - Growth Option,07-06-2023,77.6009,Axis Mutual Fund,Equity Scheme - ELSS
120503,Axis ELSS Tax Saver Fund - Direct Plan - Growth Option,06-06-2023,76.5604,Axis Mutual Fund,Equity Scheme - ELSS
120503,Axis ELSS Tax Saver Fund - Direct Plan - Growth Option,05-06-2023,76.1444,Axis Mutual Fund,Equity Scheme - ELSS
120503,Axis ELSS Tax Saver Fund - Direct Plan - Growth Option,02-06-2023,76.1186,Axis Mutual Fund,Equity Scheme - ELSS
120503,Axis ELSS Tax Saver Fund - Direct Plan - Growth Option,01-06-2023,75.9464,Axis Mutual Fund,Equity Scheme - ELSS
120503,Axis ELSS Tax Saver Fund - Direct Plan - Growth Option,31-05-2023,75.5768,Axis Mutual Fund,Equity Scheme - ELSS
120503,Axis ELSS Tax Saver Fund - Direct Plan - Growth Option,30-05-2023,75.6253,Axis Mutual Fund,Equity Scheme - ELSS
120503,Axis ELSS Tax Saver Fund - Direct Plan - Growth Option,29-05-2023,75.5785,Axis Mutual Fund,Equity Scheme - ELSS
120503,Axis ELSS Tax Saver Fund - Direct Plan - Growth Option,26-05-2023,75.2549,Axis Mutual Fund,Equity Scheme - ELSS
120503,Axis ELSS Tax Saver Fund - Direct Plan - Growth Option,25-05-2023,74.2147,Axis Mutual Fund,Equity Scheme - ELSS
120503,Axis ELSS Tax Saver Fund - Direct Plan - Growth Option,24-05-2023,73.9094,Axis Mutual Fund,Equity Scheme - ELSS
120503,Axis ELSS Tax Saver Fund - Direct Plan - Growth Option,23-05-2023,74.1111,Axis Mutual Fund,Equity Scheme - ELSS
120503,Axis ELSS Tax Saver Fund - Direct Plan - Growth Option,22-05-2023,73.7622,Axis Mutual Fund,Equity Scheme - ELSS
120503,Axis ELSS Tax Saver Fund - Direct Plan - Growth Option,19-05-2023,73.2915,Axis Mutual Fund,Equity Scheme - ELSS
120503,Axis ELSS Tax Saver Fund - Direct Plan - Growth Option,18-05-2023,73.0567,Axis Mutual Fund,Equity Scheme - ELSS
120503,Axis ELSS Tax Saver Fund - Direct Plan - Growth Option,17-05-2023,73.2558,Axis Mutual Fund,Equity Scheme - ELSS
120503,Axis ELSS Tax Saver Fund - Direct Plan - Growth Option,16-05-2023,73.873,Axis Mutual Fund,Equity Scheme - ELSS
120503,Axis ELSS Tax Saver Fund - Direct Plan - Growth Option,15-05-2023,73.9206,Axis Mutual Fund,Equity Scheme - ELSS
120503,Axis ELSS Tax Saver Fund - Direct Plan - Growth Option,12-05-2023,74.2078,Axis Mutual Fund,Equity Scheme - ELSS
120503,Axis ELSS Tax Saver Fund - Direct Plan - Growth Option,11-05-2023,74.2638,Axis Mutual Fund,Equity Scheme - ELSS
120503,Axis ELSS Tax Saver Fund - Direct Plan - Growth Option,10-05-2023,74.1124,Axis Mutual Fund,Equity Scheme - ELSS
120503,Axis ELSS Tax Saver Fund - Direct Plan - Growth Option,09-05-2023,73.7085,Axis Mutual Fund,Equity Scheme - ELSS
120503,Axis ELSS Tax Saver Fund - Direct Plan - Growth Option,08-05-2023,73.7065,Axis Mutual Fund,Equity Scheme - ELSS
120503,Axis ELSS Tax Saver Fund - Direct Plan - Growth Option,05-05-2023,72.7981,Axis Mutual Fund,Equity Scheme - ELSS
120503,Axis ELSS Tax Saver Fund - Direct Plan - Growth Option,04-05-2023,72.9185,Axis Mutual Fund,Equity Scheme - ELSS
120503,Axis ELSS Tax Saver Fund - Direct Plan - Growth Option,03-05-2023,72.0198,Axis Mutual Fund,Equity Scheme - ELSS
120503,Axis ELSS Tax Saver Fund - Direct Plan - Growth Option,02-05-2023,71.9451,Axis Mutual Fund,Equity Scheme - ELSS
120503,Axis ELSS Tax Saver Fund - Direct Plan - Growth Option,28-04-2023,71.9798,Axis Mutual Fund,Equity Scheme - ELSS
120503,Axis ELSS Tax Saver Fund - Direct Plan - Growth Option,27-04-2023,70.8328,Axis Mutual Fund,Equity Scheme - ELSS
120503,Axis ELSS Tax Saver Fund - Direct Plan - Growth Option,26-04-2023,70.2651,Axis Mutual Fund,Equity Scheme - ELSS
120503,Axis ELSS Tax Saver Fund - Direct Plan - Growth Option,25-04-2023,70.2622,Axis Mutual Fund,Equity Scheme - ELSS
120503,Axis ELSS Tax Saver Fund - Direct Plan - Growth Option,24-04-2023,70.1351,Axis Mutual Fund,Equity Scheme - ELSS
120503,Axis ELSS Tax Saver Fund - Direct Plan - Growth Option,21-04-2023,70.0472,Axis Mutual Fund,Equity Scheme - ELSS
120503,Axis ELSS Tax Saver Fund - Direct Plan - Growth Option,20-04-2023,69.884,Axis Mutual Fund,Equity Scheme - ELSS
120503,Axis ELSS Tax Saver Fund - Direct Plan - Growth Option,19-04-2023,70.0991,Axis Mutual Fund,Equity Scheme - ELSS
120503,Axis ELSS Tax Saver Fund - Direct Plan - Growth Option,18-04-2023,70.2852,Axis Mutual Fund,Equity Scheme - ELSS
120503,Axis ELSS Tax Saver Fund - Direct Plan - Growth Option,17-04-2023,69.9252,Axis Mutual Fund,Equity Scheme - ELSS
120503,Axis ELSS Tax Saver Fund - Direct Plan - Growth Option,13-04-2023,70.0008,Axis Mutual Fund,Equity Scheme - ELSS
120503,Axis ELSS Tax Saver Fund - Direct Plan - Growth Option,12-04-2023,69.8881,Axis Mutual Fund,Equity Scheme - ELSS
120503,Axis ELSS Tax Saver Fund - Direct Plan - Growth Option,11-04-2023,69.4778,Axis Mutual Fund,Equity Scheme - ELSS
120503,Axis ELSS Tax Saver Fund - Direct Plan - Growth Option,10-04-2023,68.8753,Axis Mutual Fund,Equity Scheme - ELSS
120503,Axis ELSS Tax Saver Fund - Direct Plan - Growth Option,06-04-2023,69.073,Axis Mutual Fund,Equity Scheme - ELSS
120503,Axis ELSS Tax Saver Fund - Direct Plan - Growth Option,05-04-2023,68.808,Axis Mutual Fund,Equity Scheme - ELSS
120503,Axis ELSS Tax Saver Fund - Direct Plan - Growth Option,03-04-2023,68.1351,Axis Mutual Fund,Equity Scheme - ELSS
120503,Axis ELSS Tax Saver Fund - Direct Plan - Growth Option,31-03-2023,67.5488,Axis Mutual Fund,Equity Scheme - ELSS
120503,Axis ELSS Tax Saver Fund - Direct Plan - Growth Option,29-03-2023,66.7265,Axis Mutual Fund,Equity Scheme - ELSS
120503,Axis ELSS Tax Saver Fund - Direct Plan - Growth Option,28-03-2023,65.9999,Axis Mutual Fund,Equity Scheme - ELSS
120503,Axis ELSS Tax Saver Fund - Direct Plan - Growth Option,27-03-2023,66.0237,Axis Mutual Fund,Equity Scheme - ELSS
120503,Axis ELSS Tax Saver Fund - Direct Plan - Growth Option,24-03-2023,66.2364,Axis Mutual Fund,Equity Scheme - ELSS
120503,Axis ELSS Tax Saver Fund - Direct Plan - Growth Option,23-03-2023,66.7888,Axis Mutual Fund,Equity Scheme - ELSS
120503,Axis ELSS Tax Saver Fund - Direct Plan - Growth Option,22-03-2023,66.8934,Axis Mutual Fund,Equity Scheme - ELSS
120503,Axis ELSS Tax Saver Fund - Direct Plan - Growth Option,21-03-2023,66.5076,Axis Mutual Fund,Equity Scheme - ELSS
120503,Axis ELSS Tax Saver Fund - Direct Plan - Growth Option,20-03-2023,66.3291,Axis Mutual Fund,Equity Scheme - ELSS
120503,Axis ELSS Tax Saver Fund - Direct Plan - Growth Option,17-03-2023,66.8784,Axis Mutual Fund,Equity Scheme - ELSS
120503,Axis ELSS Tax Saver Fund - Direct Plan - Growth Option,16-03-2023,66.6861,Axis Mutual Fund,Equity Scheme - ELSS
120503,Axis ELSS Tax Saver Fund - Direct Plan - Growth Option,15-03-2023,66.4041,Axis Mutual Fund,Equity Scheme - ELSS
120503,Axis ELSS Tax Saver Fund - Direct Plan - Growth Option,14-03-2023,66.4865,Axis Mutual Fund,Equity Scheme - ELSS
120503,Axis ELSS Tax Saver Fund - Direct Plan - Growth Option,13-03-2023,67.0393,Axis Mutual Fund,Equity Scheme - ELSS
120503,Axis ELSS Tax Saver Fund - Direct Plan - Growth Option,10-03-2023,67.9665,Axis Mutual Fund,Equity Scheme - ELSS
120503,Axis ELSS Tax Saver Fund - Direct Plan - Growth Option,09-03-2023,68.4496,Axis Mutual Fund,Equity Scheme - ELSS
120503,Axis ELSS Tax Saver Fund - Direct Plan - Growth Option,08-03-2023,69.0308,Axis Mutual Fund,Equity Scheme - ELSS
120503,Axis ELSS Tax Saver Fund - Direct Plan - Growth Option,06-03-2023,69.1585,Axis Mutual Fund,Equity Scheme - ELSS
120503,Axis ELSS Tax Saver Fund - Direct Plan - Growth Option,03-03-2023,68.7209,Axis Mutual Fund,Equity Scheme - ELSS
120503,Axis ELSS Tax Saver Fund - Direct Plan - Growth Option,02-03-2023,68.5425,Axis Mutual Fund,Equity Scheme - ELSS
120503,Axis ELSS Tax Saver Fund - Direct Plan - Growth Option,01-03-2023,68.9211,Axis Mutual Fund,Equity Scheme - ELSS
120503,Axis ELSS Tax Saver Fund - Direct Plan - Growth Option,28-02-2023,68.3805,Axis Mutual Fund,Equity Scheme - ELSS
120503,Axis ELSS Tax Saver Fund - Direct Plan - Growth Option,27-02-2023,68.4824,Axis Mutual Fund,Equity Scheme - ELSS
120503,Axis ELSS Tax Saver Fund - Direct Plan - Growth Option,24-02-2023,68.7126,Axis Mutual Fund,Equity Scheme - ELSS
120503,Axis ELSS Tax Saver Fund - Direct Plan - Growth Option,23-02-2023,68.7063,Axis Mutual Fund,Equity Scheme - ELSS
120503,Axis ELSS Tax Saver Fund - Direct Plan - Growth Option,22-02-2023,68.9248,Axis Mutual Fund,Equity Scheme - ELSS
120503,Axis ELSS Tax Saver Fund - Direct Plan - Growth Option,21-02-2023,69.9427,Axis Mutual Fund,Equity Scheme - ELSS
120503,Axis ELSS Tax Saver Fund - Direct Plan - Growth Option,20-02-2023,69.9459,Axis Mutual Fund,Equity Scheme - ELSS
120503,Axis ELSS Tax Saver Fund - Direct Plan - Growth Option,17-02-2023,70.0019,Axis Mutual Fund,Equity Scheme - ELSS
120503,Axis ELSS Tax Saver Fund - Direct Plan - Growth Option,16-02-2023,70.5816,Axis Mutual Fund,Equity Scheme - ELSS
120503,Axis ELSS Tax Saver Fund - Direct Plan - Growth Option,15-02-2023,70.0632,Axis Mutual Fund,Equity Scheme - ELSS
120503,Axis ELSS Tax Saver Fund - Direct Plan - Growth Option,14-02-2023,69.1866,Axis Mutual Fund,Equity Scheme - ELSS
120503,Axis ELSS Tax Saver Fund - Direct Plan - Growth Option,13-02-2023,68.9661,Axis Mutual Fund,Equity Scheme - ELSS
120503,Axis ELSS Tax Saver Fund - Direct Plan - Growth Option,10-02-2023,69.8154,Axis Mutual Fund,Equity Scheme - ELSS
120503,Axis ELSS Tax Saver Fund - Direct Plan - Growth Option,09-02-2023,69.8143,Axis Mutual Fund,Equity Scheme - ELSS
120503,Axis ELSS Tax Saver Fund - Direct Plan - Growth Option,08-02-2023,69.6656,Axis Mutual Fund,Equity Scheme - ELSS
120503,Axis ELSS Tax Saver Fund - Direct Plan - Growth Option,07-02-2023,68.8848,Axis Mutual Fund,Equity Scheme - ELSS
120503,Axis ELSS Tax Saver Fund - Direct Plan - Growth Option,06-02-2023,68.7995,Axis Mutual Fund,Equity Scheme - ELSS
120503,Axis ELSS Tax Saver Fund - Direct Plan - Growth Option,03-02-2023,68.936,Axis Mutual Fund,Equity Scheme - ELSS
120503,Axis ELSS Tax Saver Fund - Direct Plan - Growth Option,02-02-2023,68.5272,Axis Mutual Fund,Equity Scheme - ELSS
120503,Axis ELSS Tax Saver Fund - Direct Plan - Growth Option,01-02-2023,68.5751,Axis Mutual Fund,Equity Scheme - ELSS
120503,Axis ELSS Tax Saver Fund - Direct Plan - Growth Option,31-01-2023,68.3442,Axis Mutual Fund,Equity Scheme - ELSS
120503,Axis ELSS Tax Saver Fund - Direct Plan - Growth Option,30-01-2023,68.4819,Axis Mutual Fund,Equity Scheme - ELSS
120503,Axis ELSS Tax Saver Fund - Direct Plan - Growth Option,27-01-2023,68.0593,Axis Mutual Fund,Equity Scheme - ELSS
120503,Axis ELSS Tax Saver Fund - Direct Plan - Growth Option,25-01-2023,68.4487,Axis Mutual Fund,Equity Scheme - ELSS
120503,Axis ELSS Tax Saver Fund - Direct Plan - Growth Option,24-01-2023,69.2382,Axis Mutual Fund,Equity Scheme - ELSS
120503,Axis ELSS Tax Saver Fund - Direct Plan - Growth Option,23-01-2023,69.3624,Axis Mutual Fund,Equity Scheme - ELSS
120503,Axis ELSS Tax Saver Fund - Direct Plan - Growth Option,20-01-2023,69.0239,Axis Mutual Fund,Equity Scheme - ELSS
120503,Axis ELSS Tax Saver Fund - Direct Plan - Growth Option,19-01-2023,69.4972,Axis Mutual Fund,Equity Scheme - ELSS
120503,Axis ELSS Tax Saver Fund - Direct Plan - Growth Option,18-01-2023,70.0482,Axis Mutual Fund,Equity Scheme - ELSS
120503,Axis ELSS Tax Saver Fund - Direct Plan - Growth Option,17-01-2023,69.8692,Axis Mutual Fund,Equity Scheme - ELSS
120503,Axis ELSS Tax Saver Fund - Direct Plan - Growth Option,16-01-2023,69.659,Axis Mutual Fund,Equity Scheme - ELSS
120503,Axis ELSS Tax Saver Fund - Direct Plan - Growth Option,13-01-2023,70.263,Axis Mutual Fund,Equity Scheme - ELSS
120503,Axis ELSS Tax Saver Fund - Direct Plan - Growth Option,12-01-2023,70.1017,Axis Mutual Fund,Equity Scheme - ELSS
120503,Axis ELSS Tax Saver Fund - Direct Plan - Growth Option,11-01-2023,70.0302,Axis Mutual Fund,Equity Scheme - ELSS
120503,Axis ELSS Tax Saver Fund - Direct Plan - Growth Option,10-01-2023,70.3295,Axis Mutual Fund,Equity Scheme - ELSS
120503,Axis ELSS Tax Saver Fund - Direct Plan - Growth Option,09-01-2023,70.68,Axis Mutual Fund,Equity Scheme - ELSS
120503,Axis ELSS Tax Saver Fund - Direct Plan - Growth Option,06-01-2023,70.0052,Axis Mutual Fund,Equity Scheme - ELSS
120503,Axis ELSS Tax Saver Fund - Direct Plan - Growth Option,05-01-2023,70.7817,Axis Mutual Fund,Equity Scheme - ELSS
120503,Axis ELSS Tax Saver Fund - Direct Plan - Growth Option,04-01-2023,71.6233,Axis Mutual Fund,Equity Scheme - ELSS
120503,Axis ELSS Tax Saver Fund - Direct Plan - Growth Option,03-01-2023,72.4388,Axis Mutual Fund,Equity Scheme - ELSS
120503,Axis ELSS Tax Saver Fund - Direct Plan - Growth Option,02-01-2023,72.1487,Axis Mutual Fund,Equity Scheme - ELSS
120503,Axis ELSS Tax Saver Fund - Direct Plan - Growth Option,30-12-2022,72.1133,Axis Mutual Fund,Equity Scheme - ELSS
120503,Axis ELSS Tax Saver Fund - Direct Plan - Growth Option,29-12-2022,72.326,Axis Mutual Fund,Equity Scheme - ELSS
120503,Axis ELSS Tax Saver Fund - Direct Plan - Growth Option,28-12-2022,72.239,Axis Mutual Fund,Equity Scheme - ELSS
120503,Axis ELSS Tax Saver Fund - Direct Plan - Growth Option,27-12-2022,72.2696,Axis Mutual Fund,Equity Scheme - ELSS
120503,Axis ELSS Tax Saver Fund - Direct Plan - Growth Option,26-12-2022,71.8064,Axis Mutual Fund,Equity Scheme - ELSS
120503,Axis ELSS Tax Saver Fund - Direct Plan - Growth Option,23-12-2022,70.9687,Axis Mutual Fund,Equity Scheme - ELSS
120503,Axis ELSS Tax Saver Fund - Direct Plan - Growth Option,22-12-2022,72.4265,Axis Mutual Fund,Equity Scheme - ELSS
120503,Axis ELSS Tax Saver Fund - Direct Plan - Growth Option,21-12-2022,72.9939,Axis Mutual Fund,Equity Scheme - ELSS
120503,Axis ELSS Tax Saver Fund - Direct Plan - Growth Option,20-12-2022,73.6085,Axis Mutual Fund,Equity Scheme - ELSS
120503,Axis ELSS Tax Saver Fund - Direct Plan - Growth Option,19-12-2022,73.7565,Axis Mutual Fund,Equity Scheme - ELSS
120503,Axis ELSS Tax Saver Fund - Direct Plan - Growth Option,16-12-2022,73.0535,Axis Mutual Fund,Equity Scheme - ELSS
120503,Axis ELSS Tax Saver Fund - Direct Plan - Growth Option,15-12-2022,74.0003,Axis Mutual Fund,Equity Scheme - ELSS
120503,Axis ELSS Tax Saver Fund - Direct Plan - Growth Option,14-12-2022,74.7981,Axis Mutual Fund,Equity Scheme - ELSS
120503,Axis ELSS Tax Saver Fund - Direct Plan - Growth Option,13-12-2022,74.2943,Axis Mutual Fund,Equity Scheme - ELSS
120503,Axis ELSS Tax Saver Fund - Direct Plan - Growth Option,12-12-2022,73.8144,Axis Mutual Fund,Equity Scheme - ELSS
120503,Axis ELSS Tax Saver Fund - Direct Plan - Growth Option,09-12-2022,73.7258,Axis Mutual Fund,Equity Scheme - ELSS
120503,Axis ELSS Tax Saver Fund - Direct Plan - Growth Option,08-12-2022,74.0809,Axis Mutual Fund,Equity Scheme - ELSS
120503,Axis ELSS Tax Saver Fund - Direct Plan - Growth Option,07-12-2022,74.2084,Axis Mutual Fund,Equity Scheme - ELSS
120503,Axis ELSS Tax Saver Fund - Direct Plan - Growth Option,06-12-2022,74.5749,Axis Mutual Fund,Equity Scheme - ELSS
120503,Axis ELSS Tax Saver Fund - Direct Plan - Growth Option,05-12-2022,74.5897,Axis Mutual Fund,Equity Scheme - ELSS
120503,Axis ELSS Tax Saver Fund - Direct Plan - Growth Option,02-12-2022,74.5548,Axis Mutual Fund,Equity Scheme - ELSS
120503,Axis ELSS Tax Saver Fund - Direct Plan - Growth Option,01-12-2022,74.7124,Axis Mutual Fund,Equity Scheme - ELSS
120503,Axis ELSS Tax Saver Fund - Direct Plan - Growth Option,30-11-2022,74.3607,Axis Mutual Fund,Equity Scheme - ELSS
120503,Axis ELSS Tax Saver Fund - Direct Plan - Growth Option,29-11-2022,73.8042,Axis Mutual Fund,Equity Scheme - ELSS
120503,Axis ELSS Tax Saver Fund - Direct Plan - Growth Option,28-11-2022,73.7588,Axis Mutual Fund,Equity Scheme - ELSS
120503,Axis ELSS Tax Saver Fund - Direct Plan - Growth Option,25-11-2022,73.4058,Axis Mutual Fund,Equity Scheme - ELSS
120503,Axis ELSS Tax Saver Fund - Direct Plan - Growth Option,24-11-2022,73.4842,Axis Mutual Fund,Equity Scheme - ELSS
120503,Axis ELSS Tax Saver Fund - Direct Plan - Growth Option,23-11-2022,73.0808,Axis Mutual Fund,Equity Scheme - ELSS
120503,Axis ELSS Tax Saver Fund - Direct Plan - Growth Option,22-11-2022,72.8393,Axis Mutual Fund,Equity Scheme - ELSS
120503,Axis ELSS Tax Saver Fund - Direct Plan - Growth Option,21-11-2022,72.5227,Axis Mutual Fund,Equity Scheme - ELSS
120503,Axis ELSS Tax Saver Fund - Direct Plan - Growth Option,18-11-2022,73.0331,Axis Mutual Fund,Equity Scheme - ELSS
120503,Axis ELSS Tax Saver Fund - Direct Plan - Growth Option,17-11-2022,73.3032,Axis Mutual Fund,Equity Scheme - ELSS
120503,Axis ELSS Tax Saver Fund - Direct Plan - Growth Option,16-11-2022,73.9799,Axis Mutual Fund,Equity Scheme - ELSS
120503,Axis ELSS Tax Saver Fund - Direct Plan - Growth Option,15-11-2022,74.2266,Axis Mutual Fund,Equity Scheme - ELSS
120503,Axis ELSS Tax Saver Fund - Direct Plan - Growth Option,14-11-2022,74.4336,Axis Mutual Fund,Equity Scheme - ELSS
120503,Axis ELSS Tax Saver Fund - Direct Plan - Growth Option,11-11-2022,74.2379,Axis Mutual Fund,Equity Scheme - ELSS
120503,Axis ELSS Tax Saver Fund - Direct Plan - Growth Option,10-11-2022,73.2877,Axis Mutual Fund,Equity Scheme - ELSS
120503,Axis ELSS Tax Saver Fund - Direct Plan - Growth Option,09-11-2022,74.0695,Axis Mutual Fund,Equity Scheme - ELSS
120503,Axis ELSS Tax Saver Fund - Direct Plan - Growth Option,07-11-2022,74.3683,Axis Mutual Fund,Equity Scheme - ELSS
120503,Axis ELSS Tax Saver Fund - Direct Plan - Growth Option,04-11-2022,74.6355,Axis Mutual Fund,Equity Scheme - ELSS
120503,Axis ELSS Tax Saver Fund - Direct Plan - Growth Option,03-11-2022,74.4512,Axis Mutual Fund,Equity Scheme - ELSS
120503,Axis ELSS Tax Saver Fund - Direct Plan - Growth Option,02-11-2022,74.5626,Axis Mutual Fund,Equity Scheme - ELSS
120503,Axis ELSS Tax Saver Fund - Direct Plan - Growth Option,01-11-2022,74.829,Axis Mutual Fund,Equity Scheme - ELSS
120503,Axis ELSS Tax Saver Fund - Direct Plan - Growth Option,31-10-2022,73.9984,Axis Mutual Fund,Equity Scheme - ELSS
120503,Axis ELSS Tax Saver Fund - Direct Plan - Growth Option,28-10-2022,73.0108,Axis Mutual Fund,Equity Scheme - ELSS
120503,Axis ELSS Tax Saver Fund - Direct Plan - Growth Option,27-10-2022,73.0833,Axis Mutual Fund,Equity Scheme - ELSS
120503,Axis ELSS Tax Saver Fund - Direct Plan - Growth Option,25-10-2022,73.2124,Axis Mutual Fund,Equity Scheme - ELSS
120503,Axis ELSS Tax Saver Fund - Direct Plan - Growth Option,21-10-2022,73.1574,Axis Mutual Fund,Equity Scheme - ELSS
120503,Axis ELSS Tax Saver Fund - Direct Plan - Growth Option,20-10-2022,74.0023,Axis Mutual Fund,Equity Scheme - ELSS
120503,Axis ELSS Tax Saver Fund - Direct Plan - Growth Option,19-10-2022,73.525,Axis Mutual Fund,Equity Scheme - ELSS
120503,Axis ELSS Tax Saver Fund - Direct Plan - Growth Option,18-10-2022,73.3122,Axis Mutual Fund,Equity Scheme - ELSS
120503,Axis ELSS Tax Saver Fund - Direct Plan - Growth Option,17-10-2022,72.939,Axis Mutual Fund,Equity Scheme - ELSS
120503,Axis ELSS Tax Saver Fund - Direct Plan - Growth Option,14-10-2022,72.6922,Axis Mutual Fund,Equity Scheme - ELSS
120503,Axis ELSS Tax Saver Fund - Direct Plan - Growth Option,13-10-2022,72.2693,Axis Mutual Fund,Equity Scheme - ELSS
120503,Axis ELSS Tax Saver Fund - Direct Plan - Growth Option,12-10-2022,72.7405,Axis Mutual Fund,Equity Scheme - ELSS
120503,Axis ELSS Tax Saver Fund - Direct Plan - Growth Option,11-10-2022,72.1344,Axis Mutual Fund,Equity Scheme - ELSS
120503,Axis ELSS Tax Saver Fund - Direct Plan - Growth Option,10-10-2022,73.3259,Axis Mutual Fund,Equity Scheme - ELSS
120503,Axis ELSS Tax Saver Fund - Direct Plan - Growth Option,07-10-2022,73.8803,Axis Mutual Fund,Equity Scheme - ELSS
120503,Axis ELSS Tax Saver Fund - Direct Plan - Growth Option,06-10-2022,74.0728,Axis Mutual Fund,Equity Scheme - ELSS
120503,Axis ELSS Tax Saver Fund - Direct Plan - Growth Option,04-10-2022,74.1916,Axis Mutual Fund,Equity Scheme - ELSS
120503,Axis ELSS Tax Saver Fund - Direct Plan - Growth Option,03-10-2022,72.5115,Axis Mutual Fund,Equity Scheme - ELSS
120503,Axis ELSS Tax Saver Fund - Direct Plan - Growth Option,30-09-2022,73.174,Axis Mutual Fund,Equity Scheme - ELSS
120503,Axis ELSS Tax Saver Fund - Direct Plan - Growth Option,29-09-2022,72.1439,Axis Mutual Fund,Equity Scheme - ELSS
120503,Axis ELSS Tax Saver Fund - Direct Plan - Growth Option,28-09-2022,72.5238,Axis Mutual Fund,Equity Scheme - ELSS
120503,Axis ELSS Tax Saver Fund - Direct Plan - Growth Option,27-09-2022,72.7936,Axis Mutual Fund,Equity Scheme - ELSS
120503,Axis ELSS Tax Saver Fund - Direct Plan - Growth Option,26-09-2022,72.7149,Axis Mutual Fund,Equity Scheme - ELSS
120503,Axis ELSS Tax Saver Fund - Direct Plan - Growth Option,23-09-2022,74.1328,Axis Mutual Fund,Equity Scheme - ELSS
120503,Axis ELSS Tax Saver Fund - Direct Plan - Growth Option,22-09-2022,75.5508,Axis Mutual Fund,Equity Scheme - ELSS
120503,Axis ELSS Tax Saver Fund - Direct Plan - Growth Option,21-09-2022,75.5546,Axis Mutual Fund,Equity Scheme - ELSS
120503,Axis ELSS Tax Saver Fund - Direct Plan - Growth Option,20-09-2022,76.1536,Axis Mutual Fund,Equity Scheme - ELSS
120503,Axis ELSS Tax Saver Fund - Direct Plan - Growth Option,19-09-2022,75.4771,Axis Mutual Fund,Equity Scheme - ELSS
120503,Axis ELSS Tax Saver Fund - Direct Plan - Growth Option,16-09-2022,74.951,Axis Mutual Fund,Equity Scheme - ELSS
120503,Axis ELSS Tax Saver Fund - Direct Plan - Growth Option,15-09-2022,76.9184,Axis Mutual Fund,Equity Scheme - ELSS
120503,Axis ELSS Tax Saver Fund - Direct Plan - Growth Option,14-09-2022,77.092,Axis Mutual Fund,Equity Scheme - ELSS
120503,Axis ELSS Tax Saver Fund - Direct Plan - Growth Option,13-09-2022,77.3455,Axis Mutual Fund,Equity Scheme - ELSS
120503,Axis ELSS Tax Saver Fund - Direct Plan - Growth Option,12-09-2022,76.9253,Axis Mutual Fund,Equity Scheme - ELSS
120503,Axis ELSS Tax Saver Fund - Direct Plan - Growth Option,09-09-2022,76.641,Axis Mutual Fund,Equity Scheme - ELSS
120503,Axis ELSS Tax Saver Fund - Direct Plan - Growth Option,08-09-2022,76.6277,Axis Mutual Fund,Equity Scheme - ELSS
120503,Axis ELSS Tax Saver Fund - Direct Plan - Growth Option,07-09-2022,76.0521,Axis Mutual Fund,Equity Scheme - ELSS
120503,Axis ELSS Tax Saver Fund - Direct Plan - Growth Option,06-09-2022,75.9521,Axis Mutual Fund,Equity Scheme - ELSS
120503,Axis ELSS Tax Saver Fund - Direct Plan - Growth Option,05-09-2022,76.3428,Axis Mutual Fund,Equity Scheme - ELSS
120503,Axis ELSS Tax Saver Fund - Direct Plan - Growth Option,02-09-2022,76.2954,Axis Mutual Fund,Equity Scheme - ELSS
120503,Axis ELSS Tax Saver Fund - Direct Plan - Growth Option,01-09-2022,76.0456,Axis Mutual Fund,Equity Scheme - ELSS
120503,Axis ELSS Tax Saver Fund - Direct Plan - Growth Option,30-08-2022,76.2211,Axis Mutual Fund,Equity Scheme - ELSS
120503,Axis ELSS Tax Saver Fund - Direct Plan - Growth Option,29-08-2022,74.3321,Axis Mutual Fund,Equity Scheme - ELSS
120503,Axis ELSS Tax Saver Fund - Direct Plan - Growth Option,26-08-2022,75.2754,Axis Mutual Fund,Equity Scheme - ELSS
120503,Axis ELSS Tax Saver Fund - Direct Plan - Growth Option,25-08-2022,74.9546,Axis Mutual Fund,Equity Scheme - ELSS
120503,Axis ELSS Tax Saver Fund - Direct Plan - Growth Option,24-08-2022,75.1045,Axis Mutual Fund,Equity Scheme - ELSS
120503,Axis ELSS Tax Saver Fund - Direct Plan - Growth Option,23-08-2022,74.7255,Axis Mutual Fund,Equity Scheme - ELSS
120503,Axis ELSS Tax Saver Fund - Direct Plan - Growth Option,22-08-2022,74.4093,Axis Mutual Fund,Equity Scheme - ELSS
120503,Axis ELSS Tax Saver Fund - Direct Plan - Growth Option,19-08-2022,75.7918,Axis Mutual Fund,Equity Scheme - ELSS
120503,Axis ELSS Tax Saver Fund - Direct Plan - Growth Option,18-08-2022,76.6729,Axis Mutual Fund,Equity Scheme - ELSS
120503,Axis ELSS Tax Saver Fund - Direct Plan - Growth Option,17-08-2022,76.5286,Axis Mutual Fund,Equity Scheme - ELSS
120503,Axis ELSS Tax Saver Fund - Direct Plan - Growth Option,16-08-2022,75.8512,Axis Mutual Fund,Equity Scheme - ELSS
120503,Axis ELSS Tax Saver Fund - Direct Plan - Growth Option,12-08-2022,75.3228,Axis Mutual Fund,Equity Scheme - ELSS
120503,Axis ELSS Tax Saver Fund - Direct Plan - Growth Option,11-08-2022,75.3237,Axis Mutual Fund,Equity Scheme - ELSS
120503,Axis ELSS Tax Saver Fund - Direct Plan - Growth Option,10-08-2022,74.4544,Axis Mutual Fund,Equity Scheme - ELSS
120503,Axis ELSS Tax Saver Fund - Direct Plan - Growth Option,08-08-2022,74.8976,Axis Mutual Fund,Equity Scheme - ELSS
120503,Axis ELSS Tax Saver Fund - Direct Plan - Growth Option,05-08-2022,74.6044,Axis Mutual Fund,Equity Scheme - ELSS
120503,Axis ELSS Tax Saver Fund - Direct Plan - Growth Option,04-08-2022,74.2272,Axis Mutual Fund,Equity Scheme - ELSS
120503,Axis ELSS Tax Saver Fund - Direct Plan - Growth Option,03-08-2022,73.8828,Axis Mutual Fund,Equity Scheme - ELSS
120503,Axis ELSS Tax Saver Fund - Direct Plan - Growth Option,02-08-2022,74.0304,Axis Mutual Fund,Equity Scheme - ELSS
120503,Axis ELSS Tax Saver Fund - Direct Plan - Growth Option,01-08-2022,73.7095,Axis Mutual Fund,Equity Scheme - ELSS
120503,Axis ELSS Tax Saver Fund - Direct Plan - Growth Option,29-07-2022,72.9947,Axis Mutual Fund,Equity Scheme - ELSS
120503,Axis ELSS Tax Saver Fund - Direct Plan - Growth Option,28-07-2022,71.9063,Axis Mutual Fund,Equity Scheme - ELSS
120503,Axis ELSS Tax Saver Fund - Direct Plan - Growth Option,27-07-2022,69.8525,Axis Mutual Fund,Equity Scheme - ELSS
120503,Axis ELSS Tax Saver Fund - Direct Plan - Growth Option,26-07-2022,69.1326,Axis Mutual Fund,Equity Scheme - ELSS
120503,Axis ELSS Tax Saver Fund - Direct Plan - Growth Option,25-07-2022,69.7673,Axis Mutual Fund,Equity Scheme - ELSS
120503,Axis ELSS Tax Saver Fund - Direct Plan - Growth Option,22-07-2022,69.9601,Axis Mutual Fund,Equity Scheme - ELSS
120503,Axis ELSS Tax Saver Fund - Direct Plan - Growth Option,21-07-2022,69.9609,Axis Mutual Fund,Equity Scheme - ELSS
120503,Axis ELSS Tax Saver Fund - Direct Plan - Growth Option,20-07-2022,69.1252,Axis Mutual Fund,Equity Scheme - ELSS
120503,Axis ELSS Tax Saver Fund - Direct Plan - Growth Option,19-07-2022,68.925,Axis Mutual Fund,Equity Scheme - ELSS
120503,Axis ELSS Tax Saver Fund - Direct Plan - Growth Option,18-07-2022,68.6155,Axis Mutual Fund,Equity Scheme - ELSS
120503,Axis ELSS Tax Saver Fund - Direct Plan - Growth Option,15-07-2022,67.5691,Axis Mutual Fund,Equity Scheme - ELSS
120503,Axis ELSS Tax Saver Fund - Direct Plan - Growth Option,14-07-2022,67.0015,Axis Mutual Fund,Equity Scheme - ELSS
120503,Axis ELSS Tax Saver Fund - Direct Plan - Growth Option,13-07-2022,67.1057,Axis Mutual Fund,Equity Scheme - ELSS
120503,Axis ELSS Tax Saver Fund - Direct Plan - Growth Option,12-07-2022,66.9495,Axis Mutual Fund,Equity Scheme - ELSS
120503,Axis ELSS Tax Saver Fund - Direct Plan - Growth Option,11-07-2022,67.7432,Axis Mutual Fund,Equity Scheme - ELSS
120503,Axis ELSS Tax Saver Fund - Direct Plan - Growth Option,08-07-2022,67.7009,Axis Mutual Fund,Equity Scheme - ELSS
120503,Axis ELSS Tax Saver Fund - Direct Plan - Growth Option,07-07-2022,67.537,Axis Mutual Fund,Equity Scheme - ELSS
120503,Axis ELSS Tax Saver Fund - Direct Plan - Growth Option,06-07-2022,67.1482,Axis Mutual Fund,Equity Scheme - ELSS
120503,Axis ELSS Tax Saver Fund - Direct Plan - Growth Option,05-07-2022,65.7151,Axis Mutual Fund,Equity Scheme - ELSS
120503,Axis ELSS Tax Saver Fund - Direct Plan - Growth Option,04-07-2022,65.6105,Axis Mutual Fund,Equity Scheme - ELSS
120503,Axis ELSS Tax Saver Fund - Direct Plan - Growth Option,01-07-2022,65.0877,Axis Mutual Fund,Equity Scheme - ELSS
120503,Axis ELSS Tax Saver Fund - Direct Plan - Growth Option,30-06-2022,64.3604,Axis Mutual Fund,Equity Scheme - ELSS
120503,Axis ELSS Tax Saver Fund - Direct Plan - Growth Option,29-06-2022,64.8133,Axis Mutual Fund,Equity Scheme - ELSS
120503,Axis ELSS Tax Saver Fund - Direct Plan - Growth Option,28-06-2022,65.4275,Axis Mutual Fund,Equity Scheme - ELSS
120503,Axis ELSS Tax Saver Fund - Direct Plan - Growth Option,27-06-2022,65.5288,Axis Mutual Fund,Equity Scheme - ELSS
120503,Axis ELSS Tax Saver Fund - Direct Plan - Growth Option,24-06-2022,65.2431,Axis Mutual Fund,Equity Scheme - ELSS
120503,Axis ELSS Tax Saver Fund - Direct Plan - Growth Option,23-06-2022,64.47,Axis Mutual Fund,Equity Scheme - ELSS
120503,Axis ELSS Tax Saver Fund - Direct Plan - Growth Option,22-06-2022,63.7074,Axis Mutual Fund,Equity Scheme - ELSS
120503,Axis ELSS Tax Saver Fund - Direct Plan - Growth Option,21-06-2022,64.4233,Axis Mutual Fund,Equity Scheme - ELSS
120503,Axis ELSS Tax Saver Fund - Direct Plan - Growth Option,20-06-2022,63.378,Axis Mutual Fund,Equity Scheme - ELSS
120503,Axis ELSS Tax Saver Fund - Direct Plan - Growth Option,17-06-2022,62.9852,Axis Mutual Fund,Equity Scheme - ELSS
120503,Axis ELSS Tax Saver Fund - Direct Plan - Growth Option,16-06-2022,63.7459,Axis Mutual Fund,Equity Scheme - ELSS
120503,Axis ELSS Tax Saver Fund - Direct Plan - Growth Option,15-06-2022,64.8568,Axis Mutual Fund,Equity Scheme - ELSS
120503,Axis ELSS Tax Saver Fund - Direct Plan - Growth Option,14-06-2022,64.3993,Axis Mutual Fund,Equity Scheme - ELSS
120503,Axis ELSS Tax Saver Fund - Direct Plan - Growth Option,13-06-2022,64.4339,Axis Mutual Fund,Equity Scheme - ELSS
120503,Axis ELSS Tax Saver Fund - Direct Plan - Growth Option,10-06-2022,66.1339,Axis Mutual Fund,Equity Scheme - ELSS
120503,Axis ELSS Tax Saver Fund - Direct Plan - Growth Option,09-06-2022,67.2604,Axis Mutual Fund,Equity Scheme - ELSS
120503,Axis ELSS Tax Saver Fund - Direct Plan - Growth Option,08-06-2022,66.9337,Axis Mutual Fund,Equity Scheme - ELSS
120503,Axis ELSS Tax Saver Fund - Direct Plan - Growth Option,07-06-2022,66.7412,Axis Mutual Fund,Equity Scheme - ELSS
120503,Axis ELSS Tax Saver Fund - Direct Plan - Growth Option,06-06-2022,67.548,Axis Mutual Fund,Equity Scheme - ELSS
120503,Axis ELSS Tax Saver Fund - Direct Plan - Growth Option,03-06-2022,68.0717,Axis Mutual Fund,Equity Scheme - ELSS
120503,Axis ELSS Tax Saver Fund - Direct Plan - Growth Option,02-06-2022,68.8276,Axis Mutual Fund,Equity Scheme - ELSS
120503,Axis ELSS Tax Saver Fund - Direct Plan - Growth Option,01-06-2022,68.8319,Axis Mutual Fund,Equity Scheme - ELSS
120503,Axis ELSS Tax Saver Fund - Direct Plan - Growth Option,31-05-2022,69.1361,Axis Mutual Fund,Equity Scheme - ELSS
120503,Axis ELSS Tax Saver Fund - Direct Plan - Growth Option,30-05-2022,68.533,Axis Mutual Fund,Equity Scheme - ELSS
120503,Axis ELSS Tax Saver Fund - Direct Plan - Growth Option,27-05-2022,67.2291,Axis Mutual Fund,Equity Scheme - ELSS
120503,Axis ELSS Tax Saver Fund - Direct Plan - Growth Option,26-05-2022,66.161,Axis Mutual Fund,Equity Scheme - ELSS
120503,Axis ELSS Tax Saver Fund - Direct Plan - Growth Option,25-05-2022,65.4557,Axis Mutual Fund,Equity Scheme - ELSS
120503,Axis ELSS Tax Saver Fund - Direct Plan - Growth Option,24-05-2022,66.3628,Axis Mutual Fund,Equity Scheme - ELSS
120503,Axis ELSS Tax Saver Fund - Direct Plan - Growth Option,23-05-2022,66.6512,Axis Mutual Fund,Equity Scheme - ELSS
120503,Axis ELSS Tax Saver Fund - Direct Plan - Growth Option,20-05-2022,66.8472,Axis Mutual Fund,Equity Scheme - ELSS
120503,Axis ELSS Tax Saver Fund - Direct Plan - Growth Option,19-05-2022,65.8496,Axis Mutual Fund,Equity Scheme - ELSS
120503,Axis ELSS Tax Saver Fund - Direct Plan - Growth Option,18-05-2022,67.772,Axis Mutual Fund,Equity Scheme - ELSS
120503,Axis ELSS Tax Saver Fund - Direct Plan - Growth Option,17-05-2022,67.8271,Axis Mutual Fund,Equity Scheme - ELSS
120503,Axis ELSS Tax Saver Fund - Direct Plan - Growth Option,16-05-2022,66.2938,Axis Mutual Fund,Equity Scheme - ELSS
120503,Axis ELSS Tax Saver Fund - Direct Plan - Growth Option,13-05-2022,65.4373,Axis Mutual Fund,Equity Scheme - ELSS
120503,Axis ELSS Tax Saver Fund - Direct Plan - Growth Option,12-05-2022,65.4083,Axis Mutual Fund,Equity Scheme - ELSS
120503,Axis ELSS Tax Saver Fund - Direct Plan - Growth Option,11-05-2022,66.8623,Axis Mutual Fund,Equity Scheme - ELSS
120503,Axis ELSS Tax Saver Fund - Direct Plan - Growth Option,10-05-2022,67.7491,Axis Mutual Fund,Equity Scheme - ELSS
120503,Axis ELSS Tax Saver Fund - Direct Plan - Growth Option,09-05-2022,68.3816,Axis Mutual Fund,Equity Scheme - ELSS
120503,Axis ELSS Tax Saver Fund - Direct Plan - Growth Option,06-05-2022,68.9738,Axis Mutual Fund,Equity Scheme - ELSS
120503,Axis ELSS Tax Saver Fund - Direct Plan - Growth Option,05-05-2022,71.8904,Axis Mutual Fund,Equity Scheme - ELSS
120503,Axis ELSS Tax Saver Fund - Direct Plan - Growth Option,04-05-2022,71.9729,Axis Mutual Fund,Equity Scheme - ELSS
120503,Axis ELSS Tax Saver Fund - Direct Plan - Growth Option,02-05-2022,74.1048,Axis Mutual Fund,Equity Scheme - ELSS
120503,Axis ELSS Tax Saver Fund - Direct Plan - Growth Option,29-04-2022,74.2535,Axis Mutual Fund,Equity Scheme - ELSS
120503,Axis ELSS Tax Saver Fund - Direct Plan - Growth Option,28-04-2022,74.7458,Axis Mutual Fund,Equity Scheme - ELSS
120503,Axis ELSS Tax Saver Fund - Direct Plan - Growth Option,27-04-2022,73.9744,Axis Mutual Fund,Equity Scheme - ELSS
120503,Axis ELSS Tax Saver Fund - Direct Plan - Growth Option,26-04-2022,75.2145,Axis Mutual Fund,Equity Scheme - ELSS
120503,Axis ELSS Tax Saver Fund - Direct Plan - Growth Option,25-04-2022,74.1743,Axis Mutual Fund,Equity Scheme - ELSS
120503,Axis ELSS Tax Saver Fund - Direct Plan - Growth Option,22-04-2022,75.0345,Axis Mutual Fund,Equity Scheme - ELSS
120503,Axis ELSS Tax Saver Fund - Direct Plan - Growth Option,21-04-2022,75.4805,Axis Mutual Fund,Equity Scheme - ELSS
120503,Axis ELSS Tax Saver Fund - Direct Plan - Growth Option,20-04-2022,74.5345,Axis Mutual Fund,Equity Scheme - ELSS
120503,Axis ELSS Tax Saver Fund - Direct Plan - Growth Option,19-04-2022,74.1182,Axis Mutual Fund,Equity Scheme - ELSS
120503,Axis ELSS Tax Saver Fund - Direct Plan - Growth Option,18-04-2022,75.4011,Axis Mutual Fund,Equity Scheme - ELSS
120503,Axis ELSS Tax Saver Fund - Direct Plan - Growth Option,13-04-2022,76.3584,Axis Mutual Fund,Equity Scheme - ELSS
120503,Axis ELSS Tax Saver Fund - Direct Plan - Growth Option,12-04-2022,76.6442,Axis Mutual Fund,Equity Scheme - ELSS
120503,Axis ELSS Tax Saver Fund - Direct Plan - Growth Option,11-04-2022,77.4023,Axis Mutual Fund,Equity Scheme - ELSS
120503,Axis ELSS Tax Saver Fund - Direct Plan - Growth Option,08-04-2022,77.5007,Axis Mutual Fund,Equity Scheme - ELSS
120503,Axis ELSS Tax Saver Fund - Direct Plan - Growth Option,07-04-2022,76.7796,Axis Mutual Fund,Equity Scheme - ELSS
120503,Axis ELSS Tax Saver Fund - Direct Plan - Growth Option,06-04-2022,77.2841,Axis Mutual Fund,Equity Scheme - ELSS
120503,Axis ELSS Tax Saver Fund - Direct Plan - Growth Option,05-04-2022,77.8618,Axis Mutual Fund,Equity Scheme - ELSS
120503,Axis ELSS Tax Saver Fund - Direct Plan - Growth Option,04-04-2022,77.7401,Axis Mutual Fund,Equity Scheme - ELSS
120503,Axis ELSS Tax Saver Fund - Direct Plan - Growth Option,01-04-2022,76.3631,Axis Mutual Fund,Equity Scheme - ELSS
120503,Axis ELSS Tax Saver Fund - Direct Plan - Growth Option,31-03-2022,75.5061,Axis Mutual Fund,Equity Scheme - ELSS
120503,Axis ELSS Tax Saver Fund - Direct Plan - Growth Option,30-03-2022,75.6682,Axis Mutual Fund,Equity Scheme - ELSS
120503,Axis ELSS Tax Saver Fund - Direct Plan - Growth Option,29-03-2022,74.6649,Axis Mutual Fund,Equity Scheme - ELSS
120503,Axis ELSS Tax Saver Fund - Direct Plan - Growth Option,28-03-2022,74.1641,Axis Mutual Fund,Equity Scheme - ELSS
120503,Axis ELSS Tax Saver Fund - Direct Plan - Growth Option,25-03-2022,74.332,Axis Mutual Fund,Equity Scheme - ELSS
120503,Axis ELSS Tax Saver Fund - Direct Plan - Growth Option,24-03-2022,74.6781,Axis Mutual Fund,Equity Scheme - ELSS
120503,Axis ELSS Tax Saver Fund - Direct Plan - Growth Option,23-03-2022,75.0377,Axis Mutual Fund,Equity Scheme - ELSS
120503,Axis ELSS Tax Saver Fund - Direct Plan - Growth Option,22-03-2022,75.2075,Axis Mutual Fund,Equity Scheme - ELSS
120503,Axis ELSS Tax Saver Fund - Direct Plan - Growth Option,21-03-2022,74.8165,Axis Mutual Fund,Equity Scheme - ELSS
120503,Axis ELSS Tax Saver Fund - Direct Plan - Growth Option,17-03-2022,75.7167,Axis Mutual Fund,Equity Scheme - ELSS
120503,Axis ELSS Tax Saver Fund - Direct Plan - Growth Option,16-03-2022,74.358,Axis Mutual Fund,Equity Scheme - ELSS
120503,Axis ELSS Tax Saver Fund - Direct Plan - Growth Option,15-03-2022,73.1899,Axis Mutual Fund,Equity Scheme - ELSS
120503,Axis ELSS Tax Saver Fund - Direct Plan - Growth Option,14-03-2022,73.5318,Axis Mutual Fund,Equity Scheme - ELSS
120503,Axis ELSS Tax Saver Fund - Direct Plan - Growth Option,11-03-2022,73.1308,Axis Mutual Fund,Equity Scheme - ELSS
120503,Axis ELSS Tax Saver Fund - Direct Plan - Growth Option,10-03-2022,73.0061,Axis Mutual Fund,Equity Scheme - ELSS
120503,Axis ELSS Tax Saver Fund - Direct Plan - Growth Option,09-03-2022,71.7508,Axis Mutual Fund,Equity Scheme - ELSS
120503,Axis ELSS Tax Saver Fund - Direct Plan - Growth Option,08-03-2022,70.6214,Axis Mutual Fund,Equity Scheme - ELSS
120503,Axis ELSS Tax Saver Fund - Direct Plan - Growth Option,07-03-2022,69.7358,Axis Mutual Fund,Equity Scheme - ELSS
120503,Axis ELSS Tax Saver Fund - Direct Plan - Growth Option,04-03-2022,71.6986,Axis Mutual Fund,Equity Scheme - ELSS
120503,Axis ELSS Tax Saver Fund - Direct Plan - Growth Option,03-03-2022,73.3142,Axis Mutual Fund,Equity Scheme - ELSS
120503,Axis ELSS Tax Saver Fund - Direct Plan - Growth Option,02-03-2022,73.8204,Axis Mutual Fund,Equity Scheme - ELSS
120503,Axis ELSS Tax Saver Fund - Direct Plan - Growth Option,28-02-2022,74.4883,Axis Mutual Fund,Equity Scheme - ELSS
120503,Axis ELSS Tax Saver Fund - Direct Plan - Growth Option,25-02-2022,73.9328,Axis Mutual Fund,Equity Scheme - ELSS
120503,Axis ELSS Tax Saver Fund - Direct Plan - Growth Option,24-02-2022,71.3778,Axis Mutual Fund,Equity Scheme - ELSS
120503,Axis ELSS Tax Saver Fund - Direct Plan - Growth Option,23-02-2022,74.8289,Axis Mutual Fund,Equity Scheme - ELSS
120503,Axis ELSS Tax Saver Fund - Direct Plan - Growth Option,22-02-2022,74.6777,Axis Mutual Fund,Equity Scheme - ELSS
120503,Axis ELSS Tax Saver Fund - Direct Plan - Growth Option,21-02-2022,74.9357,Axis Mutual Fund,Equity Scheme - ELSS
120503,Axis ELSS Tax Saver Fund - Direct Plan - Growth Option,18-02-2022,75.2152,Axis Mutual Fund,Equity Scheme - ELSS
120503,Axis ELSS Tax Saver Fund - Direct Plan - Growth Option,17-02-2022,75.8591,Axis Mutual Fund,Equity Scheme - ELSS
120503,Axis ELSS Tax Saver Fund - Direct Plan - Growth Option,16-02-2022,75.8994,Axis Mutual Fund,Equity Scheme - ELSS
120503,Axis ELSS Tax Saver Fund - Direct Plan - Growth Option,15-02-2022,76.0554,Axis Mutual Fund,Equity Scheme - ELSS
120503,Axis ELSS Tax Saver Fund - Direct Plan - Growth Option,14-02-2022,74.1305,Axis Mutual Fund,Equity Scheme - ELSS
120503,Axis ELSS Tax Saver Fund - Direct Plan - Growth Option,11-02-2022,76.053,Axis Mutual Fund,Equity Scheme - ELSS
120503,Axis ELSS Tax Saver Fund - Direct Plan - Growth Option,10-02-2022,77.5656,Axis Mutual Fund,Equity Scheme - ELSS
120503,Axis ELSS Tax Saver Fund - Direct Plan - Growth Option,09-02-2022,77.128,Axis Mutual Fund,Equity Scheme - ELSS
120503,Axis ELSS Tax Saver Fund - Direct Plan - Growth Option,08-02-2022,76.2751,Axis Mutual Fund,Equity Scheme - ELSS
120503,Axis ELSS Tax Saver Fund - Direct Plan - Growth Option,07-02-2022,76.5225,Axis Mutual Fund,Equity Scheme - ELSS
120503,Axis ELSS Tax Saver Fund - Direct Plan - Growth Option,04-02-2022,78.1271,Axis Mutual Fund,Equity Scheme - ELSS
120503,Axis ELSS Tax Saver Fund - Direct Plan - Growth Option,03-02-2022,78.1087,Axis Mutual Fund,Equity Scheme - ELSS
120503,Axis ELSS Tax Saver Fund - Direct Plan - Growth Option,02-02-2022,79.1057,Axis Mutual Fund,Equity Scheme - ELSS
120503,Axis ELSS Tax Saver Fund - Direct Plan - Growth Option,01-02-2022,77.887,Axis Mutual Fund,Equity Scheme - ELSS
120503,Axis ELSS Tax Saver Fund - Direct Plan - Growth Option,31-01-2022,76.8741,Axis Mutual Fund,Equity Scheme - ELSS
120503,Axis ELSS Tax Saver Fund - Direct Plan - Growth Option,28-01-2022,75.6428,Axis Mutual Fund,Equity Scheme - ELSS
120503,Axis ELSS Tax Saver Fund - Direct Plan - Growth Option,27-01-2022,75.3274,Axis Mutual Fund,Equity Scheme - ELSS
120503,Axis ELSS Tax Saver Fund - Direct Plan - Growth Option,25-01-2022,76.7127,Axis Mutual Fund,Equity Scheme - ELSS
120503,Axis ELSS Tax Saver Fund - Direct Plan - Growth Option,24-01-2022,76.6805,Axis Mutual Fund,Equity Scheme - ELSS
120503,Axis ELSS Tax Saver Fund - Direct Plan - Growth Option,21-01-2022,79.7572,Axis Mutual Fund,Equity Scheme - ELSS
120503,Axis ELSS Tax Saver Fund - Direct Plan - Growth Option,20-01-2022,81.238,Axis Mutual Fund,Equity Scheme - ELSS
120503,Axis ELSS Tax Saver Fund - Direct Plan - Growth Option,19-01-2022,81.8537,Axis Mutual Fund,Equity Scheme - ELSS
120503,Axis ELSS Tax Saver Fund - Direct Plan - Growth Option,18-01-2022,83.0109,Axis Mutual Fund,Equity Scheme - ELSS
120503,Axis ELSS Tax Saver Fund - Direct Plan - Growth Option,17-01-2022,84.1011,Axis Mutual Fund,Equity Scheme - ELSS
120503,Axis ELSS Tax Saver Fund - Direct Plan - Growth Option,14-01-2022,83.7325,Axis Mutual Fund,Equity Scheme - ELSS
120503,Axis ELSS Tax Saver Fund - Direct Plan - Growth Option,13-01-2022,83.4606,Axis Mutual Fund,Equity Scheme - ELSS
120503,Axis ELSS Tax Saver Fund - Direct Plan - Growth Option,12-01-2022,83.6159,Axis Mutual Fund,Equity Scheme - ELSS
120503,Axis ELSS Tax Saver Fund - Direct Plan - Growth Option,11-01-2022,83.932,Axis Mutual Fund,Equity Scheme - ELSS
120503,Axis ELSS Tax Saver Fund - Direct Plan - Growth Option,10-01-2022,83.7001,Axis Mutual Fund,Equity Scheme - ELSS
120503,Axis ELSS Tax Saver Fund - Direct Plan - Growth Option,07-01-2022,83.8626,Axis Mutual Fund,Equity Scheme - ELSS
120503,Axis ELSS Tax Saver Fund - Direct Plan - Growth Option,06-01-2022,83.5037,Axis Mutual Fund,Equity Scheme - ELSS
120503,Axis ELSS Tax Saver Fund - Direct Plan - Growth Option,05-01-2022,83.8475,Axis Mutual Fund,Equity Scheme - ELSS
120503,Axis ELSS Tax Saver Fund - Direct Plan - Growth Option,04-01-2022,83.287,Axis Mutual Fund,Equity Scheme - ELSS
120503,Axis ELSS Tax Saver Fund - Direct Plan - Growth Option,03-01-2022,82.4289,Axis Mutual Fund,Equity Scheme - ELSS
120503,Axis ELSS Tax Saver Fund - Direct Plan - Growth Option,31-12-2021,81.2402,Axis Mutual Fund,Equity Scheme - ELSS
120503,Axis ELSS Tax Saver Fund - Direct Plan - Growth Option,30-12-2021,80.2221,Axis Mutual Fund,Equity Scheme - ELSS
120503,Axis ELSS Tax Saver Fund - Direct Plan - Growth Option,29-12-2021,80.2977,Axis Mutual Fund,Equity Scheme - ELSS
120503,Axis ELSS Tax Saver Fund - Direct Plan - Growth Option,28-12-2021,80.3139,Axis Mutual Fund,Equity Scheme - ELSS
120503,Axis ELSS Tax Saver Fund - Direct Plan - Growth Option,27-12-2021,79.5375,Axis Mutual Fund,Equity Scheme - ELSS
120503,Axis ELSS Tax Saver Fund - Direct Plan - Growth Option,24-12-2021,79.1895,Axis Mutual Fund,Equity Scheme - ELSS
120503,Axis ELSS Tax Saver Fund - Direct Plan - Growth Option,23-12-2021,79.6287,Axis Mutual Fund,Equity Scheme - ELSS
120503,Axis ELSS Tax Saver Fund - Direct Plan - Growth Option,22-12-2021,79.1261,Axis Mutual Fund,Equity Scheme - ELSS
120503,Axis ELSS Tax Saver Fund - Direct Plan - Growth Option,21-12-2021,78.0346,Axis Mutual Fund,Equity Scheme - ELSS
120503,Axis ELSS Tax Saver Fund - Direct Plan - Growth Option,20-12-2021,77.5931,Axis Mutual Fund,Equity Scheme - ELSS
120503,Axis ELSS Tax Saver Fund - Direct Plan - Growth Option,17-12-2021,79.6694,Axis Mutual Fund,Equity Scheme - ELSS
120503,Axis ELSS Tax Saver Fund - Direct Plan - Growth Option,16-12-2021,81.036,Axis Mutual Fund,Equity Scheme - ELSS
120503,Axis ELSS Tax Saver Fund - Direct Plan - Growth Option,15-12-2021,81.0588,Axis Mutual Fund,Equity Scheme - ELSS
120503,Axis ELSS Tax Saver Fund - Direct Plan - Growth Option,14-12-2021,81.5686,Axis Mutual Fund,Equity Scheme - ELSS
120503,Axis ELSS Tax Saver Fund - Direct Plan - Growth Option,13-12-2021,81.7787,Axis Mutual Fund,Equity Scheme - ELSS
120503,Axis ELSS Tax Saver Fund - Direct Plan - Growth Option,10-12-2021,82.4418,Axis Mutual Fund,Equity Scheme - ELSS
120503,Axis ELSS Tax Saver Fund - Direct Plan - Growth Option,09-12-2021,82.4078,Axis Mutual Fund,Equity Scheme - ELSS
120503,Axis ELSS Tax Saver Fund - Direct Plan - Growth Option,08-12-2021,82.3253,Axis Mutual Fund,Equity Scheme - ELSS
120503,Axis ELSS Tax Saver Fund - Direct Plan - Growth Option,07-12-2021,81.2636,Axis Mutual Fund,Equity Scheme - ELSS
120503,Axis ELSS Tax Saver Fund - Direct Plan - Growth Option,06-12-2021,80.1411,Axis Mutual Fund,Equity Scheme - ELSS
120503,Axis ELSS Tax Saver Fund - Direct Plan - Growth Option,03-12-2021,81.7367,Axis Mutual Fund,Equity Scheme - ELSS
120503,Axis ELSS Tax Saver Fund - Direct Plan - Growth Option,02-12-2021,82.3468,Axis Mutual Fund,Equity Scheme - ELSS
120503,Axis ELSS Tax Saver Fund - Direct Plan - Growth Option,01-12-2021,81.2494,Axis Mutual Fund,Equity Scheme - ELSS
120503,Axis ELSS Tax Saver Fund - Direct Plan - Growth Option,30-11-2021,80.8104,Axis Mutual Fund,Equity Scheme - ELSS
120503,Axis ELSS Tax Saver Fund - Direct Plan - Growth Option,29-11-2021,80.6496,Axis Mutual Fund,Equity Scheme - ELSS
120503,Axis ELSS Tax Saver Fund - Direct Plan - Growth Option,26-11-2021,80.5581,Axis Mutual Fund,Equity Scheme - ELSS
120503,Axis ELSS Tax Saver Fund - Direct Plan - Growth Option,25-11-2021,82.6405,Axis Mutual Fund,Equity Scheme - ELSS
120503,Axis ELSS Tax Saver Fund - Direct Plan - Growth Option,24-11-2021,82.3818,Axis Mutual Fund,Equity Scheme - ELSS
120503,Axis ELSS Tax Saver Fund - Direct Plan - Growth Option,23-11-2021,82.4535,Axis Mutual Fund,Equity Scheme - ELSS
120503,Axis ELSS Tax Saver Fund - Direct Plan - Growth Option,22-11-2021,81.8661,Axis Mutual Fund,Equity Scheme - ELSS
120503,Axis ELSS Tax Saver Fund - Direct Plan - Growth Option,18-11-2021,84.4609,Axis Mutual Fund,Equity Scheme - ELSS
120503,Axis ELSS Tax Saver Fund - Direct Plan - Growth Option,17-11-2021,85.3839,Axis Mutual Fund,Equity Scheme - ELSS
120503,Axis ELSS Tax Saver Fund - Direct Plan - Growth Option,16-11-2021,85.7294,Axis Mutual Fund,Equity Scheme - ELSS
120503,Axis ELSS Tax Saver Fund - Direct Plan - Growth Option,15-11-2021,85.4638,Axis Mutual Fund,Equity Scheme - ELSS
120503,Axis ELSS Tax Saver Fund - Direct Plan - Growth Option,12-11-2021,85.3485,Axis Mutual Fund,Equity Scheme - ELSS
120503,Axis ELSS Tax Saver Fund - Direct Plan - Growth Option,11-11-2021,84.2245,Axis Mutual Fund,Equity Scheme - ELSS
120503,Axis ELSS Tax Saver Fund - Direct Plan - Growth Option,10-11-2021,84.6363,Axis Mutual Fund,Equity Scheme - ELSS
120503,Axis ELSS Tax Saver Fund - Direct Plan - Growth Option,09-11-2021,84.4667,Axis Mutual Fund,Equity Scheme - ELSS
120503,Axis ELSS Tax Saver Fund - Direct Plan - Growth Option,08-11-2021,84.5536,Axis Mutual Fund,Equity Scheme - ELSS
120503,Axis ELSS Tax Saver Fund - Direct Plan - Growth Option,03-11-2021,83.3546,Axis Mutual Fund,Equity Scheme - ELSS
120503,Axis ELSS Tax Saver Fund - Direct Plan - Growth Option,02-11-2021,83.3971,Axis Mutual Fund,Equity Scheme - ELSS
120503,Axis ELSS Tax Saver Fund - Direct Plan - Growth Option,01-11-2021,83.4744,Axis Mutual Fund,Equity Scheme - ELSS
120503,Axis ELSS Tax Saver Fund - Direct Plan - Growth Option,29-10-2021,82.6397,Axis Mutual Fund,Equity Scheme - ELSS
120503,Axis ELSS Tax Saver Fund - Direct Plan - Growth Option,28-10-2021,83.2316,Axis Mutual Fund,Equity Scheme - ELSS
120503,Axis ELSS Tax Saver Fund - Direct Plan - Growth Option,27-10-2021,84.0077,Axis Mutual Fund,Equity Scheme - ELSS
120503,Axis ELSS Tax Saver Fund - Direct Plan - Growth Option,26-10-2021,83.7637,Axis Mutual Fund,Equity Scheme - ELSS
120503,Axis ELSS Tax Saver Fund - Direct Plan - Growth Option,25-10-2021,82.4621,Axis Mutual Fund,Equity Scheme - ELSS
120503,Axis ELSS Tax Saver Fund - Direct Plan - Growth Option,22-10-2021,83.9738,Axis Mutual Fund,Equity Scheme - ELSS
120503,Axis ELSS Tax Saver Fund - Direct Plan - Growth Option,21-10-2021,84.6113,Axis Mutual Fund,Equity Scheme - ELSS
120503,Axis ELSS Tax Saver Fund - Direct Plan - Growth Option,20-10-2021,84.8923,Axis Mutual Fund,Equity Scheme - ELSS
120503,Axis ELSS Tax Saver Fund - Direct Plan - Growth Option,19-10-2021,86.1444,Axis Mutual Fund,Equity Scheme - ELSS
120503,Axis ELSS Tax Saver Fund - Direct Plan - Growth Option,18-10-2021,86.906,Axis Mutual Fund,Equity Scheme - ELSS
120503,Axis ELSS Tax Saver Fund - Direct Plan - Growth Option,14-10-2021,87.4659,Axis Mutual Fund,Equity Scheme - ELSS
120503,Axis ELSS Tax Saver Fund - Direct Plan - Growth Option,13-10-2021,86.6202,Axis Mutual Fund,Equity Scheme - ELSS
120503,Axis ELSS Tax Saver Fund - Direct Plan - Growth Option,12-10-2021,85.2721,Axis Mutual Fund,Equity Scheme - ELSS
120503,Axis ELSS Tax Saver Fund - Direct Plan - Growth Option,11-10-2021,84.9535,Axis Mutual Fund,Equity Scheme - ELSS
120503,Axis ELSS Tax Saver Fund - Direct Plan - Growth Option,08-10-2021,84.2722,Axis Mutual Fund,Equity Scheme - ELSS
120503,Axis ELSS Tax Saver Fund - Direct Plan - Growth Option,07-10-2021,84.116,Axis Mutual Fund,Equity Scheme - ELSS
120503,Axis ELSS Tax Saver Fund - Direct Plan - Growth Option,06-10-2021,83.3956,Axis Mutual Fund,Equity Scheme - ELSS
120503,Axis ELSS Tax Saver Fund - Direct Plan - Growth Option,05-10-2021,83.9434,Axis Mutual Fund,Equity Scheme - ELSS
120503,Axis ELSS Tax Saver Fund - Direct Plan - Growth Option,04-10-2021,83.6199,Axis Mutual Fund,Equity Scheme - ELSS
120503,Axis ELSS Tax Saver Fund - Direct Plan - Growth Option,01-10-2021,82.3533,Axis Mutual Fund,Equity Scheme - ELSS
120503,Axis ELSS Tax Saver Fund - Direct Plan - Growth Option,30-09-2021,82.8497,Axis Mutual Fund,Equity Scheme - ELSS
120503,Axis ELSS Tax Saver Fund - Direct Plan - Growth Option,29-09-2021,82.9626,Axis Mutual Fund,Equity Scheme - ELSS
120503,Axis ELSS Tax Saver Fund - Direct Plan - Growth Option,28-09-2021,83.2962,Axis Mutual Fund,Equity Scheme - ELSS
120503,Axis ELSS Tax Saver Fund - Direct Plan - Growth Option,27-09-2021,84.3182,Axis Mutual Fund,Equity Scheme - ELSS
120503,Axis ELSS Tax Saver Fund - Direct Plan - Growth Option,24-09-2021,84.766,Axis Mutual Fund,Equity Scheme - ELSS
120503,Axis ELSS Tax Saver Fund - Direct Plan - Growth Option,23-09-2021,85.1846,Axis Mutual Fund,Equity Scheme - ELSS
120503,Axis ELSS Tax Saver Fund - Direct Plan - Growth Option,22-09-2021,84.2283,Axis Mutual Fund,Equity Scheme - ELSS
120503,Axis ELSS Tax Saver Fund - Direct Plan - Growth Option,21-09-2021,84.2897,Axis Mutual Fund,Equity Scheme - ELSS
120503,Axis ELSS Tax Saver Fund - Direct Plan - Growth Option,20-09-2021,83.2059,Axis Mutual Fund,Equity Scheme - ELSS
120503,Axis ELSS Tax Saver Fund - Direct Plan - Growth Option,17-09-2021,83.7154,Axis Mutual Fund,Equity Scheme - ELSS
120503,Axis ELSS Tax Saver Fund - Direct Plan - Growth Option,16-09-2021,83.8102,Axis Mutual Fund,Equity Scheme - ELSS
120503,Axis ELSS Tax Saver Fund - Direct Plan - Growth Option,15-09-2021,83.3885,Axis Mutual Fund,Equity Scheme - ELSS
120503,Axis ELSS Tax Saver Fund - Direct Plan - Growth Option,14-09-2021,83.0189,Axis Mutual Fund,Equity Scheme - ELSS
120503,Axis ELSS Tax Saver Fund - Direct Plan - Growth Option,13-09-2021,82.6854,Axis Mutual Fund,Equity Scheme - ELSS
120503,Axis ELSS Tax Saver Fund - Direct Plan - Growth Option,09-09-2021,82.255,Axis Mutual Fund,Equity Scheme - ELSS
120503,Axis ELSS Tax Saver Fund - Direct Plan - Growth Option,08-09-2021,82.0739,Axis Mutual Fund,Equity Scheme - ELSS
120503,Axis ELSS Tax Saver Fund - Direct Plan - Growth Option,07-09-2021,81.7986,Axis Mutual Fund,Equity Scheme - ELSS
120503,Axis ELSS Tax Saver Fund - Direct Plan - Growth Option,06-09-2021,81.9726,Axis Mutual Fund,Equity Scheme - ELSS
120503,Axis ELSS Tax Saver Fund - Direct Plan - Growth Option,03-09-2021,82.0104,Axis Mutual Fund,Equity Scheme - ELSS
120503,Axis ELSS Tax Saver Fund - Direct Plan - Growth Option,02-09-2021,81.864,Axis Mutual Fund,Equity Scheme - ELSS
120503,Axis ELSS Tax Saver Fund - Direct Plan - Growth Option,01-09-2021,81.3088,Axis Mutual Fund,Equity Scheme - ELSS
120503,Axis ELSS Tax Saver Fund - Direct Plan - Growth Option,31-08-2021,81.2869,Axis Mutual Fund,Equity Scheme - ELSS
120503,Axis ELSS Tax Saver Fund - Direct Plan - Growth Option,30-08-2021,80.0445,Axis Mutual Fund,Equity Scheme - ELSS
120503,Axis ELSS Tax Saver Fund - Direct Plan - Growth Option,27-08-2021,78.8144,Axis Mutual Fund,Equity Scheme - ELSS
120503,Axis ELSS Tax Saver Fund - Direct Plan - Growth Option,26-08-2021,78.268,Axis Mutual Fund,Equity Scheme - ELSS
120503,Axis ELSS Tax Saver Fund - Direct Plan - Growth Option,25-08-2021,77.9829,Axis Mutual Fund,Equity Scheme - ELSS
120503,Axis ELSS Tax Saver Fund - Direct Plan - Growth Option,24-08-2021,77.6842,Axis Mutual Fund,Equity Scheme - ELSS
120503,Axis ELSS Tax Saver Fund - Direct Plan - Growth Option,23-08-2021,76.715,Axis Mutual Fund,Equity Scheme - ELSS
120503,Axis ELSS Tax Saver Fund - Direct Plan - Growth Option,20-08-2021,76.3521,Axis Mutual Fund,Equity Scheme - ELSS
120503,Axis ELSS Tax Saver Fund - Direct Plan - Growth Option,18-08-2021,76.6204,Axis Mutual Fund,Equity Scheme - ELSS
120503,Axis ELSS Tax Saver Fund - Direct Plan - Growth Option,17-08-2021,76.4159,Axis Mutual Fund,Equity Scheme - ELSS
120503,Axis ELSS Tax Saver Fund - Direct Plan - Growth Option,16-08-2021,76.0397,Axis Mutual Fund,Equity Scheme - ELSS
120503,Axis ELSS Tax Saver Fund - Direct Plan - Growth Option,13-08-2021,75.9653,Axis Mutual Fund,Equity Scheme - ELSS
120503,Axis ELSS Tax Saver Fund - Direct Plan - Growth Option,12-08-2021,75.6608,Axis Mutual Fund,Equity Scheme - ELSS
120503,Axis ELSS Tax Saver Fund - Direct Plan - Growth Option,11-08-2021,75.3045,Axis Mutual Fund,Equity Scheme - ELSS
120503,Axis ELSS Tax Saver Fund - Direct Plan - Growth Option,10-08-2021,75.5859,Axis Mutual Fund,Equity Scheme - ELSS
120503,Axis ELSS Tax Saver Fund - Direct Plan - Growth Option,09-08-2021,75.5804,Axis Mutual Fund,Equity Scheme - ELSS
120503,Axis ELSS Tax Saver Fund - Direct Plan - Growth Option,06-08-2021,75.8131,Axis Mutual Fund,Equity Scheme - ELSS
120503,Axis ELSS Tax Saver Fund - Direct Plan - Growth Option,05-08-2021,76.008,Axis Mutual Fund,Equity Scheme - ELSS
120503,Axis ELSS Tax Saver Fund - Direct Plan - Growth Option,04-08-2021,76.021,Axis Mutual Fund,Equity Scheme - ELSS
120503,Axis ELSS Tax Saver Fund - Direct Plan - Growth Option,03-08-2021,75.9397,Axis Mutual Fund,Equity Scheme - ELSS
120503,Axis ELSS Tax Saver Fund - Direct Plan - Growth Option,02-08-2021,75.0437,Axis Mutual Fund,Equity Scheme - ELSS
120503,Axis ELSS Tax Saver Fund - Direct Plan - Growth Option,30-07-2021,74.2211,Axis Mutual Fund,Equity Scheme - ELSS
120503,Axis ELSS Tax Saver Fund - Direct Plan - Growth Option,29-07-2021,74.5288,Axis Mutual Fund,Equity Scheme - ELSS
120503,Axis ELSS Tax Saver Fund - Direct Plan - Growth Option,28-07-2021,74.1284,Axis Mutual Fund,Equity Scheme - ELSS
120503,Axis ELSS Tax Saver Fund - Direct Plan - Growth Option,27-07-2021,74.294,Axis Mutual Fund,Equity Scheme - ELSS
120503,Axis ELSS Tax Saver Fund - Direct Plan - Growth Option,26-07-2021,74.4544,Axis Mutual Fund,Equity Scheme - ELSS
120503,Axis ELSS Tax Saver Fund - Direct Plan - Growth Option,23-07-2021,74.5025,Axis Mutual Fund,Equity Scheme - ELSS
120503,Axis ELSS Tax Saver Fund - Direct Plan - Growth Option,22-07-2021,74.5876,Axis Mutual Fund,Equity Scheme - ELSS
120503,Axis ELSS Tax Saver Fund - Direct Plan - Growth Option,20-07-2021,73.8128,Axis Mutual Fund,Equity Scheme - ELSS
120503,Axis ELSS Tax Saver Fund - Direct Plan - Growth Option,19-07-2021,73.9938,Axis Mutual Fund,Equity Scheme - ELSS
120503,Axis ELSS Tax Saver Fund - Direct Plan - Growth Option,16-07-2021,74.3636,Axis Mutual Fund,Equity Scheme - ELSS
120503,Axis ELSS Tax Saver Fund - Direct Plan - Growth Option,15-07-2021,74.2924,Axis Mutual Fund,Equity Scheme - ELSS
120503,Axis ELSS Tax Saver Fund - Direct Plan - Growth Option,14-07-2021,74.218,Axis Mutual Fund,Equity Scheme - ELSS
120503,Axis ELSS Tax Saver Fund - Direct Plan - Growth Option,13-07-2021,74.0438,Axis Mutual Fund,Equity Scheme - ELSS
120503,Axis ELSS Tax Saver Fund - Direct Plan - Growth Option,12-07-2021,74.0474,Axis Mutual Fund,Equity Scheme - ELSS
120503,Axis ELSS Tax Saver Fund - Direct Plan - Growth Option,09-07-2021,74.0795,Axis Mutual Fund,Equity Scheme - ELSS
120503,Axis ELSS Tax Saver Fund - Direct Plan - Growth Option,08-07-2021,73.9363,Axis Mutual Fund,Equity Scheme - ELSS
120503,Axis ELSS Tax Saver Fund - Direct Plan - Growth Option,07-07-2021,74.2331,Axis Mutual Fund,Equity Scheme - ELSS
120503,Axis ELSS Tax Saver Fund - Direct Plan - Growth Option,06-07-2021,73.9922,Axis Mutual Fund,Equity Scheme - ELSS
120503,Axis ELSS Tax Saver Fund - Direct Plan - Growth Option,05-07-2021,74.02,Axis Mutual Fund,Equity Scheme - ELSS
120503,Axis ELSS Tax Saver Fund - Direct Plan - Growth Option,02-07-2021,73.4383,Axis Mutual Fund,Equity Scheme - ELSS
120503,Axis ELSS Tax Saver Fund - Direct Plan - Growth Option,01-07-2021,73.1256,Axis Mutual Fund,Equity Scheme - ELSS
120503,Axis ELSS Tax Saver Fund - Direct Plan - Growth Option,30-06-2021,72.8723,Axis Mutual Fund,Equity Scheme - ELSS
120503,Axis ELSS Tax Saver Fund - Direct Plan - Growth Option,29-06-2021,72.726,Axis Mutual Fund,Equity Scheme - ELSS
120503,Axis ELSS Tax Saver Fund - Direct Plan - Growth Option,28-06-2021,72.8531,Axis Mutual Fund,Equity Scheme - ELSS
120503,Axis ELSS Tax Saver Fund - Direct Plan - Growth Option,25-06-2021,72.8784,Axis Mutual Fund,Equity Scheme - ELSS
120503,Axis ELSS Tax Saver Fund - Direct Plan - Growth Option,24-06-2021,72.5226,Axis Mutual Fund,Equity Scheme - ELSS
120503,Axis ELSS Tax Saver Fund - Direct Plan - Growth Option,23-06-2021,72.1387,Axis Mutual Fund,Equity Scheme - ELSS
120503,Axis ELSS Tax Saver Fund - Direct Plan - Growth Option,22-06-2021,72.5265,Axis Mutual Fund,Equity Scheme - ELSS
120503,Axis ELSS Tax Saver Fund - Direct Plan - Growth Option,21-06-2021,72.3846,Axis Mutual Fund,Equity Scheme - ELSS
120503,Axis ELSS Tax Saver Fund - Direct Plan - Growth Option,18-06-2021,72.1931,Axis Mutual Fund,Equity Scheme - ELSS
120503,Axis ELSS Tax Saver Fund - Direct Plan - Growth Option,17-06-2021,72.3683,Axis Mutual Fund,Equity Scheme - ELSS
120503,Axis ELSS Tax Saver Fund - Direct Plan - Growth Option,16-06-2021,72.6385,Axis Mutual Fund,Equity Scheme - ELSS
120503,Axis ELSS Tax Saver Fund - Direct Plan - Growth Option,15-06-2021,72.8587,Axis Mutual Fund,Equity Scheme - ELSS
120503,Axis ELSS Tax Saver Fund - Direct Plan - Growth Option,14-06-2021,72.4523,Axis Mutual Fund,Equity Scheme - ELSS
120503,Axis ELSS Tax Saver Fund - Direct Plan - Growth Option,11-06-2021,72.2529,Axis Mutual Fund,Equity Scheme - ELSS
120503,Axis ELSS Tax Saver Fund - Direct Plan - Growth Option,10-06-2021,72.3612,Axis Mutual Fund,Equity Scheme - ELSS
120503,Axis ELSS Tax Saver Fund - Direct Plan - Growth Option,09-06-2021,71.4079,Axis Mutual Fund,Equity Scheme - ELSS
120503,Axis ELSS Tax Saver Fund - Direct Plan - Growth Option,08-06-2021,71.682,Axis Mutual Fund,Equity Scheme - ELSS
120503,Axis ELSS Tax Saver Fund - Direct Plan - Growth Option,07-06-2021,71.6821,Axis Mutual Fund,Equity Scheme - ELSS
120503,Axis ELSS Tax Saver Fund - Direct Plan - Growth Option,04-06-2021,71.582,Axis Mutual Fund,Equity Scheme - ELSS
120503,Axis ELSS Tax Saver Fund - Direct Plan - Growth Option,03-06-2021,71.495,Axis Mutual Fund,Equity Scheme - ELSS
120503,Axis ELSS Tax Saver Fund - Direct Plan - Growth Option,02-06-2021,70.9471,Axis Mutual Fund,Equity Scheme - ELSS
120503,Axis ELSS Tax Saver Fund - Direct Plan - Growth Option,01-06-2021,70.3808,Axis Mutual Fund,Equity Scheme - ELSS
120503,Axis ELSS Tax Saver Fund - Direct Plan - Growth Option,31-05-2021,70.2453,Axis Mutual Fund,Equity Scheme - ELSS
120503,Axis ELSS Tax Saver Fund - Direct Plan - Growth Option,28-05-2021,69.8483,Axis Mutual Fund,Equity Scheme - ELSS
120503,Axis ELSS Tax Saver Fund - Direct Plan - Growth Option,27-05-2021,70.0134,Axis Mutual Fund,Equity Scheme - ELSS
120503,Axis ELSS Tax Saver Fund - Direct Plan - Growth Option,26-05-2021,69.8961,Axis Mutual Fund,Equity Scheme - ELSS
120503,Axis ELSS Tax Saver Fund - Direct Plan - Growth Option,25-05-2021,69.3104,Axis Mutual Fund,Equity Scheme - ELSS
120503,Axis ELSS Tax Saver Fund - Direct Plan - Growth Option,24-05-2021,69.0821,Axis Mutual Fund,Equity Scheme - ELSS
120503,Axis ELSS Tax Saver Fund - Direct Plan - Growth Option,21-05-2021,69.0525,Axis Mutual Fund,Equity Scheme - ELSS
120503,Axis ELSS Tax Saver Fund - Direct Plan - Growth Option,20-05-2021,68.1195,Axis Mutual Fund,Equity Scheme - ELSS
120503,Axis ELSS Tax Saver Fund - Direct Plan - Growth Option,19-05-2021,68.4275,Axis Mutual Fund,Equity Scheme - ELSS
120503,Axis ELSS Tax Saver Fund - Direct Plan - Growth Option,18-05-2021,68.7087,Axis Mutual Fund,Equity Scheme - ELSS
120503,Axis ELSS Tax Saver Fund - Direct Plan - Growth Option,17-05-2021,67.3697,Axis Mutual Fund,Equity Scheme - ELSS
120503,Axis ELSS Tax Saver Fund - Direct Plan - Growth Option,14-05-2021,66.5356,Axis Mutual Fund,Equity Scheme - ELSS
120503,Axis ELSS Tax Saver Fund - Direct Plan - Growth Option,12-05-2021,66.9675,Axis Mutual Fund,Equity Scheme - ELSS
120503,Axis ELSS Tax Saver Fund - Direct Plan - Growth Option,11-05-2021,67.5422,Axis Mutual Fund,Equity Scheme - ELSS
120503,Axis ELSS Tax Saver Fund - Direct Plan - Growth Option,10-05-2021,68.1078,Axis Mutual Fund,Equity Scheme - ELSS
120503,Axis ELSS Tax Saver Fund - Direct Plan - Growth Option,07-05-2021,67.558,Axis Mutual Fund,Equity Scheme - ELSS
120503,Axis ELSS Tax Saver Fund - Direct Plan - Growth Option,06-05-2021,67.5074,Axis Mutual Fund,Equity Scheme - ELSS
120503,Axis ELSS Tax Saver Fund - Direct Plan - Growth Option,05-05-2021,67.165,Axis Mutual Fund,Equity Scheme - ELSS
120503,Axis ELSS Tax Saver Fund - Direct Plan - Growth Option,04-05-2021,66.6541,Axis Mutual Fund,Equity Scheme - ELSS
120503,Axis ELSS Tax Saver Fund - Direct Plan - Growth Option,03-05-2021,67.0875,Axis Mutual Fund,Equity Scheme - ELSS
120503,Axis ELSS Tax Saver Fund - Direct Plan - Growth Option,30-04-2021,66.9264,Axis Mutual Fund,Equity Scheme - ELSS
120503,Axis ELSS Tax Saver Fund - Direct Plan - Growth Option,29-04-2021,68.0292,Axis Mutual Fund,Equity Scheme - ELSS
120503,Axis ELSS Tax Saver Fund - Direct Plan - Growth Option,28-04-2021,67.9358,Axis Mutual Fund,Equity Scheme - ELSS
120503,Axis ELSS Tax Saver Fund - Direct Plan - Growth Option,27-04-2021,66.5924,Axis Mutual Fund,Equity Scheme - ELSS
120503,Axis ELSS Tax Saver Fund - Direct Plan - Growth Option,26-04-2021,65.8562,Axis Mutual Fund,Equity Scheme - ELSS
120503,Axis ELSS Tax Saver Fund - Direct Plan - Growth Option,23-04-2021,65.4656,Axis Mutual Fund,Equity Scheme - ELSS
120503,Axis ELSS Tax Saver Fund - Direct Plan - Growth Option,22-04-2021,65.4039,Axis Mutual Fund,Equity Scheme - ELSS
120503,Axis ELSS Tax Saver Fund - Direct Plan - Growth Option,20-04-2021,65.0174,Axis Mutual Fund,Equity Scheme - ELSS
120503,Axis ELSS Tax Saver Fund - Direct Plan - Growth Option,19-04-2021,65.0908,Axis Mutual Fund,Equity Scheme - ELSS
120503,Axis ELSS Tax Saver Fund - Direct Plan - Growth Option,16-04-2021,66.3723,Axis Mutual Fund,Equity Scheme - ELSS
120503,Axis ELSS Tax Saver Fund - Direct Plan - Growth Option,15-04-2021,65.7774,Axis Mutual Fund,Equity Scheme - ELSS
120503,Axis ELSS Tax Saver Fund - Direct Plan - Growth Option,13-04-2021,65.5948,Axis Mutual Fund,Equity Scheme - ELSS
120503,Axis ELSS Tax Saver Fund - Direct Plan - Growth Option,12-04-2021,65.222,Axis Mutual Fund,Equity Scheme - ELSS
120503,Axis ELSS Tax Saver Fund - Direct Plan - Growth Option,09-04-2021,67.7033,Axis Mutual Fund,Equity Scheme - ELSS
120503,Axis ELSS Tax Saver Fund - Direct Plan - Growth Option,08-04-2021,67.8958,Axis Mutual Fund,Equity Scheme - ELSS
120503,Axis ELSS Tax Saver Fund - Direct Plan - Growth Option,07-04-2021,67.4155,Axis Mutual Fund,Equity Scheme - ELSS
120503,Axis ELSS Tax Saver Fund - Direct Plan - Growth Option,06-04-2021,66.3985,Axis Mutual Fund,Equity Scheme - ELSS
120503,Axis ELSS Tax Saver Fund - Direct Plan - Growth Option,05-04-2021,66.1132,Axis Mutual Fund,Equity Scheme - ELSS
120503,Axis ELSS Tax Saver Fund - Direct Plan - Growth Option,01-04-2021,67.0371,Axis Mutual Fund,Equity Scheme - ELSS
120503,Axis ELSS Tax Saver Fund - Direct Plan - Growth Option,31-03-2021,66.3499,Axis Mutual Fund,Equity Scheme - ELSS
120503,Axis ELSS Tax Saver Fund - Direct Plan - Growth Option,30-03-2021,66.5679,Axis Mutual Fund,Equity Scheme - ELSS
120503,Axis ELSS Tax Saver Fund - Direct Plan - Growth Option,26-03-2021,65.7904,Axis Mutual Fund,Equity Scheme - ELSS
120503,Axis ELSS Tax Saver Fund - Direct Plan - Growth Option,25-03-2021,64.864,Axis Mutual Fund,Equity Scheme - ELSS
120503,Axis ELSS Tax Saver Fund - Direct Plan - Growth Option,24-03-2021,66.1412,Axis Mutual Fund,Equity Scheme - ELSS
120503,Axis ELSS Tax Saver Fund - Direct Plan - Growth Option,23-03-2021,67.2521,Axis Mutual Fund,Equity Scheme - ELSS
120503,Axis ELSS Tax Saver Fund - Direct Plan - Growth Option,22-03-2021,66.8021,Axis Mutual Fund,Equity Scheme - ELSS
120503,Axis ELSS Tax Saver Fund - Direct Plan - Growth Option,19-03-2021,66.7529,Axis Mutual Fund,Equity Scheme - ELSS
120503,Axis ELSS Tax Saver Fund - Direct Plan - Growth Option,18-03-2021,66.2719,Axis Mutual Fund,Equity Scheme - ELSS
120503,Axis ELSS Tax Saver Fund - Direct Plan - Growth Option,17-03-2021,67.2323,Axis Mutual Fund,Equity Scheme - ELSS
120503,Axis ELSS Tax Saver Fund - Direct Plan - Growth Option,16-03-2021,68.0344,Axis Mutual Fund,Equity Scheme - ELSS
120503,Axis ELSS Tax Saver Fund - Direct Plan - Growth Option,15-03-2021,67.9814,Axis Mutual Fund,Equity Scheme - ELSS
120503,Axis ELSS Tax Saver Fund - Direct Plan - Growth Option,12-03-2021,68.3853,Axis Mutual Fund,Equity Scheme - ELSS
120503,Axis ELSS Tax Saver Fund - Direct Plan - Growth Option,10-03-2021,68.9064,Axis Mutual Fund,Equity Scheme - ELSS
120503,Axis ELSS Tax Saver Fund - Direct Plan - Growth Option,09-03-2021,68.541,Axis Mutual Fund,Equity Scheme - ELSS
120503,Axis ELSS Tax Saver Fund - Direct Plan - Growth Option,08-03-2021,68.0512,Axis Mutual Fund,Equity Scheme - ELSS
120503,Axis ELSS Tax Saver Fund - Direct Plan - Growth Option,05-03-2021,68.454,Axis Mutual Fund,Equity Scheme - ELSS
120503,Axis ELSS Tax Saver Fund - Direct Plan - Growth Option,04-03-2021,68.9431,Axis Mutual Fund,Equity Scheme - ELSS
120503,Axis ELSS Tax Saver Fund - Direct Plan - Growth Option,03-03-2021,69.1273,Axis Mutual Fund,Equity Scheme - ELSS
120503,Axis ELSS Tax Saver Fund - Direct Plan - Growth Option,02-03-2021,67.814,Axis Mutual Fund,Equity Scheme - ELSS
120503,Axis ELSS Tax Saver Fund - Direct Plan - Growth Option,01-03-2021,66.6336,Axis Mutual Fund,Equity Scheme - ELSS
120503,Axis ELSS Tax Saver Fund - Direct Plan - Growth Option,26-02-2021,65.7906,Axis Mutual Fund,Equity Scheme - ELSS
120503,Axis ELSS Tax Saver Fund - Direct Plan - Growth Option,25-02-2021,67.5493,Axis Mutual Fund,Equity Scheme - ELSS
120503,Axis ELSS Tax Saver Fund - Direct Plan - Growth Option,24-02-2021,67.3751,Axis Mutual Fund,Equity Scheme - ELSS
120503,Axis ELSS Tax Saver Fund - Direct Plan - Growth Option,23-02-2021,66.8644,Axis Mutual Fund,Equity Scheme - ELSS
120503,Axis ELSS Tax Saver Fund - Direct Plan - Growth Option,22-02-2021,66.7885,Axis Mutual Fund,Equity Scheme - ELSS
120503,Axis ELSS Tax Saver Fund - Direct Plan - Growth Option,19-02-2021,67.9212,Axis Mutual Fund,Equity Scheme - ELSS
120503,Axis ELSS Tax Saver Fund - Direct Plan - Growth Option,18-02-2021,68.5185,Axis Mutual Fund,Equity Scheme - ELSS
120503,Axis ELSS Tax Saver Fund - Direct Plan - Growth Option,17-02-2021,68.6967,Axis Mutual Fund,Equity Scheme - ELSS
120503,Axis ELSS Tax Saver Fund - Direct Plan - Growth Option,16-02-2021,69.3418,Axis Mutual Fund,Equity Scheme - ELSS
120503,Axis ELSS Tax Saver Fund - Direct Plan - Growth Option,15-02-2021,69.3997,Axis Mutual Fund,Equity Scheme - ELSS
120503,Axis ELSS Tax Saver Fund - Direct Plan - Growth Option,12-02-2021,68.1007,Axis Mutual Fund,Equity Scheme - ELSS
120503,Axis ELSS Tax Saver Fund - Direct Plan - Growth Option,11-02-2021,68.1178,Axis Mutual Fund,Equity Scheme - ELSS
120503,Axis ELSS Tax Saver Fund - Direct Plan - Growth Option,10-02-2021,67.59,Axis Mutual Fund,Equity Scheme - ELSS
120503,Axis ELSS Tax Saver Fund - Direct Plan - Growth Option,09-02-2021,66.9563,Axis Mutual Fund,Equity Scheme - ELSS
120503,Axis ELSS Tax Saver Fund - Direct Plan - Growth Option,08-02-2021,67.1298,Axis Mutual Fund,Equity Scheme - ELSS
120503,Axis ELSS Tax Saver Fund - Direct Plan - Growth Option,05-02-2021,66.3772,Axis Mutual Fund,Equity Scheme - ELSS
120503,Axis ELSS Tax Saver Fund - Direct Plan - Growth Option,04-02-2021,66.216,Axis Mutual Fund,Equity Scheme - ELSS
120503,Axis ELSS Tax Saver Fund - Direct Plan - Growth Option,03-02-2021,65.4614,Axis Mutual Fund,Equity Scheme - ELSS
120503,Axis ELSS Tax Saver Fund - Direct Plan - Growth Option,02-02-2021,64.9817,Axis Mutual Fund,Equity Scheme - ELSS
120503,Axis ELSS Tax Saver Fund - Direct Plan - Growth Option,01-02-2021,63.2909,Axis Mutual Fund,Equity Scheme - ELSS
120503,Axis ELSS Tax Saver Fund - Direct Plan - Growth Option,29-01-2021,61.0128,Axis Mutual Fund,Equity Scheme - ELSS
120503,Axis ELSS Tax Saver Fund - Direct Plan - Growth Option,28-01-2021,62.2646,Axis Mutual Fund,Equity Scheme - ELSS
120503,Axis ELSS Tax Saver Fund - Direct Plan - Growth Option,27-01-2021,63.2001,Axis Mutual Fund,Equity Scheme - ELSS
120503,Axis ELSS Tax Saver Fund - Direct Plan - Growth Option,25-01-2021,64.4204,Axis Mutual Fund,Equity Scheme - ELSS
120503,Axis ELSS Tax Saver Fund - Direct Plan - Growth Option,22-01-2021,65.0458,Axis Mutual Fund,Equity Scheme - ELSS
120503,Axis ELSS Tax Saver Fund - Direct Plan - Growth Option,21-01-2021,65.3636,Axis Mutual Fund,Equity Scheme - ELSS
120503,Axis ELSS Tax Saver Fund - Direct Plan - Growth Option,20-01-2021,65.6415,Axis Mutual Fund,Equity Scheme - ELSS
120503,Axis ELSS Tax Saver Fund - Direct Plan - Growth Option,19-01-2021,65.1644,Axis Mutual Fund,Equity Scheme - ELSS
120503,Axis ELSS Tax Saver Fund - Direct Plan - Growth Option,18-01-2021,63.9697,Axis Mutual Fund,Equity Scheme - ELSS
120503,Axis ELSS Tax Saver Fund - Direct Plan - Growth Option,15-01-2021,65.1807,Axis Mutual Fund,Equity Scheme - ELSS
120503,Axis ELSS Tax Saver Fund - Direct Plan - Growth Option,14-01-2021,66.0755,Axis Mutual Fund,Equity Scheme - ELSS
120503,Axis ELSS Tax Saver Fund - Direct Plan - Growth Option,13-01-2021,66.0534,Axis Mutual Fund,Equity Scheme - ELSS
120503,Axis ELSS Tax Saver Fund - Direct Plan - Growth Option,12-01-2021,66.9093,Axis Mutual Fund,Equity Scheme - ELSS
120503,Axis ELSS Tax Saver Fund - Direct Plan - Growth Option,11-01-2021,67.1855,Axis Mutual Fund,Equity Scheme - ELSS
120503,Axis ELSS Tax Saver Fund - Direct Plan - Growth Option,08-01-2021,66.77,Axis Mutual Fund,Equity Scheme - ELSS
120503,Axis ELSS Tax Saver Fund - Direct Plan - Growth Option,07-01-2021,65.7504,Axis Mutual Fund,Equity Scheme - ELSS
120503,Axis ELSS Tax Saver Fund - Direct Plan - Growth Option,06-01-2021,65.8741,Axis Mutual Fund,Equity Scheme - ELSS
120503,Axis ELSS Tax Saver Fund - Direct Plan - Growth Option,05-01-2021,66.3871,Axis Mutual Fund,Equity Scheme - ELSS
120503,Axis ELSS Tax Saver Fund - Direct Plan - Growth Option,04-01-2021,65.5681,Axis Mutual Fund,Equity Scheme - ELSS
120503,Axis ELSS Tax Saver Fund - Direct Plan - Growth Option,01-01-2021,64.982,Axis Mutual Fund,Equity Scheme - ELSS
120503,Axis ELSS Tax Saver Fund - Direct Plan - Growth Option,31-12-2020,64.6805,Axis Mutual Fund,Equity Scheme - ELSS
120503,Axis ELSS Tax Saver Fund - Direct Plan - Growth Option,30-12-2020,64.5447,Axis Mutual Fund,Equity Scheme - ELSS
120503,Axis ELSS Tax Saver Fund - Direct Plan - Growth Option,29-12-2020,64.0114,Axis Mutual Fund,Equity Scheme - ELSS
120503,Axis ELSS Tax Saver Fund - Direct Plan - Growth Option,28-12-2020,63.9489,Axis Mutual Fund,Equity Scheme - ELSS
120503,Axis ELSS Tax Saver Fund - Direct Plan - Growth Option,24-12-2020,63.4684,Axis Mutual Fund,Equity Scheme - ELSS
120503,Axis ELSS Tax Saver Fund - Direct Plan - Growth Option,23-12-2020,63.0442,Axis Mutual Fund,Equity Scheme - ELSS
120503,Axis ELSS Tax Saver Fund - Direct Plan - Growth Option,22-12-2020,62.375,Axis Mutual Fund,Equity Scheme - ELSS
120503,Axis ELSS Tax Saver Fund - Direct Plan - Growth Option,21-12-2020,61.9754,Axis Mutual Fund,Equity Scheme - ELSS
120503,Axis ELSS Tax Saver Fund - Direct Plan - Growth Option,18-12-2020,63.654,Axis Mutual Fund,Equity Scheme - ELSS
120503,Axis ELSS Tax Saver Fund - Direct Plan - Growth Option,17-12-2020,63.309,Axis Mutual Fund,Equity Scheme - ELSS
120503,Axis ELSS Tax Saver Fund - Direct Plan - Growth Option,16-12-2020,62.9874,Axis Mutual Fund,Equity Scheme - ELSS
120503,Axis ELSS Tax Saver Fund - Direct Plan - Growth Option,15-12-2020,62.6215,Axis Mutual Fund,Equity Scheme - ELSS
120503,Axis ELSS Tax Saver Fund - Direct Plan - Growth Option,14-12-2020,62.2695,Axis Mutual Fund,Equity Scheme - ELSS
120503,Axis ELSS Tax Saver Fund - Direct Plan - Growth Option,11-12-2020,61.9606,Axis Mutual Fund,Equity Scheme - ELSS
120503,Axis ELSS Tax Saver Fund - Direct Plan - Growth Option,10-12-2020,61.9425,Axis Mutual Fund,Equity Scheme - ELSS
120503,Axis ELSS Tax Saver Fund - Direct Plan - Growth Option,09-12-2020,61.8566,Axis Mutual Fund,Equity Scheme - ELSS
120503,Axis ELSS Tax Saver Fund - Direct Plan - Growth Option,08-12-2020,61.3644,Axis Mutual Fund,Equity Scheme - ELSS
120503,Axis ELSS Tax Saver Fund - Direct Plan - Growth Option,07-12-2020,61.1734,Axis Mutual Fund,Equity Scheme - ELSS
120503,Axis ELSS Tax Saver Fund - Direct Plan - Growth Option,04-12-2020,61.0214,Axis Mutual Fund,Equity Scheme - ELSS
120503,Axis ELSS Tax Saver Fund - Direct Plan - Growth Option,03-12-2020,60.7394,Axis Mutual Fund,Equity Scheme - ELSS
120503,Axis ELSS Tax Saver Fund - Direct Plan - Growth Option,02-12-2020,60.3507,Axis Mutual Fund,Equity Scheme - ELSS
120503,Axis ELSS Tax Saver Fund - Direct Plan - Growth Option,01-12-2020,60.5083,Axis Mutual Fund,Equity Scheme - ELSS
120503,Axis ELSS Tax Saver Fund - Direct Plan - Growth Option,27-11-2020,60.2353,Axis Mutual Fund,Equity Scheme - ELSS
120503,Axis ELSS Tax Saver Fund - Direct Plan - Growth Option,26-11-2020,59.7982,Axis Mutual Fund,Equity Scheme - ELSS
120503,Axis ELSS Tax Saver Fund - Direct Plan - Growth Option,25-11-2020,59.1082,Axis Mutual Fund,Equity Scheme - ELSS
120503,Axis ELSS Tax Saver Fund - Direct Plan - Growth Option,24-11-2020,60.1029,Axis Mutual Fund,Equity Scheme - ELSS
120503,Axis ELSS Tax Saver Fund - Direct Plan - Growth Option,23-11-2020,59.8224,Axis Mutual Fund,Equity Scheme - ELSS
120503,Axis ELSS Tax Saver Fund - Direct Plan - Growth Option,20-11-2020,59.1344,Axis Mutual Fund,Equity Scheme - ELSS
120503,Axis ELSS Tax Saver Fund - Direct Plan - Growth Option,19-11-2020,58.0742,Axis Mutual Fund,Equity Scheme - ELSS
120503,Axis ELSS Tax Saver Fund - Direct Plan - Growth Option,18-11-2020,58.5899,Axis Mutual Fund,Equity Scheme - ELSS
120503,Axis ELSS Tax Saver Fund - Direct Plan - Growth Option,17-11-2020,58.2212,Axis Mutual Fund,Equity Scheme - ELSS
120503,Axis ELSS Tax Saver Fund - Direct Plan - Growth Option,13-11-2020,57.2281,Axis Mutual Fund,Equity Scheme - ELSS
120503,Axis ELSS Tax Saver Fund - Direct Plan - Growth Option,12-11-2020,56.9553,Axis Mutual Fund,Equity Scheme - ELSS
120503,Axis ELSS Tax Saver Fund - Direct Plan - Growth Option,11-11-2020,56.9431,Axis Mutual Fund,Equity Scheme - ELSS
120503,Axis ELSS Tax Saver Fund - Direct Plan - Growth Option,10-11-2020,56.2903,Axis Mutual Fund,Equity Scheme - ELSS
120503,Axis ELSS Tax Saver Fund - Direct Plan - Growth Option,09-11-2020,55.9657,Axis Mutual Fund,Equity Scheme - ELSS
120503,Axis ELSS Tax Saver Fund - Direct Plan - Growth Option,06-11-2020,55.3169,Axis Mutual Fund,Equity Scheme - ELSS
120503,Axis ELSS Tax Saver Fund - Direct Plan - Growth Option,05-11-2020,54.9099,Axis Mutual Fund,Equity Scheme - ELSS
120503,Axis ELSS Tax Saver Fund - Direct Plan - Growth Option,04-11-2020,54.0352,Axis Mutual Fund,Equity Scheme - ELSS
120503,Axis ELSS Tax Saver Fund - Direct Plan - Growth Option,03-11-2020,53.4532,Axis Mutual Fund,Equity Scheme - ELSS
120503,Axis ELSS Tax Saver Fund - Direct Plan - Growth Option,02-11-2020,52.8932,Axis Mutual Fund,Equity Scheme - ELSS
120503,Axis ELSS Tax Saver Fund - Direct Plan - Growth Option,30-10-2020,52.6432,Axis Mutual Fund,Equity Scheme - ELSS
120503,Axis ELSS Tax Saver Fund - Direct Plan - Growth Option,29-10-2020,52.8208,Axis Mutual Fund,Equity Scheme - ELSS
120503,Axis ELSS Tax Saver Fund - Direct Plan - Growth Option,28-10-2020,52.7335,Axis Mutual Fund,Equity Scheme - ELSS
120503,Axis ELSS Tax Saver Fund - Direct Plan - Growth Option,27-10-2020,53.3319,Axis Mutual Fund,Equity Scheme - ELSS
120503,Axis ELSS Tax Saver Fund - Direct Plan - Growth Option,26-10-2020,52.0546,Axis Mutual Fund,Equity Scheme - ELSS
120503,Axis ELSS Tax Saver Fund - Direct Plan - Growth Option,23-10-2020,52.3818,Axis Mutual Fund,Equity Scheme - ELSS
120503,Axis ELSS Tax Saver Fund - Direct Plan - Growth Option,22-10-2020,51.8735,Axis Mutual Fund,Equity Scheme - ELSS
120503,Axis ELSS Tax Saver Fund - Direct Plan - Growth Option,21-10-2020,51.8558,Axis Mutual Fund,Equity Scheme - ELSS
120503,Axis ELSS Tax Saver Fund - Direct Plan - Growth Option,20-10-2020,51.9759,Axis Mutual Fund,Equity Scheme - ELSS
120503,Axis ELSS Tax Saver Fund - Direct Plan - Growth Option,19-10-2020,51.7939,Axis Mutual Fund,Equity Scheme - ELSS
120503,Axis ELSS Tax Saver Fund - Direct Plan - Growth Option,16-10-2020,51.5,Axis Mutual Fund,Equity Scheme - ELSS
120503,Axis ELSS Tax Saver Fund - Direct Plan - Growth Option,15-10-2020,51.0383,Axis Mutual Fund,Equity Scheme - ELSS
120503,Axis ELSS Tax Saver Fund - Direct Plan - Growth Option,14-10-2020,52.1671,Axis Mutual Fund,Equity Scheme - ELSS
120503,Axis ELSS Tax Saver Fund - Direct Plan - Growth Option,13-10-2020,51.7895,Axis Mutual Fund,Equity Scheme - ELSS
120503,Axis ELSS Tax Saver Fund - Direct Plan - Growth Option,12-10-2020,52.0031,Axis Mutual Fund,Equity Scheme - ELSS
120503,Axis ELSS Tax Saver Fund - Direct Plan - Growth Option,09-10-2020,52.0684,Axis Mutual Fund,Equity Scheme - ELSS
120503,Axis ELSS Tax Saver Fund - Direct Plan - Growth Option,08-10-2020,52.0817,Axis Mutual Fund,Equity Scheme - ELSS
120503,Axis ELSS Tax Saver Fund - Direct Plan - Growth Option,07-10-2020,51.769,Axis Mutual Fund,Equity Scheme - ELSS
120503,Axis ELSS Tax Saver Fund - Direct Plan - Growth Option,06-10-2020,51.8471,Axis Mutual Fund,Equity Scheme - ELSS
120503,Axis ELSS Tax Saver Fund - Direct Plan - Growth Option,05-10-2020,51.3416,Axis Mutual Fund,Equity Scheme - ELSS
120503,Axis ELSS Tax Saver Fund - Direct Plan - Growth Option,01-10-2020,51.2488,Axis Mutual Fund,Equity Scheme - ELSS
120503,Axis ELSS Tax Saver Fund - Direct Plan - Growth Option,30-09-2020,50.5719,Axis Mutual Fund,Equity Scheme - ELSS
120503,Axis ELSS Tax Saver Fund - Direct Plan - Growth Option,29-09-2020,50.3304,Axis Mutual Fund,Equity Scheme - ELSS
120503,Axis ELSS Tax Saver Fund - Direct Plan - Growth Option,28-09-2020,50.1929,Axis Mutual Fund,Equity Scheme - ELSS
120503,Axis ELSS Tax Saver Fund - Direct Plan - Growth Option,25-09-2020,49.1743,Axis Mutual Fund,Equity Scheme - ELSS
120503,Axis ELSS Tax Saver Fund - Direct Plan - Growth Option,24-09-2020,48.0502,Axis Mutual Fund,Equity Scheme - ELSS
120503,Axis ELSS Tax Saver Fund - Direct Plan - Growth Option,23-09-2020,49.3347,Axis Mutual Fund,Equity Scheme - ELSS
120503,Axis ELSS Tax Saver Fund - Direct Plan - Growth Option,22-09-2020,49.5275,Axis Mutual Fund,Equity Scheme - ELSS
120503,Axis ELSS Tax Saver Fund - Direct Plan - Growth Option,21-09-2020,49.8814,Axis Mutual Fund,Equity Scheme - ELSS
120503,Axis ELSS Tax Saver Fund - Direct Plan - Growth Option,18-09-2020,51.1081,Axis Mutual Fund,Equity Scheme - ELSS
120503,Axis ELSS Tax Saver Fund - Direct Plan - Growth Option,17-09-2020,51.2436,Axis Mutual Fund,Equity Scheme - ELSS
120503,Axis ELSS Tax Saver Fund - Direct Plan - Growth Option,16-09-2020,51.5236,Axis Mutual Fund,Equity Scheme - ELSS
120503,Axis ELSS Tax Saver Fund - Direct Plan - Growth Option,15-09-2020,51.2406,Axis Mutual Fund,Equity Scheme - ELSS
120503,Axis ELSS Tax Saver Fund - Direct Plan - Growth Option,14-09-2020,50.833,Axis Mutual Fund,Equity Scheme - ELSS
120503,Axis ELSS Tax Saver Fund - Direct Plan - Growth Option,11-09-2020,50.7472,Axis Mutual Fund,Equity Scheme - ELSS
120503,Axis ELSS Tax Saver Fund - Direct Plan - Growth Option,10-09-2020,50.6651,Axis Mutual Fund,Equity Scheme - ELSS
120503,Axis ELSS Tax Saver Fund - Direct Plan - Growth Option,09-09-2020,50.3218,Axis Mutual Fund,Equity Scheme - ELSS
120503,Axis ELSS Tax Saver Fund - Direct Plan - Growth Option,08-09-2020,50.6846,Axis Mutual Fund,Equity Scheme - ELSS
120503,Axis ELSS Tax Saver Fund - Direct Plan - Growth Option,07-09-2020,50.997,Axis Mutual Fund,Equity Scheme - ELSS
120503,Axis ELSS Tax Saver Fund - Direct Plan - Growth Option,04-09-2020,51.1327,Axis Mutual Fund,Equity Scheme - ELSS
120503,Axis ELSS Tax Saver Fund - Direct Plan - Growth Option,03-09-2020,51.7669,Axis Mutual Fund,Equity Scheme - ELSS
120503,Axis ELSS Tax Saver Fund - Direct Plan - Growth Option,02-09-2020,51.5632,Axis Mutual Fund,Equity Scheme - ELSS
120503,Axis ELSS Tax Saver Fund - Direct Plan - Growth Option,01-09-2020,51.2617,Axis Mutual Fund,Equity Scheme - ELSS
120503,Axis ELSS Tax Saver Fund - Direct Plan - Growth Option,31-08-2020,50.578,Axis Mutual Fund,Equity Scheme - ELSS
120503,Axis ELSS Tax Saver Fund - Direct Plan - Growth Option,28-08-2020,52.1529,Axis Mutual Fund,Equity Scheme - ELSS
120503,Axis ELSS Tax Saver Fund - Direct Plan - Growth Option,27-08-2020,51.8177,Axis Mutual Fund,Equity Scheme - ELSS
120503,Axis ELSS Tax Saver Fund - Direct Plan - Growth Option,26-08-2020,51.9163,Axis Mutual Fund,Equity Scheme - ELSS
120503,Axis ELSS Tax Saver Fund - Direct Plan - Growth Option,25-08-2020,51.8047,Axis Mutual Fund,Equity Scheme - ELSS
120503,Axis ELSS Tax Saver Fund - Direct Plan - Growth Option,24-08-2020,51.5292,Axis Mutual Fund,Equity Scheme - ELSS
120503,Axis ELSS Tax Saver Fund - Direct Plan - Growth Option,21-08-2020,51.046,Axis Mutual Fund,Equity Scheme - ELSS
120503,Axis ELSS Tax Saver Fund - Direct Plan - Growth Option,20-08-2020,50.7888,Axis Mutual Fund,Equity Scheme - ELSS
120503,Axis ELSS Tax Saver Fund - Direct Plan - Growth Option,19-08-2020,50.8747,Axis Mutual Fund,Equity Scheme - ELSS
120503,Axis ELSS Tax Saver Fund - Direct Plan - Growth Option,18-08-2020,50.7373,Axis Mutual Fund,Equity Scheme - ELSS
120503,Axis ELSS Tax Saver Fund - Direct Plan - Growth Option,17-08-2020,50.0781,Axis Mutual Fund,Equity Scheme - ELSS
120503,Axis ELSS Tax Saver Fund - Direct Plan - Growth Option,14-08-2020,49.6459,Axis Mutual Fund,Equity Scheme - ELSS
120503,Axis ELSS Tax Saver Fund - Direct Plan - Growth Option,13-08-2020,50.2208,Axis Mutual Fund,Equity Scheme - ELSS
120503,Axis ELSS Tax Saver Fund - Direct Plan - Growth Option,12-08-2020,50.1173,Axis Mutual Fund,Equity Scheme - ELSS
120503,Axis ELSS Tax Saver Fund - Direct Plan - Growth Option,11-08-2020,50.333,Axis Mutual Fund,Equity Scheme - ELSS
120503,Axis ELSS Tax Saver Fund - Direct Plan - Growth Option,10-08-2020,50.3349,Axis Mutual Fund,Equity Scheme - ELSS
120503,Axis ELSS Tax Saver Fund - Direct Plan - Growth Option,07-08-2020,49.7696,Axis Mutual Fund,Equity Scheme - ELSS
120503,Axis ELSS Tax Saver Fund - Direct Plan - Growth Option,06-08-2020,49.3785,Axis Mutual Fund,Equity Scheme - ELSS
120503,Axis ELSS Tax Saver Fund - Direct Plan - Growth Option,05-08-2020,48.9544,Axis Mutual Fund,Equity Scheme - ELSS
120503,Axis ELSS Tax Saver Fund - Direct Plan - Growth Option,04-08-2020,48.7527,Axis Mutual Fund,Equity Scheme - ELSS
120503,Axis ELSS Tax Saver Fund - Direct Plan - Growth Option,03-08-2020,48.0767,Axis Mutual Fund,Equity Scheme - ELSS
120503,Axis ELSS Tax Saver Fund - Direct Plan - Growth Option,31-07-2020,48.6272,Axis Mutual Fund,Equity Scheme - ELSS
120503,Axis ELSS Tax Saver Fund - Direct Plan - Growth Option,30-07-2020,48.4634,Axis Mutual Fund,Equity Scheme - ELSS
120503,Axis ELSS Tax Saver Fund - Direct Plan - Growth Option,29-07-2020,48.6187,Axis Mutual Fund,Equity Scheme - ELSS
120503,Axis ELSS Tax Saver Fund - Direct Plan - Growth Option,28-07-2020,48.6965,Axis Mutual Fund,Equity Scheme - ELSS
120503,Axis ELSS Tax Saver Fund - Direct Plan - Growth Option,27-07-2020,47.9389,Axis Mutual Fund,Equity Scheme - ELSS
120503,Axis ELSS Tax Saver Fund - Direct Plan - Growth Option,24-07-2020,48.2886,Axis Mutual Fund,Equity Scheme - ELSS
120503,Axis ELSS Tax Saver Fund - Direct Plan - Growth Option,23-07-2020,48.8602,Axis Mutual Fund,Equity Scheme - ELSS
120503,Axis ELSS Tax Saver Fund - Direct Plan - Growth Option,22-07-2020,48.5253,Axis Mutual Fund,Equity Scheme - ELSS
120503,Axis ELSS Tax Saver Fund - Direct Plan - Growth Option,21-07-2020,48.8579,Axis Mutual Fund,Equity Scheme - ELSS
120503,Axis ELSS Tax Saver Fund - Direct Plan - Growth Option,20-07-2020,48.7371,Axis Mutual Fund,Equity Scheme - ELSS
120503,Axis ELSS Tax Saver Fund - Direct Plan - Growth Option,17-07-2020,48.0103,Axis Mutual Fund,Equity Scheme - ELSS
120503,Axis ELSS Tax Saver Fund - Direct Plan - Growth Option,16-07-2020,47.5782,Axis Mutual Fund,Equity Scheme - ELSS
120503,Axis ELSS Tax Saver Fund - Direct Plan - Growth Option,15-07-2020,47.3582,Axis Mutual Fund,Equity Scheme - ELSS
120503,Axis ELSS Tax Saver Fund - Direct Plan - Growth Option,14-07-2020,47.2694,Axis Mutual Fund,Equity Scheme - ELSS
120503,Axis ELSS Tax Saver Fund - Direct Plan - Growth Option,13-07-2020,48.0225,Axis Mutual Fund,Equity Scheme - ELSS
120503,Axis ELSS Tax Saver Fund - Direct Plan - Growth Option,10-07-2020,48.3586,Axis Mutual Fund,Equity Scheme - ELSS
120503,Axis ELSS Tax Saver Fund - Direct Plan - Growth Option,09-07-2020,48.6452,Axis Mutual Fund,Equity Scheme - ELSS
120503,Axis ELSS Tax Saver Fund - Direct Plan - Growth Option,08-07-2020,48.2897,Axis Mutual Fund,Equity Scheme - ELSS
120503,Axis ELSS Tax Saver Fund - Direct Plan - Growth Option,07-07-2020,49.0073,Axis Mutual Fund,Equity Scheme - ELSS
120503,Axis ELSS Tax Saver Fund - Direct Plan - Growth Option,06-07-2020,48.2351,Axis Mutual Fund,Equity Scheme - ELSS
120503,Axis ELSS Tax Saver Fund - Direct Plan - Growth Option,03-07-2020,47.5785,Axis Mutual Fund,Equity Scheme - ELSS
120503,Axis ELSS Tax Saver Fund - Direct Plan - Growth Option,02-07-2020,47.6297,Axis Mutual Fund,Equity Scheme - ELSS
120503,Axis ELSS Tax Saver Fund - Direct Plan - Growth Option,01-07-2020,47.2575,Axis Mutual Fund,Equity Scheme - ELSS
120503,Axis ELSS Tax Saver Fund - Direct Plan - Growth Option,30-06-2020,47.0399,Axis Mutual Fund,Equity Scheme - ELSS
120503,Axis ELSS Tax Saver Fund - Direct Plan - Growth Option,29-06-2020,46.9765,Axis Mutual Fund,Equity Scheme - ELSS
120503,Axis ELSS Tax Saver Fund - Direct Plan - Growth Option,26-06-2020,47.174,Axis Mutual Fund,Equity Scheme - ELSS
120503,Axis ELSS Tax Saver Fund - Direct Plan - Growth Option,25-06-2020,47.0816,Axis Mutual Fund,Equity Scheme - ELSS
120503,Axis ELSS Tax Saver Fund - Direct Plan - Growth Option,24-06-2020,47.0349,Axis Mutual Fund,Equity Scheme - ELSS
120503,Axis ELSS Tax Saver Fund - Direct Plan - Growth Option,23-06-2020,47.7131,Axis Mutual Fund,Equity Scheme - ELSS
120503,Axis ELSS Tax Saver Fund - Direct Plan - Growth Option,22-06-2020,46.9144,Axis Mutual Fund,Equity Scheme - ELSS
120503,Axis ELSS Tax Saver Fund - Direct Plan - Growth Option,19-06-2020,46.54,Axis Mutual Fund,Equity Scheme - ELSS
120503,Axis ELSS Tax Saver Fund - Direct Plan - Growth Option,18-06-2020,46.2021,Axis Mutual Fund,Equity Scheme - ELSS
120503,Axis ELSS Tax Saver Fund - Direct Plan - Growth Option,17-06-2020,45.7357,Axis Mutual Fund,Equity Scheme - ELSS
120503,Axis ELSS Tax Saver Fund - Direct Plan - Growth Option,16-06-2020,45.8454,Axis Mutual Fund,Equity Scheme - ELSS
120503,Axis ELSS Tax Saver Fund - Direct Plan - Growth Option,15-06-2020,45.421,Axis Mutual Fund,Equity Scheme - ELSS
120503,Axis ELSS Tax Saver Fund - Direct Plan - Growth Option,12-06-2020,46.1403,Axis Mutual Fund,Equity Scheme - ELSS
120503,Axis ELSS Tax Saver Fund - Direct Plan - Growth Option,11-06-2020,45.7706,Axis Mutual Fund,Equity Scheme - ELSS
120503,Axis ELSS Tax Saver Fund - Direct Plan - Growth Option,10-06-2020,46.4633,Axis Mutual Fund,Equity Scheme - ELSS
120503,Axis ELSS Tax Saver Fund - Direct Plan - Growth Option,09-06-2020,46.218,Axis Mutual Fund,Equity Scheme - ELSS
120503,Axis ELSS Tax Saver Fund - Direct Plan - Growth Option,08-06-2020,46.7292,Axis Mutual Fund,Equity Scheme - ELSS
120503,Axis ELSS Tax Saver Fund - Direct Plan - Growth Option,05-06-2020,46.7759,Axis Mutual Fund,Equity Scheme - ELSS
120503,Axis ELSS Tax Saver Fund - Direct Plan - Growth Option,04-06-2020,46.2798,Axis Mutual Fund,Equity Scheme - ELSS
120503,Axis ELSS Tax Saver Fund - Direct Plan - Growth Option,03-06-2020,46.5934,Axis Mutual Fund,Equity Scheme - ELSS
120503,Axis ELSS Tax Saver Fund - Direct Plan - Growth Option,02-06-2020,46.2677,Axis Mutual Fund,Equity Scheme - ELSS
120503,Axis ELSS Tax Saver Fund - Direct Plan - Growth Option,01-06-2020,45.6082,Axis Mutual Fund,Equity Scheme - ELSS
120503,Axis ELSS Tax Saver Fund - Direct Plan - Growth Option,29-05-2020,44.6462,Axis Mutual Fund,Equity Scheme - ELSS
120503,Axis ELSS Tax Saver Fund - Direct Plan - Growth Option,28-05-2020,44.0203,Axis Mutual Fund,Equity Scheme - ELSS
120503,Axis ELSS Tax Saver Fund - Direct Plan - Growth Option,27-05-2020,43.1592,Axis Mutual Fund,Equity Scheme - ELSS
120503,Axis ELSS Tax Saver Fund - Direct Plan - Growth Option,26-05-2020,42.6159,Axis Mutual Fund,Equity Scheme - ELSS
120503,Axis ELSS Tax Saver Fund - Direct Plan - Growth Option,22-05-2020,42.8272,Axis Mutual Fund,Equity Scheme - ELSS
120503,Axis ELSS Tax Saver Fund - Direct Plan - Growth Option,21-05-2020,43.2827,Axis Mutual Fund,Equity Scheme - ELSS
120503,Axis ELSS Tax Saver Fund - Direct Plan - Growth Option,20-05-2020,43.1069,Axis Mutual Fund,Equity Scheme - ELSS
120503,Axis ELSS Tax Saver Fund - Direct Plan - Growth Option,19-05-2020,42.3384,Axis Mutual Fund,Equity Scheme - ELSS
120503,Axis ELSS Tax Saver Fund - Direct Plan - Growth Option,18-05-2020,41.8882,Axis Mutual Fund,Equity Scheme - ELSS
120503,Axis ELSS Tax Saver Fund - Direct Plan - Growth Option,15-05-2020,43.2228,Axis Mutual Fund,Equity Scheme - ELSS
120503,Axis ELSS Tax Saver Fund - Direct Plan - Growth Option,14-05-2020,43.3273,Axis Mutual Fund,Equity Scheme - ELSS
120503,Axis ELSS Tax Saver Fund - Direct Plan - Growth Option,13-05-2020,43.8787,Axis Mutual Fund,Equity Scheme - ELSS
120503,Axis ELSS Tax Saver Fund - Direct Plan - Growth Option,12-05-2020,43.3466,Axis Mutual Fund,Equity Scheme - ELSS
120503,Axis ELSS Tax Saver Fund - Direct Plan - Growth Option,11-05-2020,43.4478,Axis Mutual Fund,Equity Scheme - ELSS
120503,Axis ELSS Tax Saver Fund - Direct Plan - Growth Option,08-05-2020,43.4867,Axis Mutual Fund,Equity Scheme - ELSS
120503,Axis ELSS Tax Saver Fund - Direct Plan - Growth Option,07-05-2020,43.1938,Axis Mutual Fund,Equity Scheme - ELSS
120503,Axis ELSS Tax Saver Fund - Direct Plan - Growth Option,06-05-2020,43.866,Axis Mutual Fund,Equity Scheme - ELSS
120503,Axis ELSS Tax Saver Fund - Direct Plan - Growth Option,05-05-2020,43.4431,Axis Mutual Fund,Equity Scheme - ELSS
120503,Axis ELSS Tax Saver Fund - Direct Plan - Growth Option,04-05-2020,43.9775,Axis Mutual Fund,Equity Scheme - ELSS
120503,Axis ELSS Tax Saver Fund - Direct Plan - Growth Option,30-04-2020,46.2403,Axis Mutual Fund,Equity Scheme - ELSS
120503,Axis ELSS Tax Saver Fund - Direct Plan - Growth Option,29-04-2020,45.1796,Axis Mutual Fund,Equity Scheme - ELSS
120503,Axis ELSS Tax Saver Fund - Direct Plan - Growth Option,28-04-2020,44.4792,Axis Mutual Fund,Equity Scheme - ELSS
120503,Axis ELSS Tax Saver Fund - Direct Plan - Growth Option,27-04-2020,43.9317,Axis Mutual Fund,Equity Scheme - ELSS
120503,Axis ELSS Tax Saver Fund - Direct Plan - Growth Option,24-04-2020,43.3221,Axis Mutual Fund,Equity Scheme - ELSS
120503,Axis ELSS Tax Saver Fund - Direct Plan - Growth Option,23-04-2020,44.2908,Axis Mutual Fund,Equity Scheme - ELSS
120503,Axis ELSS Tax Saver Fund - Direct Plan - Growth Option,22-04-2020,43.6292,Axis Mutual Fund,Equity Scheme - ELSS
120503,Axis ELSS Tax Saver Fund - Direct Plan - Growth Option,21-04-2020,42.8546,Axis Mutual Fund,Equity Scheme - ELSS
120503,Axis ELSS Tax Saver Fund - Direct Plan - Growth Option,20-04-2020,44.0535,Axis Mutual Fund,Equity Scheme - ELSS
120503,Axis ELSS Tax Saver Fund - Direct Plan - Growth Option,17-04-2020,44.1263,Axis Mutual Fund,Equity Scheme - ELSS
120503,Axis ELSS Tax Saver Fund - Direct Plan - Growth Option,16-04-2020,42.8712,Axis Mutual Fund,Equity Scheme - ELSS
120503,Axis ELSS Tax Saver Fund - Direct Plan - Growth Option,15-04-2020,42.7458,Axis Mutual Fund,Equity Scheme - ELSS
120503,Axis ELSS Tax Saver Fund - Direct Plan - Growth Option,13-04-2020,42.8958,Axis Mutual Fund,Equity Scheme - ELSS
120503,Axis ELSS Tax Saver Fund - Direct Plan - Growth Option,09-04-2020,43.829,Axis Mutual Fund,Equity Scheme - ELSS
120503,Axis ELSS Tax Saver Fund - Direct Plan - Growth Option,08-04-2020,41.9653,Axis Mutual Fund,Equity Scheme - ELSS
120503,Axis ELSS Tax Saver Fund - Direct Plan - Growth Option,07-04-2020,41.8335,Axis Mutual Fund,Equity Scheme - ELSS
120503,Axis ELSS Tax Saver Fund - Direct Plan - Growth Option,03-04-2020,39.2576,Axis Mutual Fund,Equity Scheme - ELSS
120503,Axis ELSS Tax Saver Fund - Direct Plan - Growth Option,01-04-2020,40.2742,Axis Mutual Fund,Equity Scheme - ELSS
120503,Axis ELSS Tax Saver Fund - Direct Plan - Growth Option,31-03-2020,41.7364,Axis Mutual Fund,Equity Scheme - ELSS
120503,Axis ELSS Tax Saver Fund - Direct Plan - Growth Option,30-03-2020,40.9103,Axis Mutual Fund,Equity Scheme - ELSS
120503,Axis ELSS Tax Saver Fund - Direct Plan - Growth Option,27-03-2020,42.4778,Axis Mutual Fund,Equity Scheme - ELSS
120503,Axis ELSS Tax Saver Fund - Direct Plan - Growth Option,26-03-2020,42.2508,Axis Mutual Fund,Equity Scheme - ELSS
120503,Axis ELSS Tax Saver Fund - Direct Plan - Growth Option,25-03-2020,40.4084,Axis Mutual Fund,Equity Scheme - ELSS
120503,Axis ELSS Tax Saver Fund - Direct Plan - Growth Option,24-03-2020,38.446,Axis Mutual Fund,Equity Scheme - ELSS
120503,Axis ELSS Tax Saver Fund - Direct Plan - Growth Option,23-03-2020,37.6463,Axis Mutual Fund,Equity Scheme - ELSS
120503,Axis ELSS Tax Saver Fund - Direct Plan - Growth Option,20-03-2020,42.895,Axis Mutual Fund,Equity Scheme - ELSS
120503,Axis ELSS Tax Saver Fund - Direct Plan - Growth Option,19-03-2020,41.0376,Axis Mutual Fund,Equity Scheme - ELSS
120503,Axis ELSS Tax Saver Fund - Direct Plan - Growth Option,18-03-2020,42.3458,Axis Mutual Fund,Equity Scheme - ELSS
120503,Axis ELSS Tax Saver Fund - Direct Plan - Growth Option,17-03-2020,44.891,Axis Mutual Fund,Equity Scheme - ELSS
120503,Axis ELSS Tax Saver Fund - Direct Plan - Growth Option,16-03-2020,45.8588,Axis Mutual Fund,Equity Scheme - ELSS
120503,Axis ELSS Tax Saver Fund - Direct Plan - Growth Option,13-03-2020,48.5999,Axis Mutual Fund,Equity Scheme - ELSS
120503,Axis ELSS Tax Saver Fund - Direct Plan - Growth Option,12-03-2020,47.8039,Axis Mutual Fund,Equity Scheme - ELSS
120503,Axis ELSS Tax Saver Fund - Direct Plan - Growth Option,11-03-2020,51.3449,Axis Mutual Fund,Equity Scheme - ELSS
120503,Axis ELSS Tax Saver Fund - Direct Plan - Growth Option,09-03-2020,51.2994,Axis Mutual Fund,Equity Scheme - ELSS
120503,Axis ELSS Tax Saver Fund - Direct Plan - Growth Option,06-03-2020,53.0987,Axis Mutual Fund,Equity Scheme - ELSS
120503,Axis ELSS Tax Saver Fund - Direct Plan - Growth Option,05-03-2020,53.645,Axis Mutual Fund,Equity Scheme - ELSS
120503,Axis ELSS Tax Saver Fund - Direct Plan - Growth Option,04-03-2020,53.0825,Axis Mutual Fund,Equity Scheme - ELSS
120503,Axis ELSS Tax Saver Fund - Direct Plan - Growth Option,03-03-2020,53.5505,Axis Mutual Fund,Equity Scheme - ELSS
120503,Axis ELSS Tax Saver Fund - Direct Plan - Growth Option,02-03-2020,52.8009,Axis Mutual Fund,Equity Scheme - ELSS
120503,Axis ELSS Tax Saver Fund - Direct Plan - Growth Option,28-02-2020,52.8907,Axis Mutual Fund,Equity Scheme - ELSS
120503,Axis ELSS Tax Saver Fund - Direct Plan - Growth Option,27-02-2020,54.3307,Axis Mutual Fund,Equity Scheme - ELSS
120503,Axis ELSS Tax Saver Fund - Direct Plan - Growth Option,26-02-2020,54.4616,Axis Mutual Fund,Equity Scheme - ELSS
120503,Axis ELSS Tax Saver Fund - Direct Plan - Growth Option,25-02-2020,54.8741,Axis Mutual Fund,Equity Scheme - ELSS
120503,Axis ELSS Tax Saver Fund - Direct Plan - Growth Option,24-02-2020,55.0739,Axis Mutual Fund,Equity Scheme - ELSS
120503,Axis ELSS Tax Saver Fund - Direct Plan - Growth Option,20-02-2020,56.0837,Axis Mutual Fund,Equity Scheme - ELSS
120503,Axis ELSS Tax Saver Fund - Direct Plan - Growth Option,19-02-2020,56.1832,Axis Mutual Fund,Equity Scheme - ELSS
120503,Axis ELSS Tax Saver Fund - Direct Plan - Growth Option,18-02-2020,55.593,Axis Mutual Fund,Equity Scheme - ELSS
120503,Axis ELSS Tax Saver Fund - Direct Plan - Growth Option,17-02-2020,55.8525,Axis Mutual Fund,Equity Scheme - ELSS
120503,Axis ELSS Tax Saver Fund - Direct Plan - Growth Option,14-02-2020,56.1437,Axis Mutual Fund,Equity Scheme - ELSS
120503,Axis ELSS Tax Saver Fund - Direct Plan - Growth Option,13-02-2020,56.6034,Axis Mutual Fund,Equity Scheme - ELSS
120503,Axis ELSS Tax Saver Fund - Direct Plan - Growth Option,12-02-2020,56.6194,Axis Mutual Fund,Equity Scheme - ELSS
120503,Axis ELSS Tax Saver Fund - Direct Plan - Growth Option,11-02-2020,56.1376,Axis Mutual Fund,Equity Scheme - ELSS
120503,Axis ELSS Tax Saver Fund - Direct Plan - Growth Option,10-02-2020,56.0931,Axis Mutual Fund,Equity Scheme - ELSS
120503,Axis ELSS Tax Saver Fund - Direct Plan - Growth Option,07-02-2020,55.7358,Axis Mutual Fund,Equity Scheme - ELSS
120503,Axis ELSS Tax Saver Fund - Direct Plan - Growth Option,06-02-2020,55.6957,Axis Mutual Fund,Equity Scheme - ELSS
120503,Axis ELSS Tax Saver Fund - Direct Plan - Growth Option,05-02-2020,55.439,Axis Mutual Fund,Equity Scheme - ELSS
120503,Axis ELSS Tax Saver Fund - Direct Plan - Growth Option,04-02-2020,54.9917,Axis Mutual Fund,Equity Scheme - ELSS
120503,Axis ELSS Tax Saver Fund - Direct Plan - Growth Option,03-02-2020,53.9914,Axis Mutual Fund,Equity Scheme - ELSS
120503,Axis ELSS Tax Saver Fund - Direct Plan - Growth Option,31-01-2020,54.3388,Axis Mutual Fund,Equity Scheme - ELSS
120503,Axis ELSS Tax Saver Fund - Direct Plan - Growth Option,30-01-2020,54.2354,Axis Mutual Fund,Equity Scheme - ELSS
120503,Axis ELSS Tax Saver Fund - Direct Plan - Growth Option,29-01-2020,54.4893,Axis Mutual Fund,Equity Scheme - ELSS
120503,Axis ELSS Tax Saver Fund - Direct Plan - Growth Option,28-01-2020,54.0279,Axis Mutual Fund,Equity Scheme - ELSS
120503,Axis ELSS Tax Saver Fund - Direct Plan - Growth Option,27-01-2020,54.0408,Axis Mutual Fund,Equity Scheme - ELSS
120503,Axis ELSS Tax Saver Fund - Direct Plan - Growth Option,24-01-2020,54.3219,Axis Mutual Fund,Equity Scheme - ELSS
120503,Axis ELSS Tax Saver Fund - Direct Plan - Growth Option,23-01-2020,53.6822,Axis Mutual Fund,Equity Scheme - ELSS
120503,Axis ELSS Tax Saver Fund - Direct Plan - Growth Option,22-01-2020,53.3944,Axis Mutual Fund,Equity Scheme - ELSS
120503,Axis ELSS Tax Saver Fund - Direct Plan - Growth Option,21-01-2020,53.5685,Axis Mutual Fund,Equity Scheme - ELSS
120503,Axis ELSS Tax Saver Fund - Direct Plan - Growth Option,20-01-2020,53.8785,Axis Mutual Fund,Equity Scheme - ELSS
120503,Axis ELSS Tax Saver Fund - Direct Plan - Growth Option,17-01-2020,54.4449,Axis Mutual Fund,Equity Scheme - ELSS
120503,Axis ELSS Tax Saver Fund - Direct Plan - Growth Option,16-01-2020,54.3185,Axis Mutual Fund,Equity Scheme - ELSS
120503,Axis ELSS Tax Saver Fund - Direct Plan - Growth Option,15-01-2020,54.0222,Axis Mutual Fund,Equity Scheme - ELSS
120503,Axis ELSS Tax Saver Fund - Direct Plan - Growth Option,14-01-2020,54.1131,Axis Mutual Fund,Equity Scheme - ELSS
120503,Axis ELSS Tax Saver Fund - Direct Plan - Growth Option,13-01-2020,53.8602,Axis Mutual Fund,Equity Scheme - ELSS
120503,Axis ELSS Tax Saver Fund - Direct Plan - Growth Option,10-01-2020,53.6188,Axis Mutual Fund,Equity Scheme - ELSS
120503,Axis ELSS Tax Saver Fund - Direct Plan - Growth Option,09-01-2020,53.3485,Axis Mutual Fund,Equity Scheme - ELSS
120503,Axis ELSS Tax Saver Fund - Direct Plan - Growth Option,08-01-2020,52.7438,Axis Mutual Fund,Equity Scheme - ELSS
120503,Axis ELSS Tax Saver Fund - Direct Plan - Growth Option,07-01-2020,52.6992,Axis Mutual Fund,Equity Scheme - ELSS
120503,Axis ELSS Tax Saver Fund - Direct Plan - Growth Option,06-01-2020,52.3269,Axis Mutual Fund,Equity Scheme - ELSS
120503,Axis ELSS Tax Saver Fund - Direct Plan - Growth Option,03-01-2020,53.3371,Axis Mutual Fund,Equity Scheme - ELSS
120503,Axis ELSS Tax Saver Fund - Direct Plan - Growth Option,02-01-2020,53.3612,Axis Mutual Fund,Equity Scheme - ELSS
120503,Axis ELSS Tax Saver Fund - Direct Plan - Growth Option,01-01-2020,53.2623,Axis Mutual Fund,Equity Scheme - ELSS
120503,Axis ELSS Tax Saver Fund - Direct Plan - Growth Option,31-12-2019,53.2357,Axis Mutual Fund,Equity Scheme - ELSS
120503,Axis ELSS Tax Saver Fund - Direct Plan - Growth Option,30-12-2019,53.5844,Axis Mutual Fund,Equity Scheme - ELSS
120503,Axis ELSS Tax Saver Fund - Direct Plan - Growth Option,27-12-2019,53.5587,Axis Mutual Fund,Equity Scheme - ELSS
120503,Axis ELSS Tax Saver Fund - Direct Plan - Growth Option,26-12-2019,53.1793,Axis Mutual Fund,Equity Scheme - ELSS
120503,Axis ELSS Tax Saver Fund - Direct Plan - Growth Option,24-12-2019,53.2331,Axis Mutual Fund,Equity Scheme - ELSS
120503,Axis ELSS Tax Saver Fund - Direct Plan - Growth Option,23-12-2019,53.4977,Axis Mutual Fund,Equity Scheme - ELSS
120503,Axis ELSS Tax Saver Fund - Direct Plan - Growth Option,20-12-2019,53.5651,Axis Mutual Fund,Equity Scheme - ELSS
120503,Axis ELSS Tax Saver Fund - Direct Plan - Growth Option,19-12-2019,53.4483,Axis Mutual Fund,Equity Scheme - ELSS
120503,Axis ELSS Tax Saver Fund - Direct Plan - Growth Option,18-12-2019,53.2201,Axis Mutual Fund,Equity Scheme - ELSS
120503,Axis ELSS Tax Saver Fund - Direct Plan - Growth Option,17-12-2019,52.823,Axis Mutual Fund,Equity Scheme - ELSS
120503,Axis ELSS Tax Saver Fund - Direct Plan - Growth Option,16-12-2019,52.2265,Axis Mutual Fund,Equity Scheme - ELSS
120503,Axis ELSS Tax Saver Fund - Direct Plan - Growth Option,13-12-2019,52.3885,Axis Mutual Fund,Equity Scheme - ELSS
120503,Axis ELSS Tax Saver Fund - Direct Plan - Growth Option,12-12-2019,51.9371,Axis Mutual Fund,Equity Scheme - ELSS
120503,Axis ELSS Tax Saver Fund - Direct Plan - Growth Option,11-12-2019,51.6608,Axis Mutual Fund,Equity Scheme - ELSS
120503,Axis ELSS Tax Saver Fund - Direct Plan - Growth Option,10-12-2019,51.3884,Axis Mutual Fund,Equity Scheme - ELSS
120503,Axis ELSS Tax Saver Fund - Direct Plan - Growth Option,09-12-2019,51.7165,Axis Mutual Fund,Equity Scheme - ELSS
120503,Axis ELSS Tax Saver Fund - Direct Plan - Growth Option,06-12-2019,51.7574,Axis Mutual Fund,Equity Scheme - ELSS
120503,Axis ELSS Tax Saver Fund - Direct Plan - Growth Option,05-12-2019,52.1739,Axis Mutual Fund,Equity Scheme - ELSS
120503,Axis ELSS Tax Saver Fund - Direct Plan - Growth Option,04-12-2019,52.1758,Axis Mutual Fund,Equity Scheme - ELSS
120503,Axis ELSS Tax Saver Fund - Direct Plan - Growth Option,03-12-2019,52.1391,Axis Mutual Fund,Equity Scheme - ELSS
120503,Axis ELSS Tax Saver Fund - Direct Plan - Growth Option,02-12-2019,52.0831,Axis Mutual Fund,Equity Scheme - ELSS
120503,Axis ELSS Tax Saver Fund - Direct Plan - Growth Option,29-11-2019,52.5202,Axis Mutual Fund,Equity Scheme - ELSS
120503,Axis ELSS Tax Saver Fund - Direct Plan - Growth Option,28-11-2019,52.6551,Axis Mutual Fund,Equity Scheme - ELSS
120503,Axis ELSS Tax Saver Fund - Direct Plan - Growth Option,27-11-2019,52.5541,Axis Mutual Fund,Equity Scheme - ELSS
120503,Axis ELSS Tax Saver Fund - Direct Plan - Growth Option,26-11-2019,52.1819,Axis Mutual Fund,Equity Scheme - ELSS
120503,Axis ELSS Tax Saver Fund - Direct Plan - Growth Option,25-11-2019,52.4058,Axis Mutual Fund,Equity Scheme - ELSS
120503,Axis ELSS Tax Saver Fund - Direct Plan - Growth Option,22-11-2019,51.8055,Axis Mutual Fund,Equity Scheme - ELSS
120503,Axis ELSS Tax Saver Fund - Direct Plan - Growth Option,21-11-2019,51.9749,Axis Mutual Fund,Equity Scheme - ELSS
120503,Axis ELSS Tax Saver Fund - Direct Plan - Growth Option,20-11-2019,52.2197,Axis Mutual Fund,Equity Scheme - ELSS
120503,Axis ELSS Tax Saver Fund - Direct Plan - Growth Option,19-11-2019,52.3017,Axis Mutual Fund,Equity Scheme - ELSS
120503,Axis ELSS Tax Saver Fund - Direct Plan - Growth Option,18-11-2019,52.6458,Axis Mutual Fund,Equity Scheme - ELSS
120503,Axis ELSS Tax Saver Fund - Direct Plan - Growth Option,15-11-2019,52.8598,Axis Mutual Fund,Equity Scheme - ELSS
120503,Axis ELSS Tax Saver Fund - Direct Plan - Growth Option,14-11-2019,52.9216,Axis Mutual Fund,Equity Scheme - ELSS
120503,Axis ELSS Tax Saver Fund - Direct Plan - Growth Option,13-11-2019,52.7507,Axis Mutual Fund,Equity Scheme - ELSS
120503,Axis ELSS Tax Saver Fund - Direct Plan - Growth Option,11-11-2019,52.7747,Axis Mutual Fund,Equity Scheme - ELSS
120503,Axis ELSS Tax Saver Fund - Direct Plan - Growth Option,08-11-2019,52.6691,Axis Mutual Fund,Equity Scheme - ELSS
120503,Axis ELSS Tax Saver Fund - Direct Plan - Growth Option,07-11-2019,53.1469,Axis Mutual Fund,Equity Scheme - ELSS
120503,Axis ELSS Tax Saver Fund - Direct Plan - Growth Option,06-11-2019,53.0273,Axis Mutual Fund,Equity Scheme - ELSS
120503,Axis ELSS Tax Saver Fund - Direct Plan - Growth Option,05-11-2019,52.8708,Axis Mutual Fund,Equity Scheme - ELSS
120503,Axis ELSS Tax Saver Fund - Direct Plan - Growth Option,04-11-2019,52.9846,Axis Mutual Fund,Equity Scheme - ELSS
120503,Axis ELSS Tax Saver Fund - Direct Plan - Growth Option,01-11-2019,53.1065,Axis Mutual Fund,Equity Scheme - ELSS
120503,Axis ELSS Tax Saver Fund - Direct Plan - Growth Option,31-10-2019,53.1953,Axis Mutual Fund,Equity Scheme - ELSS
120503,Axis ELSS Tax Saver Fund - Direct Plan - Growth Option,30-10-2019,52.9263,Axis Mutual Fund,Equity Scheme - ELSS
120503,Axis ELSS Tax Saver Fund - Direct Plan - Growth Option,29-10-2019,52.7875,Axis Mutual Fund,Equity Scheme - ELSS
120503,Axis ELSS Tax Saver Fund - Direct Plan - Growth Option,25-10-2019,51.789,Axis Mutual Fund,Equity Scheme - ELSS
120503,Axis ELSS Tax Saver Fund - Direct Plan - Growth Option,24-10-2019,51.8755,Axis Mutual Fund,Equity Scheme - ELSS
120503,Axis ELSS Tax Saver Fund - Direct Plan - Growth Option,23-10-2019,51.8553,Axis Mutual Fund,Equity Scheme - ELSS
120503,Axis ELSS Tax Saver Fund - Direct Plan - Growth Option,22-10-2019,51.9124,Axis Mutual Fund,Equity Scheme - ELSS
120503,Axis ELSS Tax Saver Fund - Direct Plan - Growth Option,18-10-2019,51.7965,Axis Mutual Fund,Equity Scheme - ELSS
120503,Axis ELSS Tax Saver Fund - Direct Plan - Growth Option,17-10-2019,51.5637,Axis Mutual Fund,Equity Scheme - ELSS
120503,Axis ELSS Tax Saver Fund - Direct Plan - Growth Option,16-10-2019,51.1431,Axis Mutual Fund,Equity Scheme - ELSS
120503,Axis ELSS Tax Saver Fund - Direct Plan - Growth Option,15-10-2019,50.8906,Axis Mutual Fund,Equity Scheme - ELSS
120503,Axis ELSS Tax Saver Fund - Direct Plan - Growth Option,14-10-2019,50.3561,Axis Mutual Fund,Equity Scheme - ELSS
120503,Axis ELSS Tax Saver Fund - Direct Plan - Growth Option,11-10-2019,50.3824,Axis Mutual Fund,Equity Scheme - ELSS
120503,Axis ELSS Tax Saver Fund - Direct Plan - Growth Option,10-10-2019,49.8371,Axis Mutual Fund,Equity Scheme - ELSS
120503,Axis ELSS Tax Saver Fund - Direct Plan - Growth Option,09-10-2019,50.1686,Axis Mutual Fund,Equity Scheme - ELSS
120503,Axis ELSS Tax Saver Fund - Direct Plan - Growth Option,07-10-2019,49.6532,Axis Mutual Fund,Equity Scheme - ELSS
120503,Axis ELSS Tax Saver Fund - Direct Plan - Growth Option,04-10-2019,49.7632,Axis Mutual Fund,Equity Scheme - ELSS
120503,Axis ELSS Tax Saver Fund - Direct Plan - Growth Option,03-10-2019,50.0372,Axis Mutual Fund,Equity Scheme - ELSS
120503,Axis ELSS Tax Saver Fund - Direct Plan - Growth Option,01-10-2019,50.3569,Axis Mutual Fund,Equity Scheme - ELSS
120503,Axis ELSS Tax Saver Fund - Direct Plan - Growth Option,30-09-2019,50.5655,Axis Mutual Fund,Equity Scheme - ELSS
120503,Axis ELSS Tax Saver Fund - Direct Plan - Growth Option,27-09-2019,50.9252,Axis Mutual Fund,Equity Scheme - ELSS
120503,Axis ELSS Tax Saver Fund - Direct Plan - Growth Option,26-09-2019,50.9655,Axis Mutual Fund,Equity Scheme - ELSS
120503,Axis ELSS Tax Saver Fund - Direct Plan - Growth Option,25-09-2019,50.501,Axis Mutual Fund,Equity Scheme - ELSS
120503,Axis ELSS Tax Saver Fund - Direct Plan - Growth Option,24-09-2019,50.9665,Axis Mutual Fund,Equity Scheme - ELSS
120503,Axis ELSS Tax Saver Fund - Direct Plan - Growth Option,23-09-2019,51.4523,Axis Mutual Fund,Equity Scheme - ELSS
120503,Axis ELSS Tax Saver Fund - Direct Plan - Growth Option,20-09-2019,49.5049,Axis Mutual Fund,Equity Scheme - ELSS
120503,Axis ELSS Tax Saver Fund - Direct Plan - Growth Option,19-09-2019,46.5793,Axis Mutual Fund,Equity Scheme - ELSS
120503,Axis ELSS Tax Saver Fund - Direct Plan - Growth Option,18-09-2019,47.0925,Axis Mutual Fund,Equity Scheme - ELSS
120503,Axis ELSS Tax Saver Fund - Direct Plan - Growth Option,17-09-2019,46.875,Axis Mutual Fund,Equity Scheme - ELSS
120503,Axis ELSS Tax Saver Fund - Direct Plan - Growth Option,16-09-2019,47.6812,Axis Mutual Fund,Equity Scheme - ELSS
120503,Axis ELSS Tax Saver Fund - Direct Plan - Growth Option,13-09-2019,47.7489,Axis Mutual Fund,Equity Scheme - ELSS
120503,Axis ELSS Tax Saver Fund - Direct Plan - Growth Option,12-09-2019,47.5026,Axis Mutual Fund,Equity Scheme - ELSS
120503,Axis ELSS Tax Saver Fund - Direct Plan - Growth Option,11-09-2019,47.7491,Axis Mutual Fund,Equity Scheme - ELSS
120503,Axis ELSS Tax Saver Fund - Direct Plan - Growth Option,09-09-2019,47.6889,Axis Mutual Fund,Equity Scheme - ELSS
120503,Axis ELSS Tax Saver Fund - Direct Plan - Growth Option,06-09-2019,47.1805,Axis Mutual Fund,Equity Scheme - ELSS
120503,Axis ELSS Tax Saver Fund - Direct Plan - Growth Option,05-09-2019,46.9716,Axis Mutual Fund,Equity Scheme - ELSS
120503,Axis ELSS Tax Saver Fund - Direct Plan - Growth Option,04-09-2019,46.9908,Axis Mutual Fund,Equity Scheme - ELSS
120503,Axis ELSS Tax Saver Fund - Direct Plan - Growth Option,03-09-2019,46.866,Axis Mutual Fund,Equity Scheme - ELSS
120503,Axis ELSS Tax Saver Fund - Direct Plan - Growth Option,30-08-2019,47.6846,Axis Mutual Fund,Equity Scheme - ELSS
120503,Axis ELSS Tax Saver Fund - Direct Plan - Growth Option,29-08-2019,47.3071,Axis Mutual Fund,Equity Scheme - ELSS
120503,Axis ELSS Tax Saver Fund - Direct Plan - Growth Option,28-08-2019,47.6385,Axis Mutual Fund,Equity Scheme - ELSS
120503,Axis ELSS Tax Saver Fund - Direct Plan - Growth Option,27-08-2019,47.7229,Axis Mutual Fund,Equity Scheme - ELSS
120503,Axis ELSS Tax Saver Fund - Direct Plan - Growth Option,26-08-2019,47.5602,Axis Mutual Fund,Equity Scheme - ELSS
120503,Axis ELSS Tax Saver Fund - Direct Plan - Growth Option,23-08-2019,46.5352,Axis Mutual Fund,Equity Scheme - ELSS
120503,Axis ELSS Tax Saver Fund - Direct Plan - Growth Option,22-08-2019,46.5543,Axis Mutual Fund,Equity Scheme - ELSS
120503,Axis ELSS Tax Saver Fund - Direct Plan - Growth Option,21-08-2019,47.2066,Axis Mutual Fund,Equity Scheme - ELSS
120503,Axis ELSS Tax Saver Fund - Direct Plan - Growth Option,20-08-2019,47.4791,Axis Mutual Fund,Equity Scheme - ELSS
120503,Axis ELSS Tax Saver Fund - Direct Plan - Growth Option,19-08-2019,47.5458,Axis Mutual Fund,Equity Scheme - ELSS
120503,Axis ELSS Tax Saver Fund - Direct Plan - Growth Option,16-08-2019,47.5876,Axis Mutual Fund,Equity Scheme - ELSS
120503,Axis ELSS Tax Saver Fund - Direct Plan - Growth Option,14-08-2019,47.4579,Axis Mutual Fund,Equity Scheme - ELSS
120503,Axis ELSS Tax Saver Fund - Direct Plan - Growth Option,13-08-2019,47.2855,Axis Mutual Fund,Equity Scheme - ELSS
120503,Axis ELSS Tax Saver Fund - Direct Plan - Growth Option,09-08-2019,48.2849,Axis Mutual Fund,Equity Scheme - ELSS
120503,Axis ELSS Tax Saver Fund - Direct Plan - Growth Option,08-08-2019,47.4873,Axis Mutual Fund,Equity Scheme - ELSS
120503,Axis ELSS Tax Saver Fund - Direct Plan - Growth Option,07-08-2019,47.0773,Axis Mutual Fund,Equity Scheme - ELSS
120503,Axis ELSS Tax Saver Fund - Direct Plan - Growth Option,06-08-2019,47.3788,Axis Mutual Fund,Equity Scheme - ELSS
120503,Axis ELSS Tax Saver Fund - Direct Plan - Growth Option,05-08-2019,46.6536,Axis Mutual Fund,Equity Scheme - ELSS
120503,Axis ELSS Tax Saver Fund - Direct Plan - Growth Option,02-08-2019,47.0393,Axis Mutual Fund,Equity Scheme - ELSS
120503,Axis ELSS Tax Saver Fund - Direct Plan - Growth Option,01-08-2019,46.8464,Axis Mutual Fund,Equity Scheme - ELSS
120503,Axis ELSS Tax Saver Fund - Direct Plan - Growth Option,31-07-2019,47.2759,Axis Mutual Fund,Equity Scheme - ELSS
120503,Axis ELSS Tax Saver Fund - Direct Plan - Growth Option,30-07-2019,46.9379,Axis Mutual Fund,Equity Scheme - ELSS
120503,Axis ELSS Tax Saver Fund - Direct Plan - Growth Option,29-07-2019,47.2517,Axis Mutual Fund,Equity Scheme - ELSS
120503,Axis ELSS Tax Saver Fund - Direct Plan - Growth Option,26-07-2019,47.5006,Axis Mutual Fund,Equity Scheme - ELSS
120503,Axis ELSS Tax Saver Fund - Direct Plan - Growth Option,25-07-2019,47.1099,Axis Mutual Fund,Equity Scheme - ELSS
120503,Axis ELSS Tax Saver Fund - Direct Plan - Growth Option,24-07-2019,46.9859,Axis Mutual Fund,Equity Scheme - ELSS
120503,Axis ELSS Tax Saver Fund - Direct Plan - Growth Option,23-07-2019,47.2682,Axis Mutual Fund,Equity Scheme - ELSS
120503,Axis ELSS Tax Saver Fund - Direct Plan - Growth Option,22-07-2019,47.4019,Axis Mutual Fund,Equity Scheme - ELSS
120503,Axis ELSS Tax Saver Fund - Direct Plan - Growth Option,19-07-2019,47.9665,Axis Mutual Fund,Equity Scheme - ELSS
120503,Axis ELSS Tax Saver Fund - Direct Plan - Growth Option,18-07-2019,48.6995,Axis Mutual Fund,Equity Scheme - ELSS
120503,Axis ELSS Tax Saver Fund - Direct Plan - Growth Option,17-07-2019,48.9859,Axis Mutual Fund,Equity Scheme - ELSS
120503,Axis ELSS Tax Saver Fund - Direct Plan - Growth Option,16-07-2019,48.9022,Axis Mutual Fund,Equity Scheme - ELSS
120503,Axis ELSS Tax Saver Fund - Direct Plan - Growth Option,15-07-2019,48.7139,Axis Mutual Fund,Equity Scheme - ELSS
120503,Axis ELSS Tax Saver Fund - Direct Plan - Growth Option,12-07-2019,48.3958,Axis Mutual Fund,Equity Scheme - ELSS
120503,Axis ELSS Tax Saver Fund - Direct Plan - Growth Option,11-07-2019,48.6231,Axis Mutual Fund,Equity Scheme - ELSS
120503,Axis ELSS Tax Saver Fund - Direct Plan - Growth Option,10-07-2019,48.1232,Axis Mutual Fund,Equity Scheme - ELSS
120503,Axis ELSS Tax Saver Fund - Direct Plan - Growth Option,09-07-2019,48.498,Axis Mutual Fund,Equity Scheme - ELSS
120503,Axis ELSS Tax Saver Fund - Direct Plan - Growth Option,08-07-2019,48.5793,Axis Mutual Fund,Equity Scheme - ELSS
120503,Axis ELSS Tax Saver Fund - Direct Plan - Growth Option,05-07-2019,49.5638,Axis Mutual Fund,Equity Scheme - ELSS
120503,Axis ELSS Tax Saver Fund - Direct Plan - Growth Option,04-07-2019,50.258,Axis Mutual Fund,Equity Scheme - ELSS
120503,Axis ELSS Tax Saver Fund - Direct Plan - Growth Option,03-07-2019,50.1794,Axis Mutual Fund,Equity Scheme - ELSS
120503,Axis ELSS Tax Saver Fund - Direct Plan - Growth Option,02-07-2019,50.1515,Axis Mutual Fund,Equity Scheme - ELSS
120503,Axis ELSS Tax Saver Fund - Direct Plan - Growth Option,01-07-2019,49.7716,Axis Mutual Fund,Equity Scheme - ELSS
120503,Axis ELSS Tax Saver Fund - Direct Plan - Growth Option,28-06-2019,49.3756,Axis Mutual Fund,Equity Scheme - ELSS
120503,Axis ELSS Tax Saver Fund - Direct Plan - Growth Option,27-06-2019,49.366,Axis Mutual Fund,Equity Scheme - ELSS
120503,Axis ELSS Tax Saver Fund - Direct Plan - Growth Option,26-06-2019,49.2897,Axis Mutual Fund,Equity Scheme - ELSS
120503,Axis ELSS Tax Saver Fund - Direct Plan - Growth Option,25-06-2019,48.996,Axis Mutual Fund,Equity Scheme - ELSS
120503,Axis ELSS Tax Saver Fund - Direct Plan - Growth Option,24-06-2019,48.5922,Axis Mutual Fund,Equity Scheme - ELSS
120503,Axis ELSS Tax Saver Fund - Direct Plan - Growth Option,21-06-2019,48.5317,Axis Mutual Fund,Equity Scheme - ELSS
120503,Axis ELSS Tax Saver Fund - Direct Plan - Growth Option,20-06-2019,48.8821,Axis Mutual Fund,Equity Scheme - ELSS
120503,Axis ELSS Tax Saver Fund - Direct Plan - Growth Option,19-06-2019,48.4036,Axis Mutual Fund,Equity Scheme - ELSS
120503,Axis ELSS Tax Saver Fund - Direct Plan - Growth Option,18-06-2019,48.4502,Axis Mutual Fund,Equity Scheme - ELSS
120503,Axis ELSS Tax Saver Fund - Direct Plan - Growth Option,17-06-2019,48.5141,Axis Mutual Fund,Equity Scheme - ELSS
120503,Axis ELSS Tax Saver Fund - Direct Plan - Growth Option,14-06-2019,48.8909,Axis Mutual Fund,Equity Scheme - ELSS
120503,Axis ELSS Tax Saver Fund - Direct Plan - Growth Option,13-06-2019,49.2907,Axis Mutual Fund,Equity Scheme - ELSS
120503,Axis ELSS Tax Saver Fund - Direct Plan - Growth Option,12-06-2019,49.234,Axis Mutual Fund,Equity Scheme - ELSS
120503,Axis ELSS Tax Saver Fund - Direct Plan - Growth Option,11-06-2019,49.653,Axis Mutual Fund,Equity Scheme - ELSS
120503,Axis ELSS Tax Saver Fund - Direct Plan - Growth Option,10-06-2019,49.5439,Axis Mutual Fund,Equity Scheme - ELSS
120503,Axis ELSS Tax Saver Fund - Direct Plan - Growth Option,07-06-2019,49.443,Axis Mutual Fund,Equity Scheme - ELSS
120503,Axis ELSS Tax Saver Fund - Direct Plan - Growth Option,06-06-2019,49.4851,Axis Mutual Fund,Equity Scheme - ELSS
120503,Axis ELSS Tax Saver Fund - Direct Plan - Growth Option,04-06-2019,50.041,Axis Mutual Fund,Equity Scheme - ELSS
120503,Axis ELSS Tax Saver Fund - Direct Plan - Growth Option,03-06-2019,50.216,Axis Mutual Fund,Equity Scheme - ELSS
120503,Axis ELSS Tax Saver Fund - Direct Plan - Growth Option,31-05-2019,49.6009,Axis Mutual Fund,Equity Scheme - ELSS
120503,Axis ELSS Tax Saver Fund - Direct Plan - Growth Option,30-05-2019,49.5043,Axis Mutual Fund,Equity Scheme - ELSS
120503,Axis ELSS Tax Saver Fund - Direct Plan - Growth Option,29-05-2019,48.9649,Axis Mutual Fund,Equity Scheme - ELSS
120503,Axis ELSS Tax Saver Fund - Direct Plan - Growth Option,28-05-2019,48.8592,Axis Mutual Fund,Equity Scheme - ELSS
120503,Axis ELSS Tax Saver Fund - Direct Plan - Growth Option,27-05-2019,48.7481,Axis Mutual Fund,Equity Scheme - ELSS
120503,Axis ELSS Tax Saver Fund - Direct Plan - Growth Option,24-05-2019,48.4689,Axis Mutual Fund,Equity Scheme - ELSS
120503,Axis ELSS Tax Saver Fund - Direct Plan - Growth Option,23-05-2019,47.927,Axis Mutual Fund,Equity Scheme - ELSS
120503,Axis ELSS Tax Saver Fund - Direct Plan - Growth Option,22-05-2019,48.1288,Axis Mutual Fund,Equity Scheme - ELSS
120503,Axis ELSS Tax Saver Fund - Direct Plan - Growth Option,21-05-2019,47.8968,Axis Mutual Fund,Equity Scheme - ELSS
120503,Axis ELSS Tax Saver Fund - Direct Plan - Growth Option,20-05-2019,48.4883,Axis Mutual Fund,Equity Scheme - ELSS
120503,Axis ELSS Tax Saver Fund - Direct Plan - Growth Option,17-05-2019,46.7549,Axis Mutual Fund,Equity Scheme - ELSS
120503,Axis ELSS Tax Saver Fund - Direct Plan - Growth Option,16-05-2019,46.225,Axis Mutual Fund,Equity Scheme - ELSS
120503,Axis ELSS Tax Saver Fund - Direct Plan - Growth Option,15-05-2019,45.9877,Axis Mutual Fund,Equity Scheme - ELSS
120503,Axis ELSS Tax Saver Fund - Direct Plan - Growth Option,14-05-2019,45.5871,Axis Mutual Fund,Equity Scheme - ELSS
120503,Axis ELSS Tax Saver Fund - Direct Plan - Growth Option,13-05-2019,45.8407,Axis Mutual Fund,Equity Scheme - ELSS
120503,Axis ELSS Tax Saver Fund - Direct Plan - Growth Option,10-05-2019,46.2551,Axis Mutual Fund,Equity Scheme - ELSS
120503,Axis ELSS Tax Saver Fund - Direct Plan - Growth Option,09-05-2019,46.2216,Axis Mutual Fund,Equity Scheme - ELSS
120503,Axis ELSS Tax Saver Fund - Direct Plan - Growth Option,08-05-2019,46.3892,Axis Mutual Fund,Equity Scheme - ELSS
120503,Axis ELSS Tax Saver Fund - Direct Plan - Growth Option,07-05-2019,46.9154,Axis Mutual Fund,Equity Scheme - ELSS
120503,Axis ELSS Tax Saver Fund - Direct Plan - Growth Option,06-05-2019,47.1499,Axis Mutual Fund,Equity Scheme - ELSS
120503,Axis ELSS Tax Saver Fund - Direct Plan - Growth Option,03-05-2019,47.5539,Axis Mutual Fund,Equity Scheme - ELSS
120503,Axis ELSS Tax Saver Fund - Direct Plan - Growth Option,02-05-2019,47.768,Axis Mutual Fund,Equity Scheme - ELSS
120503,Axis ELSS Tax Saver Fund - Direct Plan - Growth Option,30-04-2019,47.7229,Axis Mutual Fund,Equity Scheme - ELSS
120503,Axis ELSS Tax Saver Fund - Direct Plan - Growth Option,26-04-2019,47.587,Axis Mutual Fund,Equity Scheme - ELSS
120503,Axis ELSS Tax Saver Fund - Direct Plan - Growth Option,25-04-2019,47.4253,Axis Mutual Fund,Equity Scheme - ELSS
120503,Axis ELSS Tax Saver Fund - Direct Plan - Growth Option,24-04-2019,47.7032,Axis Mutual Fund,Equity Scheme - ELSS
120503,Axis ELSS Tax Saver Fund - Direct Plan - Growth Option,23-04-2019,47.0397,Axis Mutual Fund,Equity Scheme - ELSS
120503,Axis ELSS Tax Saver Fund - Direct Plan - Growth Option,22-04-2019,47.0681,Axis Mutual Fund,Equity Scheme - ELSS
120503,Axis ELSS Tax Saver Fund - Direct Plan - Growth Option,18-04-2019,47.5729,Axis Mutual Fund,Equity Scheme - ELSS
120503,Axis ELSS Tax Saver Fund - Direct Plan - Growth Option,16-04-2019,47.9452,Axis Mutual Fund,Equity Scheme - ELSS
120503,Axis ELSS Tax Saver Fund - Direct Plan - Growth Option,15-04-2019,47.687,Axis Mutual Fund,Equity Scheme - ELSS
120503,Axis ELSS Tax Saver Fund - Direct Plan - Growth Option,12-04-2019,47.2601,Axis Mutual Fund,Equity Scheme - ELSS
120503,Axis ELSS Tax Saver Fund - Direct Plan - Growth Option,11-04-2019,47.175,Axis Mutual Fund,Equity Scheme - ELSS
120503,Axis ELSS Tax Saver Fund - Direct Plan - Growth Option,10-04-2019,47.2548,Axis Mutual Fund,Equity Scheme - ELSS
120503,Axis ELSS Tax Saver Fund - Direct Plan - Growth Option,09-04-2019,47.4487,Axis Mutual Fund,Equity Scheme - ELSS
120503,Axis ELSS Tax Saver Fund - Direct Plan - Growth Option,08-04-2019,47.3717,Axis Mutual Fund,Equity Scheme - ELSS
120503,Axis ELSS Tax Saver Fund - Direct Plan - Growth Option,05-04-2019,47.4887,Axis Mutual Fund,Equity Scheme - ELSS
120503,Axis ELSS Tax Saver Fund - Direct Plan - Growth Option,04-04-2019,47.1582,Axis Mutual Fund,Equity Scheme - ELSS
120503,Axis ELSS Tax Saver Fund - Direct Plan - Growth Option,03-04-2019,47.3076,Axis Mutual Fund,Equity Scheme - ELSS
120503,Axis ELSS Tax Saver Fund - Direct Plan - Growth Option,02-04-2019,47.3153,Axis Mutual Fund,Equity Scheme - ELSS
120503,Axis ELSS Tax Saver Fund - Direct Plan - Growth Option,01-04-2019,47.1959,Axis Mutual Fund,Equity Scheme - ELSS
120503,Axis ELSS Tax Saver Fund - Direct Plan - Growth Option,29-03-2019,46.981,Axis Mutual Fund,Equity Scheme - ELSS
120503,Axis ELSS Tax Saver Fund - Direct Plan - Growth Option,28-03-2019,46.6551,Axis Mutual Fund,Equity Scheme - ELSS
120503,Axis ELSS Tax Saver Fund - Direct Plan - Growth Option,27-03-2019,46.2936,Axis Mutual Fund,Equity Scheme - ELSS
120503,Axis ELSS Tax Saver Fund - Direct Plan - Growth Option,26-03-2019,46.3096,Axis Mutual Fund,Equity Scheme - ELSS
120503,Axis ELSS Tax Saver Fund - Direct Plan - Growth Option,25-03-2019,45.8064,Axis Mutual Fund,Equity Scheme - ELSS
120503,Axis ELSS Tax Saver Fund - Direct Plan - Growth Option,22-03-2019,46.086,Axis Mutual Fund,Equity Scheme - ELSS
120503,Axis ELSS Tax Saver Fund - Direct Plan - Growth Option,20-03-2019,46.2349,Axis Mutual Fund,Equity Scheme - ELSS
120503,Axis ELSS Tax Saver Fund - Direct Plan - Growth Option,19-03-2019,46.5113,Axis Mutual Fund,Equity Scheme - ELSS
120503,Axis ELSS Tax Saver Fund - Direct Plan - Growth Option,18-03-2019,46.5115,Axis Mutual Fund,Equity Scheme - ELSS
120503,Axis ELSS Tax Saver Fund - Direct Plan - Growth Option,15-03-2019,46.6669,Axis Mutual Fund,Equity Scheme - ELSS
120503,Axis ELSS Tax Saver Fund - Direct Plan - Growth Option,14-03-2019,46.3853,Axis Mutual Fund,Equity Scheme - ELSS
120503,Axis ELSS Tax Saver Fund - Direct Plan - Growth Option,13-03-2019,46.5112,Axis Mutual Fund,Equity Scheme - ELSS
120503,Axis ELSS Tax Saver Fund - Direct Plan - Growth Option,12-03-2019,46.2528,Axis Mutual Fund,Equity Scheme - ELSS
120503,Axis ELSS Tax Saver Fund - Direct Plan - Growth Option,11-03-2019,45.9878,Axis Mutual Fund,Equity Scheme - ELSS
120503,Axis ELSS Tax Saver Fund - Direct Plan - Growth Option,08-03-2019,45.3368,Axis Mutual Fund,Equity Scheme - ELSS
120503,Axis ELSS Tax Saver Fund - Direct Plan - Growth Option,07-03-2019,45.2268,Axis Mutual Fund,Equity Scheme - ELSS
120503,Axis ELSS Tax Saver Fund - Direct Plan - Growth Option,06-03-2019,45.3919,Axis Mutual Fund,Equity Scheme - ELSS
120503,Axis ELSS Tax Saver Fund - Direct Plan - Growth Option,05-03-2019,45.1533,Axis Mutual Fund,Equity Scheme - ELSS
120503,Axis ELSS Tax Saver Fund - Direct Plan - Growth Option,01-03-2019,44.6198,Axis Mutual Fund,Equity Scheme - ELSS
120503,Axis ELSS Tax Saver Fund - Direct Plan - Growth Option,28-02-2019,44.4396,Axis Mutual Fund,Equity Scheme - ELSS
120503,Axis ELSS Tax Saver Fund - Direct Plan - Growth Option,27-02-2019,44.5667,Axis Mutual Fund,Equity Scheme - ELSS
120503,Axis ELSS Tax Saver Fund - Direct Plan - Growth Option,26-02-2019,44.5733,Axis Mutual Fund,Equity Scheme - ELSS
120503,Axis ELSS Tax Saver Fund - Direct Plan - Growth Option,25-02-2019,44.296,Axis Mutual Fund,Equity Scheme - ELSS
120503,Axis ELSS Tax Saver Fund - Direct Plan - Growth Option,22-02-2019,43.7049,Axis Mutual Fund,Equity Scheme - ELSS
120503,Axis ELSS Tax Saver Fund - Direct Plan - Growth Option,21-02-2019,43.7567,Axis Mutual Fund,Equity Scheme - ELSS
120503,Axis ELSS Tax Saver Fund - Direct Plan - Growth Option,20-02-2019,43.6851,Axis Mutual Fund,Equity Scheme - ELSS
120503,Axis ELSS Tax Saver Fund - Direct Plan - Growth Option,19-02-2019,43.1958,Axis Mutual Fund,Equity Scheme - ELSS
120503,Axis ELSS Tax Saver Fund - Direct Plan - Growth Option,18-02-2019,43.3006,Axis Mutual Fund,Equity Scheme - ELSS
120503,Axis ELSS Tax Saver Fund - Direct Plan - Growth Option,15-02-2019,43.7705,Axis Mutual Fund,Equity Scheme - ELSS
120503,Axis ELSS Tax Saver Fund - Direct Plan - Growth Option,14-02-2019,44.069,Axis Mutual Fund,Equity Scheme - ELSS
120503,Axis ELSS Tax Saver Fund - Direct Plan - Growth Option,13-02-2019,44.2871,Axis Mutual Fund,Equity Scheme - ELSS
120503,Axis ELSS Tax Saver Fund - Direct Plan - Growth Option,12-02-2019,44.3109,Axis Mutual Fund,Equity Scheme - ELSS
120503,Axis ELSS Tax Saver Fund - Direct Plan - Growth Option,11-02-2019,44.5422,Axis Mutual Fund,Equity Scheme - ELSS
120503,Axis ELSS Tax Saver Fund - Direct Plan - Growth Option,08-02-2019,44.8823,Axis Mutual Fund,Equity Scheme - ELSS
120503,Axis ELSS Tax Saver Fund - Direct Plan - Growth Option,07-02-2019,45.183,Axis Mutual Fund,Equity Scheme - ELSS
120503,Axis ELSS Tax Saver Fund - Direct Plan - Growth Option,06-02-2019,44.8555,Axis Mutual Fund,Equity Scheme - ELSS
120503,Axis ELSS Tax Saver Fund - Direct Plan - Growth Option,05-02-2019,44.3637,Axis Mutual Fund,Equity Scheme - ELSS
120503,Axis ELSS Tax Saver Fund - Direct Plan - Growth Option,04-02-2019,44.1172,Axis Mutual Fund,Equity Scheme - ELSS
120503,Axis ELSS Tax Saver Fund - Direct Plan - Growth Option,01-02-2019,43.9509,Axis Mutual Fund,Equity Scheme - ELSS
120503,Axis ELSS Tax Saver Fund - Direct Plan - Growth Option,31-01-2019,43.5103,Axis Mutual Fund,Equity Scheme - ELSS
120503,Axis ELSS Tax Saver Fund - Direct Plan - Growth Option,30-01-2019,43.2035,Axis Mutual Fund,Equity Scheme - ELSS
120503,Axis ELSS Tax Saver Fund - Direct Plan - Growth Option,29-01-2019,43.2329,Axis Mutual Fund,Equity Scheme - ELSS
120503,Axis ELSS Tax Saver Fund - Direct Plan - Growth Option,28-01-2019,43.2665,Axis Mutual Fund,Equity Scheme - ELSS
120503,Axis ELSS Tax Saver Fund - Direct Plan - Growth Option,25-01-2019,43.7855,Axis Mutual Fund,Equity Scheme - ELSS
120503,Axis ELSS Tax Saver Fund - Direct Plan - Growth Option,24-01-2019,44.1054,Axis Mutual Fund,Equity Scheme - ELSS
120503,Axis ELSS Tax Saver Fund - Direct Plan - Growth Option,23-01-2019,44.275,Axis Mutual Fund,Equity Scheme - ELSS
120503,Axis ELSS Tax Saver Fund - Direct Plan - Growth Option,22-01-2019,44.1753,Axis Mutual Fund,Equity Scheme - ELSS
120503,Axis ELSS Tax Saver Fund - Direct Plan - Growth Option,21-01-2019,44.2645,Axis Mutual Fund,Equity Scheme - ELSS
120503,Axis ELSS Tax Saver Fund - Direct Plan - Growth Option,18-01-2019,44.3353,Axis Mutual Fund,Equity Scheme - ELSS
120503,Axis ELSS Tax Saver Fund - Direct Plan - Growth Option,17-01-2019,44.3741,Axis Mutual Fund,Equity Scheme - ELSS
120503,Axis ELSS Tax Saver Fund - Direct Plan - Growth Option,16-01-2019,44.3757,Axis Mutual Fund,Equity Scheme - ELSS
120503,Axis ELSS Tax Saver Fund - Direct Plan - Growth Option,15-01-2019,44.6295,Axis Mutual Fund,Equity Scheme - ELSS
120503,Axis ELSS Tax Saver Fund - Direct Plan - Growth Option,14-01-2019,44.192,Axis Mutual Fund,Equity Scheme - ELSS
120503,Axis ELSS Tax Saver Fund - Direct Plan - Growth Option,11-01-2019,44.451,Axis Mutual Fund,Equity Scheme - ELSS
120503,Axis ELSS Tax Saver Fund - Direct Plan - Growth Option,10-01-2019,44.7078,Axis Mutual Fund,Equity Scheme - ELSS
120503,Axis ELSS Tax Saver Fund - Direct Plan - Growth Option,09-01-2019,44.669,Axis Mutual Fund,Equity Scheme - ELSS
120503,Axis ELSS Tax Saver Fund - Direct Plan - Growth Option,08-01-2019,44.6935,Axis Mutual Fund,Equity Scheme - ELSS
120503,Axis ELSS Tax Saver Fund - Direct Plan - Growth Option,07-01-2019,45.1689,Axis Mutual Fund,Equity Scheme - ELSS
120503,Axis ELSS Tax Saver Fund - Direct Plan - Growth Option,04-01-2019,45.318,Axis Mutual Fund,Equity Scheme - ELSS
120503,Axis ELSS Tax Saver Fund - Direct Plan - Growth Option,03-01-2019,45.3334,Axis Mutual Fund,Equity Scheme - ELSS
120503,Axis ELSS Tax Saver Fund - Direct Plan - Growth Option,02-01-2019,45.6003,Axis Mutual Fund,Equity Scheme - ELSS
120503,Axis ELSS Tax Saver Fund - Direct Plan - Growth Option,01-01-2019,46.0296,Axis Mutual Fund,Equity Scheme - ELSS
120503,Axis ELSS Tax Saver Fund - Direct Plan - Growth Option,31-12-2018,45.9487,Axis Mutual Fund,Equity Scheme - ELSS
120503,Axis ELSS Tax Saver Fund - Direct Plan - Growth Option,28-12-2018,45.8494,Axis Mutual Fund,Equity Scheme - ELSS
120503,Axis ELSS Tax Saver Fund - Direct Plan - Growth Option,27-12-2018,45.4602,Axis Mutual Fund,Equity Scheme - ELSS
120503,Axis ELSS Tax Saver Fund - Direct Plan - Growth Option,26-12-2018,45.3484,Axis Mutual Fund,Equity Scheme - ELSS
120503,Axis ELSS Tax Saver Fund - Direct Plan - Growth Option,24-12-2018,45.313,Axis Mutual Fund,Equity Scheme - ELSS
120503,Axis ELSS Tax Saver Fund - Direct Plan - Growth Option,21-12-2018,45.8127,Axis Mutual Fund,Equity Scheme - ELSS
120503,Axis ELSS Tax Saver Fund - Direct Plan - Growth Option,20-12-2018,46.4699,Axis Mutual Fund,Equity Scheme - ELSS
120503,Axis ELSS Tax Saver Fund - Direct Plan - Growth Option,19-12-2018,46.5653,Axis Mutual Fund,Equity Scheme - ELSS
120503,Axis ELSS Tax Saver Fund - Direct Plan - Growth Option,18-12-2018,46.2921,Axis Mutual Fund,Equity Scheme - ELSS
120503,Axis ELSS Tax Saver Fund - Direct Plan - Growth Option,17-12-2018,46.2157,Axis Mutual Fund,Equity Scheme - ELSS
120503,Axis ELSS Tax Saver Fund - Direct Plan - Growth Option,14-12-2018,45.8628,Axis Mutual Fund,Equity Scheme - ELSS
120503,Axis ELSS Tax Saver Fund - Direct Plan - Growth Option,13-12-2018,45.8382,Axis Mutual Fund,Equity Scheme - ELSS
120503,Axis ELSS Tax Saver Fund - Direct Plan - Growth Option,12-12-2018,45.4228,Axis Mutual Fund,Equity Scheme - ELSS
120503,Axis ELSS Tax Saver Fund - Direct Plan - Growth Option,11-12-2018,44.4437,Axis Mutual Fund,Equity Scheme - ELSS
120503,Axis ELSS Tax Saver Fund - Direct Plan - Growth Option,10-12-2018,44.0545,Axis Mutual Fund,Equity Scheme - ELSS
120503,Axis ELSS Tax Saver Fund - Direct Plan - Growth Option,07-12-2018,44.813,Axis Mutual Fund,Equity Scheme - ELSS
120503,Axis ELSS Tax Saver Fund - Direct Plan - Growth Option,06-12-2018,44.4363,Axis Mutual Fund,Equity Scheme - ELSS
120503,Axis ELSS Tax Saver Fund - Direct Plan - Growth Option,05-12-2018,45.0236,Axis Mutual Fund,Equity Scheme - ELSS
120503,Axis ELSS Tax Saver Fund - Direct Plan - Growth Option,04-12-2018,45.4645,Axis Mutual Fund,Equity Scheme - ELSS
120503,Axis ELSS Tax Saver Fund - Direct Plan - Growth Option,03-12-2018,45.5142,Axis Mutual Fund,Equity Scheme - ELSS
120503,Axis ELSS Tax Saver Fund - Direct Plan - Growth Option,30-11-2018,45.5428,Axis Mutual Fund,Equity Scheme - ELSS
120503,Axis ELSS Tax Saver Fund - Direct Plan - Growth Option,29-11-2018,45.1652,Axis Mutual Fund,Equity Scheme - ELSS
120503,Axis ELSS Tax Saver Fund - Direct Plan - Growth Option,28-11-2018,44.633,Axis Mutual Fund,Equity Scheme - ELSS
120503,Axis ELSS Tax Saver Fund - Direct Plan - Growth Option,27-11-2018,44.4178,Axis Mutual Fund,Equity Scheme - ELSS
120503,Axis ELSS Tax Saver Fund - Direct Plan - Growth Option,26-11-2018,44.1062,Axis Mutual Fund,Equity Scheme - ELSS
120503,Axis ELSS Tax Saver Fund - Direct Plan - Growth Option,22-11-2018,43.9282,Axis Mutual Fund,Equity Scheme - ELSS
120503,Axis ELSS Tax Saver Fund - Direct Plan - Growth Option,21-11-2018,44.1877,Axis Mutual Fund,Equity Scheme - ELSS
120503,Axis ELSS Tax Saver Fund - Direct Plan - Growth Option,20-11-2018,44.1911,Axis Mutual Fund,Equity Scheme - ELSS
120503,Axis ELSS Tax Saver Fund - Direct Plan - Growth Option,19-11-2018,44.4665,Axis Mutual Fund,Equity Scheme - ELSS
120503,Axis ELSS Tax Saver Fund - Direct Plan - Growth Option,16-11-2018,44.3022,Axis Mutual Fund,Equity Scheme - ELSS
120503,Axis ELSS Tax Saver Fund - Direct Plan - Growth Option,15-11-2018,43.9766,Axis Mutual Fund,Equity Scheme - ELSS
120503,Axis ELSS Tax Saver Fund - Direct Plan - Growth Option,14-11-2018,43.71,Axis Mutual Fund,Equity Scheme - ELSS
120503,Axis ELSS Tax Saver Fund - Direct Plan - Growth Option,13-11-2018,43.845,Axis Mutual Fund,Equity Scheme - ELSS
120503,Axis ELSS Tax Saver Fund - Direct Plan - Growth Option,12-11-2018,43.5524,Axis Mutual Fund,Equity Scheme - ELSS
120503,Axis ELSS Tax Saver Fund - Direct Plan - Growth Option,09-11-2018,44.1023,Axis Mutual Fund,Equity Scheme - ELSS
120503,Axis ELSS Tax Saver Fund - Direct Plan - Growth Option,06-11-2018,43.7198,Axis Mutual Fund,Equity Scheme - ELSS
120503,Axis ELSS Tax Saver Fund - Direct Plan - Growth Option,05-11-2018,43.81,Axis Mutual Fund,Equity Scheme - ELSS
120503,Axis ELSS Tax Saver Fund - Direct Plan - Growth Option,02-11-2018,43.85,Axis Mutual Fund,Equity Scheme - ELSS
120503,Axis ELSS Tax Saver Fund - Direct Plan - Growth Option,01-11-2018,43.1171,Axis Mutual Fund,Equity Scheme - ELSS
120503,Axis ELSS Tax Saver Fund - Direct Plan - Growth Option,31-10-2018,42.8528,Axis Mutual Fund,Equity Scheme - ELSS
120503,Axis ELSS Tax Saver Fund - Direct Plan - Growth Option,30-10-2018,41.9306,Axis Mutual Fund,Equity Scheme - ELSS
120503,Axis ELSS Tax Saver Fund - Direct Plan - Growth Option,29-10-2018,42.1527,Axis Mutual Fund,Equity Scheme - ELSS
120503,Axis ELSS Tax Saver Fund - Direct Plan - Growth Option,26-10-2018,41.5634,Axis Mutual Fund,Equity Scheme - ELSS
120503,Axis ELSS Tax Saver Fund - Direct Plan - Growth Option,25-10-2018,41.7228,Axis Mutual Fund,Equity Scheme - ELSS
120503,Axis ELSS Tax Saver Fund - Direct Plan - Growth Option,24-10-2018,41.8934,Axis Mutual Fund,Equity Scheme - ELSS
120503,Axis ELSS Tax Saver Fund - Direct Plan - Growth Option,23-10-2018,41.2102,Axis Mutual Fund,Equity Scheme - ELSS
120503,Axis ELSS Tax Saver Fund - Direct Plan - Growth Option,22-10-2018,41.8448,Axis Mutual Fund,Equity Scheme - ELSS
120503,Axis ELSS Tax Saver Fund - Direct Plan - Growth Option,19-10-2018,42.2254,Axis Mutual Fund,Equity Scheme - ELSS
120503,Axis ELSS Tax Saver Fund - Direct Plan - Growth Option,17-10-2018,42.6098,Axis Mutual Fund,Equity Scheme - ELSS
120503,Axis ELSS Tax Saver Fund - Direct Plan - Growth Option,16-10-2018,43.4351,Axis Mutual Fund,Equity Scheme - ELSS
120503,Axis ELSS Tax Saver Fund - Direct Plan - Growth Option,15-10-2018,43.2515,Axis Mutual Fund,Equity Scheme - ELSS
120503,Axis ELSS Tax Saver Fund - Direct Plan - Growth Option,12-10-2018,43.1784,Axis Mutual Fund,Equity Scheme - ELSS
120503,Axis ELSS Tax Saver Fund - Direct Plan - Growth Option,11-10-2018,42.0772,Axis Mutual Fund,Equity Scheme - ELSS
120503,Axis ELSS Tax Saver Fund - Direct Plan - Growth Option,10-10-2018,42.9547,Axis Mutual Fund,Equity Scheme - ELSS
120503,Axis ELSS Tax Saver Fund - Direct Plan - Growth Option,09-10-2018,41.9931,Axis Mutual Fund,Equity Scheme - ELSS
120503,Axis ELSS Tax Saver Fund - Direct Plan - Growth Option,08-10-2018,41.9164,Axis Mutual Fund,Equity Scheme - ELSS
120503,Axis ELSS Tax Saver Fund - Direct Plan - Growth Option,05-10-2018,42.1007,Axis Mutual Fund,Equity Scheme - ELSS
120503,Axis ELSS Tax Saver Fund - Direct Plan - Growth Option,04-10-2018,42.7151,Axis Mutual Fund,Equity Scheme - ELSS
120503,Axis ELSS Tax Saver Fund - Direct Plan - Growth Option,03-10-2018,43.5984,Axis Mutual Fund,Equity Scheme - ELSS
120503,Axis ELSS Tax Saver Fund - Direct Plan - Growth Option,01-10-2018,44.4205,Axis Mutual Fund,Equity Scheme - ELSS
120503,Axis ELSS Tax Saver Fund - Direct Plan - Growth Option,28-09-2018,44.6596,Axis Mutual Fund,Equity Scheme - ELSS
120503,Axis ELSS Tax Saver Fund - Direct Plan - Growth Option,27-09-2018,44.845,Axis Mutual Fund,Equity Scheme - ELSS
120503,Axis ELSS Tax Saver Fund - Direct Plan - Growth Option,26-09-2018,45.3522,Axis Mutual Fund,Equity Scheme - ELSS
120503,Axis ELSS Tax Saver Fund - Direct Plan - Growth Option,25-09-2018,45.6957,Axis Mutual Fund,Equity Scheme - ELSS
120503,Axis ELSS Tax Saver Fund - Direct Plan - Growth Option,24-09-2018,45.3802,Axis Mutual Fund,Equity Scheme - ELSS
120503,Axis ELSS Tax Saver Fund - Direct Plan - Growth Option,21-09-2018,46.5231,Axis Mutual Fund,Equity Scheme - ELSS
120503,Axis ELSS Tax Saver Fund - Direct Plan - Growth Option,19-09-2018,46.9948,Axis Mutual Fund,Equity Scheme - ELSS
120503,Axis ELSS Tax Saver Fund - Direct Plan - Growth Option,18-09-2018,47.3009,Axis Mutual Fund,Equity Scheme - ELSS
120503,Axis ELSS Tax Saver Fund - Direct Plan - Growth Option,17-09-2018,47.6817,Axis Mutual Fund,Equity Scheme - ELSS
120503,Axis ELSS Tax Saver Fund - Direct Plan - Growth Option,14-09-2018,48.2119,Axis Mutual Fund,Equity Scheme - ELSS
120503,Axis ELSS Tax Saver Fund - Direct Plan - Growth Option,12-09-2018,47.5556,Axis Mutual Fund,Equity Scheme - ELSS
120503,Axis ELSS Tax Saver Fund - Direct Plan - Growth Option,11-09-2018,47.2567,Axis Mutual Fund,Equity Scheme - ELSS
120503,Axis ELSS Tax Saver Fund - Direct Plan - Growth Option,10-09-2018,47.8953,Axis Mutual Fund,Equity Scheme - ELSS
120503,Axis ELSS Tax Saver Fund - Direct Plan - Growth Option,07-09-2018,48.7308,Axis Mutual Fund,Equity Scheme - ELSS
120503,Axis ELSS Tax Saver Fund - Direct Plan - Growth Option,06-09-2018,48.7309,Axis Mutual Fund,Equity Scheme - ELSS
120503,Axis ELSS Tax Saver Fund - Direct Plan - Growth Option,05-09-2018,48.4323,Axis Mutual Fund,Equity Scheme - ELSS
120503,Axis ELSS Tax Saver Fund - Direct Plan - Growth Option,04-09-2018,48.7022,Axis Mutual Fund,Equity Scheme - ELSS
120503,Axis ELSS Tax Saver Fund - Direct Plan - Growth Option,03-09-2018,49.163,Axis Mutual Fund,Equity Scheme - ELSS
120503,Axis ELSS Tax Saver Fund - Direct Plan - Growth Option,31-08-2018,49.5414,Axis Mutual Fund,Equity Scheme - ELSS
120503,Axis ELSS Tax Saver Fund - Direct Plan - Growth Option,30-08-2018,49.4987,Axis Mutual Fund,Equity Scheme - ELSS
120503,Axis ELSS Tax Saver Fund - Direct Plan - Growth Option,29-08-2018,49.6369,Axis Mutual Fund,Equity Scheme - ELSS
120503,Axis ELSS Tax Saver Fund - Direct Plan - Growth Option,28-08-2018,49.4611,Axis Mutual Fund,Equity Scheme - ELSS
120503,Axis ELSS Tax Saver Fund - Direct Plan - Growth Option,27-08-2018,49.2514,Axis Mutual Fund,Equity Scheme - ELSS
120503,Axis ELSS Tax Saver Fund - Direct Plan - Growth Option,24-08-2018,48.6583,Axis Mutual Fund,Equity Scheme - ELSS
120503,Axis ELSS Tax Saver Fund - Direct Plan - Growth Option,23-08-2018,48.761,Axis Mutual Fund,Equity Scheme - ELSS
120503,Axis ELSS Tax Saver Fund - Direct Plan - Growth Option,21-08-2018,48.6048,Axis Mutual Fund,Equity Scheme - ELSS
120503,Axis ELSS Tax Saver Fund - Direct Plan - Growth Option,20-08-2018,48.3837,Axis Mutual Fund,Equity Scheme - ELSS
120503,Axis ELSS Tax Saver Fund - Direct Plan - Growth Option,17-08-2018,48.1444,Axis Mutual Fund,Equity Scheme - ELSS
120503,Axis ELSS Tax Saver Fund - Direct Plan - Growth Option,16-08-2018,47.8863,Axis Mutual Fund,Equity Scheme - ELSS
120503,Axis ELSS Tax Saver Fund - Direct Plan - Growth Option,14-08-2018,48.162,Axis Mutual Fund,Equity Scheme - ELSS
120503,Axis ELSS Tax Saver Fund - Direct Plan - Growth Option,13-08-2018,47.7677,Axis Mutual Fund,Equity Scheme - ELSS
120503,Axis ELSS Tax Saver Fund - Direct Plan - Growth Option,10-08-2018,48.1197,Axis Mutual Fund,Equity Scheme - ELSS
120503,Axis ELSS Tax Saver Fund - Direct Plan - Growth Option,09-08-2018,48.3109,Axis Mutual Fund,Equity Scheme - ELSS
120503,Axis ELSS Tax Saver Fund - Direct Plan - Growth Option,08-08-2018,48.2043,Axis Mutual Fund,Equity Scheme - ELSS
120503,Axis ELSS Tax Saver Fund - Direct Plan - Growth Option,07-08-2018,48.0329,Axis Mutual Fund,Equity Scheme - ELSS
120503,Axis ELSS Tax Saver Fund - Direct Plan - Growth Option,06-08-2018,48.0192,Axis Mutual Fund,Equity Scheme - ELSS
120503,Axis ELSS Tax Saver Fund - Direct Plan - Growth Option,03-08-2018,48.1229,Axis Mutual Fund,Equity Scheme - ELSS
120503,Axis ELSS Tax Saver Fund - Direct Plan - Growth Option,02-08-2018,47.674,Axis Mutual Fund,Equity Scheme - ELSS
120503,Axis ELSS Tax Saver Fund - Direct Plan - Growth Option,01-08-2018,48.265,Axis Mutual Fund,Equity Scheme - ELSS
120503,Axis ELSS Tax Saver Fund - Direct Plan - Growth Option,31-07-2018,48.2668,Axis Mutual Fund,Equity Scheme - ELSS
120503,Axis ELSS Tax Saver Fund - Direct Plan - Growth Option,30-07-2018,48.0705,Axis Mutual Fund,Equity Scheme - ELSS
120503,Axis ELSS Tax Saver Fund - Direct Plan - Growth Option,27-07-2018,48.2232,Axis Mutual Fund,Equity Scheme - ELSS
120503,Axis ELSS Tax Saver Fund - Direct Plan - Growth Option,26-07-2018,47.9672,Axis Mutual Fund,Equity Scheme - ELSS
120503,Axis ELSS Tax Saver Fund - Direct Plan - Growth Option,25-07-2018,48.1091,Axis Mutual Fund,Equity Scheme - ELSS
120503,Axis ELSS Tax Saver Fund - Direct Plan - Growth Option,24-07-2018,48.131,Axis Mutual Fund,Equity Scheme - ELSS
120503,Axis ELSS Tax Saver Fund - Direct Plan - Growth Option,23-07-2018,47.8292,Axis Mutual Fund,Equity Scheme - ELSS
120503,Axis ELSS Tax Saver Fund - Direct Plan - Growth Option,20-07-2018,47.4761,Axis Mutual Fund,Equity Scheme - ELSS
120503,Axis ELSS Tax Saver Fund - Direct Plan - Growth Option,19-07-2018,46.9584,Axis Mutual Fund,Equity Scheme - ELSS
120503,Axis ELSS Tax Saver Fund - Direct Plan - Growth Option,18-07-2018,47.2694,Axis Mutual Fund,Equity Scheme - ELSS
120503,Axis ELSS Tax Saver Fund - Direct Plan - Growth Option,17-07-2018,47.1688,Axis Mutual Fund,Equity Scheme - ELSS
120503,Axis ELSS Tax Saver Fund - Direct Plan - Growth Option,16-07-2018,46.796,Axis Mutual Fund,Equity Scheme - ELSS
120503,Axis ELSS Tax Saver Fund - Direct Plan - Growth Option,13-07-2018,47.3626,Axis Mutual Fund,Equity Scheme - ELSS
120503,Axis ELSS Tax Saver Fund - Direct Plan - Growth Option,12-07-2018,47.4669,Axis Mutual Fund,Equity Scheme - ELSS
120503,Axis ELSS Tax Saver Fund - Direct Plan - Growth Option,11-07-2018,47.33,Axis Mutual Fund,Equity Scheme - ELSS
120503,Axis ELSS Tax Saver Fund - Direct Plan - Growth Option,10-07-2018,47.2806,Axis Mutual Fund,Equity Scheme - ELSS
120503,Axis ELSS Tax Saver Fund - Direct Plan - Growth Option,09-07-2018,46.9185,Axis Mutual Fund,Equity Scheme - ELSS
120503,Axis ELSS Tax Saver Fund - Direct Plan - Growth Option,06-07-2018,46.6949,Axis Mutual Fund,Equity Scheme - ELSS
120503,Axis ELSS Tax Saver Fund - Direct Plan - Growth Option,05-07-2018,46.5507,Axis Mutual Fund,Equity Scheme - ELSS
120503,Axis ELSS Tax Saver Fund - Direct Plan - Growth Option,04-07-2018,46.4418,Axis Mutual Fund,Equity Scheme - ELSS
120503,Axis ELSS Tax Saver Fund - Direct Plan - Growth Option,03-07-2018,46.0473,Axis Mutual Fund,Equity Scheme - ELSS
120503,Axis ELSS Tax Saver Fund - Direct Plan - Growth Option,02-07-2018,45.7514,Axis Mutual Fund,Equity Scheme - ELSS
120503,Axis ELSS Tax Saver Fund - Direct Plan - Growth Option,29-06-2018,45.8172,Axis Mutual Fund,Equity Scheme - ELSS
120503,Axis ELSS Tax Saver Fund - Direct Plan - Growth Option,28-06-2018,45.4715,Axis Mutual Fund,Equity Scheme - ELSS
120503,Axis ELSS Tax Saver Fund - Direct Plan - Growth Option,27-06-2018,45.7051,Axis Mutual Fund,Equity Scheme - ELSS
120503,Axis ELSS Tax Saver Fund - Direct Plan - Growth Option,26-06-2018,46.0382,Axis Mutual Fund,Equity Scheme - ELSS
120503,Axis ELSS Tax Saver Fund - Direct Plan - Growth Option,25-06-2018,46.0384,Axis Mutual Fund,Equity Scheme - ELSS
120503,Axis ELSS Tax Saver Fund - Direct Plan - Growth Option,22-06-2018,46.2405,Axis Mutual Fund,Equity Scheme - ELSS
120503,Axis ELSS Tax Saver Fund - Direct Plan - Growth Option,21-06-2018,45.8965,Axis Mutual Fund,Equity Scheme - ELSS
120503,Axis ELSS Tax Saver Fund - Direct Plan - Growth Option,20-06-2018,46.0752,Axis Mutual Fund,Equity Scheme - ELSS
120503,Axis ELSS Tax Saver Fund - Direct Plan - Growth Option,19-06-2018,45.8521,Axis Mutual Fund,Equity Scheme - ELSS
120503,Axis ELSS Tax Saver Fund - Direct Plan - Growth Option,18-06-2018,46.1941,Axis Mutual Fund,Equity Scheme - ELSS
120503,Axis ELSS Tax Saver Fund - Direct Plan - Growth Option,15-06-2018,46.6102,Axis Mutual Fund,Equity Scheme - ELSS
120503,Axis ELSS Tax Saver Fund - Direct Plan - Growth Option,14-06-2018,46.6297,Axis Mutual Fund,Equity Scheme - ELSS
120503,Axis ELSS Tax Saver Fund - Direct Plan - Growth Option,13-06-2018,46.6806,Axis Mutual Fund,Equity Scheme - ELSS
120503,Axis ELSS Tax Saver Fund - Direct Plan - Growth Option,12-06-2018,46.6921,Axis Mutual Fund,Equity Scheme - ELSS
120503,Axis ELSS Tax Saver Fund - Direct Plan - Growth Option,11-06-2018,46.4037,Axis Mutual Fund,Equity Scheme - ELSS
120503,Axis ELSS Tax Saver Fund - Direct Plan - Growth Option,08-06-2018,46.3772,Axis Mutual Fund,Equity Scheme - ELSS
120503,Axis ELSS Tax Saver Fund - Direct Plan - Growth Option,07-06-2018,46.2776,Axis Mutual Fund,Equity Scheme - ELSS
120503,Axis ELSS Tax Saver Fund - Direct Plan - Growth Option,06-06-2018,46.0611,Axis Mutual Fund,Equity Scheme - ELSS
120503,Axis ELSS Tax Saver Fund - Direct Plan - Growth Option,05-06-2018,45.4377,Axis Mutual Fund,Equity Scheme - ELSS
120503,Axis ELSS Tax Saver Fund - Direct Plan - Growth Option,04-06-2018,45.791,Axis Mutual Fund,Equity Scheme - ELSS
120503,Axis ELSS Tax Saver Fund - Direct Plan - Growth Option,01-06-2018,46.2936,Axis Mutual Fund,Equity Scheme - ELSS
120503,Axis ELSS Tax Saver Fund - Direct Plan - Growth Option,31-05-2018,46.7453,Axis Mutual Fund,Equity Scheme - ELSS
120503,Axis ELSS Tax Saver Fund - Direct Plan - Growth Option,30-05-2018,46.4314,Axis Mutual Fund,Equity Scheme - ELSS
120503,Axis ELSS Tax Saver Fund - Direct Plan - Growth Option,29-05-2018,46.1664,Axis Mutual Fund,Equity Scheme - ELSS
120503,Axis ELSS Tax Saver Fund - Direct Plan - Growth Option,28-05-2018,46.0973,Axis Mutual Fund,Equity Scheme - ELSS
120503,Axis ELSS Tax Saver Fund - Direct Plan - Growth Option,25-05-2018,45.7053,Axis Mutual Fund,Equity Scheme - ELSS
120503,Axis ELSS Tax Saver Fund - Direct Plan - Growth Option,24-05-2018,44.9205,Axis Mutual Fund,Equity Scheme - ELSS
120503,Axis ELSS Tax Saver Fund - Direct Plan - Growth Option,23-05-2018,44.5882,Axis Mutual Fund,Equity Scheme - ELSS
120503,Axis ELSS Tax Saver Fund - Direct Plan - Growth Option,22-05-2018,45.0447,Axis Mutual Fund,Equity Scheme - ELSS
120503,Axis ELSS Tax Saver Fund - Direct Plan - Growth Option,21-05-2018,44.96,Axis Mutual Fund,Equity Scheme - ELSS
120503,Axis ELSS Tax Saver Fund - Direct Plan - Growth Option,18-05-2018,45.5903,Axis Mutual Fund,Equity Scheme - ELSS
120503,Axis ELSS Tax Saver Fund - Direct Plan - Growth Option,17-05-2018,45.8324,Axis Mutual Fund,Equity Scheme - ELSS
120503,Axis ELSS Tax Saver Fund - Direct Plan - Growth Option,16-05-2018,45.8304,Axis Mutual Fund,Equity Scheme - ELSS
120503,Axis ELSS Tax Saver Fund - Direct Plan - Growth Option,15-05-2018,45.8985,Axis Mutual Fund,Equity Scheme - ELSS
120503,Axis ELSS Tax Saver Fund - Direct Plan - Growth Option,14-05-2018,45.8161,Axis Mutual Fund,Equity Scheme - ELSS
120503,Axis ELSS Tax Saver Fund - Direct Plan - Growth Option,11-05-2018,46.058,Axis Mutual Fund,Equity Scheme - ELSS
120503,Axis ELSS Tax Saver Fund - Direct Plan - Growth Option,10-05-2018,45.8115,Axis Mutual Fund,Equity Scheme - ELSS
120503,Axis ELSS Tax Saver Fund - Direct Plan - Growth Option,09-05-2018,46.0353,Axis Mutual Fund,Equity Scheme - ELSS
120503,Axis ELSS Tax Saver Fund - Direct Plan - Growth Option,08-05-2018,46.1987,Axis Mutual Fund,Equity Scheme - ELSS
120503,Axis ELSS Tax Saver Fund - Direct Plan - Growth Option,07-05-2018,45.9842,Axis Mutual Fund,Equity Scheme - ELSS
120503,Axis ELSS Tax Saver Fund - Direct Plan - Growth Option,04-05-2018,45.8291,Axis Mutual Fund,Equity Scheme - ELSS
120503,Axis ELSS Tax Saver Fund - Direct Plan - Growth Option,03-05-2018,46.0162,Axis Mutual Fund,Equity Scheme - ELSS
120503,Axis ELSS Tax Saver Fund - Direct Plan - Growth Option,02-05-2018,46.423,Axis Mutual Fund,Equity Scheme - ELSS
120503,Axis ELSS Tax Saver Fund - Direct Plan - Growth Option,30-04-2018,46.3585,Axis Mutual Fund,Equity Scheme - ELSS
120503,Axis ELSS Tax Saver Fund - Direct Plan - Growth Option,27-04-2018,45.9163,Axis Mutual Fund,Equity Scheme - ELSS
120503,Axis ELSS Tax Saver Fund - Direct Plan - Growth Option,26-04-2018,45.9246,Axis Mutual Fund,Equity Scheme - ELSS
120503,Axis ELSS Tax Saver Fund - Direct Plan - Growth Option,25-04-2018,45.6684,Axis Mutual Fund,Equity Scheme - ELSS
120503,Axis ELSS Tax Saver Fund - Direct Plan - Growth Option,24-04-2018,45.8566,Axis Mutual Fund,Equity Scheme - ELSS
120503,Axis ELSS Tax Saver Fund - Direct Plan - Growth Option,23-04-2018,45.7622,Axis Mutual Fund,Equity Scheme - ELSS
120503,Axis ELSS Tax Saver Fund - Direct Plan - Growth Option,20-04-2018,45.5433,Axis Mutual Fund,Equity Scheme - ELSS
120503,Axis ELSS Tax Saver Fund - Direct Plan - Growth Option,19-04-2018,45.5448,Axis Mutual Fund,Equity Scheme - ELSS
120503,Axis ELSS Tax Saver Fund - Direct Plan - Growth Option,18-04-2018,45.3724,Axis Mutual Fund,Equity Scheme - ELSS
120503,Axis ELSS Tax Saver Fund - Direct Plan - Growth Option,17-04-2018,45.565,Axis Mutual Fund,Equity Scheme - ELSS
120503,Axis ELSS Tax Saver Fund - Direct Plan - Growth Option,16-04-2018,45.5742,Axis Mutual Fund,Equity Scheme - ELSS
120503,Axis ELSS Tax Saver Fund - Direct Plan - Growth Option,13-04-2018,45.1852,Axis Mutual Fund,Equity Scheme - ELSS
120503,Axis ELSS Tax Saver Fund - Direct Plan - Growth Option,12-04-2018,45.1019,Axis Mutual Fund,Equity Scheme - ELSS
120503,Axis ELSS Tax Saver Fund - Direct Plan - Growth Option,11-04-2018,44.8579,Axis Mutual Fund,Equity Scheme - ELSS
120503,Axis ELSS Tax Saver Fund - Direct Plan - Growth Option,10-04-2018,44.6607,Axis Mutual Fund,Equity Scheme - ELSS
120503,Axis ELSS Tax Saver Fund - Direct Plan - Growth Option,09-04-2018,44.6744,Axis Mutual Fund,Equity Scheme - ELSS
120503,Axis ELSS Tax Saver Fund - Direct Plan - Growth Option,06-04-2018,44.5188,Axis Mutual Fund,Equity Scheme - ELSS
120503,Axis ELSS Tax Saver Fund - Direct Plan - Growth Option,05-04-2018,44.3133,Axis Mutual Fund,Equity Scheme - ELSS
120503,Axis ELSS Tax Saver Fund - Direct Plan - Growth Option,04-04-2018,43.6392,Axis Mutual Fund,Equity Scheme - ELSS
120503,Axis ELSS Tax Saver Fund - Direct Plan - Growth Option,03-04-2018,43.8922,Axis Mutual Fund,Equity Scheme - ELSS
120503,Axis ELSS Tax Saver Fund - Direct Plan - Growth Option,02-04-2018,43.7299,Axis Mutual Fund,Equity Scheme - ELSS
120503,Axis ELSS Tax Saver Fund - Direct Plan - Growth Option,28-03-2018,42.8589,Axis Mutual Fund,Equity Scheme - ELSS
120503,Axis ELSS Tax Saver Fund - Direct Plan - Growth Option,27-03-2018,42.8956,Axis Mutual Fund,Equity Scheme - ELSS
120503,Axis ELSS Tax Saver Fund - Direct Plan - Growth Option,26-03-2018,42.4293,Axis Mutual Fund,Equity Scheme - ELSS
120503,Axis ELSS Tax Saver Fund - Direct Plan - Growth Option,23-03-2018,41.881,Axis Mutual Fund,Equity Scheme - ELSS
120503,Axis ELSS Tax Saver Fund - Direct Plan - Growth Option,22-03-2018,42.2615,Axis Mutual Fund,Equity Scheme - ELSS
120503,Axis ELSS Tax Saver Fund - Direct Plan - Growth Option,21-03-2018,42.4211,Axis Mutual Fund,Equity Scheme - ELSS
120503,Axis ELSS Tax Saver Fund - Direct Plan - Growth Option,20-03-2018,42.2834,Axis Mutual Fund,Equity Scheme - ELSS
120503,Axis ELSS Tax Saver Fund - Direct Plan - Growth Option,19-03-2018,42.1986,Axis Mutual Fund,Equity Scheme - ELSS
120503,Axis ELSS Tax Saver Fund - Direct Plan - Growth Option,16-03-2018,42.5813,Axis Mutual Fund,Equity Scheme - ELSS
120503,Axis ELSS Tax Saver Fund - Direct Plan - Growth Option,15-03-2018,43.2154,Axis Mutual Fund,Equity Scheme - ELSS
120503,Axis ELSS Tax Saver Fund - Direct Plan - Growth Option,14-03-2018,43.1976,Axis Mutual Fund,Equity Scheme - ELSS
120503,Axis ELSS Tax Saver Fund - Direct Plan - Growth Option,13-03-2018,43.168,Axis Mutual Fund,Equity Scheme - ELSS
120503,Axis ELSS Tax Saver Fund - Direct Plan - Growth Option,12-03-2018,43.1646,Axis Mutual Fund,Equity Scheme - ELSS
120503,Axis ELSS Tax Saver Fund - Direct Plan - Growth Option,09-03-2018,42.8256,Axis Mutual Fund,Equity Scheme - ELSS
120503,Axis ELSS Tax Saver Fund - Direct Plan - Growth Option,08-03-2018,42.6226,Axis Mutual Fund,Equity Scheme - ELSS
120503,Axis ELSS Tax Saver Fund - Direct Plan - Growth Option,07-03-2018,42.4853,Axis Mutual Fund,Equity Scheme - ELSS
120503,Axis ELSS Tax Saver Fund - Direct Plan - Growth Option,06-03-2018,42.8249,Axis Mutual Fund,Equity Scheme - ELSS
120503,Axis ELSS Tax Saver Fund - Direct Plan - Growth Option,05-03-2018,43.1863,Axis Mutual Fund,Equity Scheme - ELSS
120503,Axis ELSS Tax Saver Fund - Direct Plan - Growth Option,01-03-2018,43.4761,Axis Mutual Fund,Equity Scheme - ELSS
120503,Axis ELSS Tax Saver Fund - Direct Plan - Growth Option,28-02-2018,43.6216,Axis Mutual Fund,Equity Scheme - ELSS
120503,Axis ELSS Tax Saver Fund - Direct Plan - Growth Option,27-02-2018,43.7346,Axis Mutual Fund,Equity Scheme - ELSS
120503,Axis ELSS Tax Saver Fund - Direct Plan - Growth Option,26-02-2018,43.6298,Axis Mutual Fund,Equity Scheme - ELSS
120503,Axis ELSS Tax Saver Fund - Direct Plan - Growth Option,23-02-2018,43.1378,Axis Mutual Fund,Equity Scheme - ELSS
120503,Axis ELSS Tax Saver Fund - Direct Plan - Growth Option,22-02-2018,42.5132,Axis Mutual Fund,Equity Scheme - ELSS
120503,Axis ELSS Tax Saver Fund - Direct Plan - Growth Option,21-02-2018,42.7113,Axis Mutual Fund,Equity Scheme - ELSS
120503,Axis ELSS Tax Saver Fund - Direct Plan - Growth Option,20-02-2018,42.635,Axis Mutual Fund,Equity Scheme - ELSS
120503,Axis ELSS Tax Saver Fund - Direct Plan - Growth Option,19-02-2018,42.7144,Axis Mutual Fund,Equity Scheme - ELSS
120503,Axis ELSS Tax Saver Fund - Direct Plan - Growth Option,16-02-2018,42.9466,Axis Mutual Fund,Equity Scheme - ELSS
120503,Axis ELSS Tax Saver Fund - Direct Plan - Growth Option,15-02-2018,43.1527,Axis Mutual Fund,Equity Scheme - ELSS
120503,Axis ELSS Tax Saver Fund - Direct Plan - Growth Option,14-02-2018,43.2179,Axis Mutual Fund,Equity Scheme - ELSS
120503,Axis ELSS Tax Saver Fund - Direct Plan - Growth Option,12-02-2018,43.1983,Axis Mutual Fund,Equity Scheme - ELSS
120503,Axis ELSS Tax Saver Fund - Direct Plan - Growth Option,09-02-2018,42.7755,Axis Mutual Fund,Equity Scheme - ELSS
120503,Axis ELSS Tax Saver Fund - Direct Plan - Growth Option,08-02-2018,42.9776,Axis Mutual Fund,Equity Scheme - ELSS
120503,Axis ELSS Tax Saver Fund - Direct Plan - Growth Option,07-02-2018,42.3219,Axis Mutual Fund,Equity Scheme - ELSS
120503,Axis ELSS Tax Saver Fund - Direct Plan - Growth Option,06-02-2018,42.3687,Axis Mutual Fund,Equity Scheme - ELSS
120503,Axis ELSS Tax Saver Fund - Direct Plan - Growth Option,05-02-2018,43.0571,Axis Mutual Fund,Equity Scheme - ELSS
120503,Axis ELSS Tax Saver Fund - Direct Plan - Growth Option,02-02-2018,43.6676,Axis Mutual Fund,Equity Scheme - ELSS
120503,Axis ELSS Tax Saver Fund - Direct Plan - Growth Option,01-02-2018,44.8934,Axis Mutual Fund,Equity Scheme - ELSS
120503,Axis ELSS Tax Saver Fund - Direct Plan - Growth Option,31-01-2018,44.8938,Axis Mutual Fund,Equity Scheme - ELSS
120503,Axis ELSS Tax Saver Fund - Direct Plan - Growth Option,30-01-2018,44.8918,Axis Mutual Fund,Equity Scheme - ELSS
120503,Axis ELSS Tax Saver Fund - Direct Plan - Growth Option,29-01-2018,45.31,Axis Mutual Fund,Equity Scheme - ELSS
120503,Axis ELSS Tax Saver Fund - Direct Plan - Growth Option,25-01-2018,45.1246,Axis Mutual Fund,Equity Scheme - ELSS
120503,Axis ELSS Tax Saver Fund - Direct Plan - Growth Option,24-01-2018,45.3295,Axis Mutual Fund,Equity Scheme - ELSS
120503,Axis ELSS Tax Saver Fund - Direct Plan - Growth Option,23-01-2018,45.644,Axis Mutual Fund,Equity Scheme - ELSS
120503,Axis ELSS Tax Saver Fund - Direct Plan - Growth Option,22-01-2018,45.7891,Axis Mutual Fund,Equity Scheme - ELSS
120503,Axis ELSS Tax Saver Fund - Direct Plan - Growth Option,19-01-2018,45.9092,Axis Mutual Fund,Equity Scheme - ELSS
120503,Axis ELSS Tax Saver Fund - Direct Plan - Growth Option,18-01-2018,45.2456,Axis Mutual Fund,Equity Scheme - ELSS
120503,Axis ELSS Tax Saver Fund - Direct Plan - Growth Option,17-01-2018,45.0557,Axis Mutual Fund,Equity Scheme - ELSS
120503,Axis ELSS Tax Saver Fund - Direct Plan - Growth Option,16-01-2018,44.811,Axis Mutual Fund,Equity Scheme - ELSS
120503,Axis ELSS Tax Saver Fund - Direct Plan - Growth Option,15-01-2018,45.1435,Axis Mutual Fund,Equity Scheme - ELSS
120503,Axis ELSS Tax Saver Fund - Direct Plan - Growth Option,12-01-2018,45.0602,Axis Mutual Fund,Equity Scheme - ELSS
120503,Axis ELSS Tax Saver Fund - Direct Plan - Growth Option,11-01-2018,44.8982,Axis Mutual Fund,Equity Scheme - ELSS
120503,Axis ELSS Tax Saver Fund - Direct Plan - Growth Option,10-01-2018,44.7981,Axis Mutual Fund,Equity Scheme - ELSS
120503,Axis ELSS Tax Saver Fund - Direct Plan - Growth Option,09-01-2018,44.723,Axis Mutual Fund,Equity Scheme - ELSS
120503,Axis ELSS Tax Saver Fund - Direct Plan - Growth Option,08-01-2018,44.813,Axis Mutual Fund,Equity Scheme - ELSS
120503,Axis ELSS Tax Saver Fund - Direct Plan - Growth Option,05-01-2018,44.6544,Axis Mutual Fund,Equity Scheme - ELSS
120503,Axis ELSS Tax Saver Fund - Direct Plan - Growth Option,04-01-2018,44.1072,Axis Mutual Fund,Equity Scheme - ELSS
120503,Axis ELSS Tax Saver Fund - Direct Plan - Growth Option,03-01-2018,43.9237,Axis Mutual Fund,Equity Scheme - ELSS
120503,Axis ELSS Tax Saver Fund - Direct Plan - Growth Option,02-01-2018,43.8511,Axis Mutual Fund,Equity Scheme - ELSS
120503,Axis ELSS Tax Saver Fund - Direct Plan - Growth Option,01-01-2018,44.0453,Axis Mutual Fund,Equity Scheme - ELSS
120503,Axis ELSS Tax Saver Fund - Direct Plan - Growth Option,29-12-2017,44.2977,Axis Mutual Fund,Equity Scheme - ELSS
120503,Axis ELSS Tax Saver Fund - Direct Plan - Growth Option,28-12-2017,43.8786,Axis Mutual Fund,Equity Scheme - ELSS
120503,Axis ELSS Tax Saver Fund - Direct Plan - Growth Option,27-12-2017,43.9602,Axis Mutual Fund,Equity Scheme - ELSS
120503,Axis ELSS Tax Saver Fund - Direct Plan - Growth Option,26-12-2017,44.1143,Axis Mutual Fund,Equity Scheme - ELSS
120503,Axis ELSS Tax Saver Fund - Direct Plan - Growth Option,22-12-2017,44.0927,Axis Mutual Fund,Equity Scheme - ELSS
120503,Axis ELSS Tax Saver Fund - Direct Plan - Growth Option,21-12-2017,43.9254,Axis Mutual Fund,Equity Scheme - ELSS
120503,Axis ELSS Tax Saver Fund - Direct Plan - Growth Option,20-12-2017,43.8332,Axis Mutual Fund,Equity Scheme - ELSS
120503,Axis ELSS Tax Saver Fund - Direct Plan - Growth Option,19-12-2017,43.9035,Axis Mutual Fund,Equity Scheme - ELSS
120503,Axis ELSS Tax Saver Fund - Direct Plan - Growth Option,18-12-2017,43.5965,Axis Mutual Fund,Equity Scheme - ELSS
120503,Axis ELSS Tax Saver Fund - Direct Plan - Growth Option,15-12-2017,43.0731,Axis Mutual Fund,Equity Scheme - ELSS
120503,Axis ELSS Tax Saver Fund - Direct Plan - Growth Option,14-12-2017,42.6119,Axis Mutual Fund,Equity Scheme - ELSS
120503,Axis ELSS Tax Saver Fund - Direct Plan - Growth Option,13-12-2017,42.6097,Axis Mutual Fund,Equity Scheme - ELSS
120503,Axis ELSS Tax Saver Fund - Direct Plan - Growth Option,12-12-2017,42.8721,Axis Mutual Fund,Equity Scheme - ELSS
120503,Axis ELSS Tax Saver Fund - Direct Plan - Growth Option,11-12-2017,43.0751,Axis Mutual Fund,Equity Scheme - ELSS
120503,Axis ELSS Tax Saver Fund - Direct Plan - Growth Option,08-12-2017,42.8027,Axis Mutual Fund,Equity Scheme - ELSS
120503,Axis ELSS Tax Saver Fund - Direct Plan - Growth Option,07-12-2017,42.3686,Axis Mutual Fund,Equity Scheme - ELSS
120503,Axis ELSS Tax Saver Fund - Direct Plan - Growth Option,06-12-2017,41.9862,Axis Mutual Fund,Equity Scheme - ELSS
120503,Axis ELSS Tax Saver Fund - Direct Plan - Growth Option,05-12-2017,42.2472,Axis Mutual Fund,Equity Scheme - ELSS
120503,Axis ELSS Tax Saver Fund - Direct Plan - Growth Option,04-12-2017,42.4191,Axis Mutual Fund,Equity Scheme - ELSS
120503,Axis ELSS Tax Saver Fund - Direct Plan - Growth Option,01-12-2017,42.4195,Axis Mutual Fund,Equity Scheme - ELSS
120503,Axis ELSS Tax Saver Fund - Direct Plan - Growth Option,30-11-2017,42.6016,Axis Mutual Fund,Equity Scheme - ELSS
120503,Axis ELSS Tax Saver Fund - Direct Plan - Growth Option,29-11-2017,42.8964,Axis Mutual Fund,Equity Scheme - ELSS
120503,Axis ELSS Tax Saver Fund - Direct Plan - Growth Option,28-11-2017,42.8953,Axis Mutual Fund,Equity Scheme - ELSS
120503,Axis ELSS Tax Saver Fund - Direct Plan - Growth Option,27-11-2017,42.7038,Axis Mutual Fund,Equity Scheme - ELSS
120503,Axis ELSS Tax Saver Fund - Direct Plan - Growth Option,24-11-2017,42.5955,Axis Mutual Fund,Equity Scheme - ELSS
120503,Axis ELSS Tax Saver Fund - Direct Plan - Growth Option,23-11-2017,42.3461,Axis Mutual Fund,Equity Scheme - ELSS
120503,Axis ELSS Tax Saver Fund - Direct Plan - Growth Option,22-11-2017,42.4111,Axis Mutual Fund,Equity Scheme - ELSS
120503,Axis ELSS Tax Saver Fund - Direct Plan - Growth Option,21-11-2017,42.3903,Axis Mutual Fund,Equity Scheme - ELSS
120503,Axis ELSS Tax Saver Fund - Direct Plan - Growth Option,20-11-2017,42.3849,Axis Mutual Fund,Equity Scheme - ELSS
120503,Axis ELSS Tax Saver Fund - Direct Plan - Growth Option,17-11-2017,42.2027,Axis Mutual Fund,Equity Scheme - ELSS
120503,Axis ELSS Tax Saver Fund - Direct Plan - Growth Option,16-11-2017,41.8798,Axis Mutual Fund,Equity Scheme - ELSS
120503,Axis ELSS Tax Saver Fund - Direct Plan - Growth Option,15-11-2017,41.469,Axis Mutual Fund,Equity Scheme - ELSS
120503,Axis ELSS Tax Saver Fund - Direct Plan - Growth Option,14-11-2017,41.7377,Axis Mutual Fund,Equity Scheme - ELSS
120503,Axis ELSS Tax Saver Fund - Direct Plan - Growth Option,13-11-2017,41.9121,Axis Mutual Fund,Equity Scheme - ELSS
120503,Axis ELSS Tax Saver Fund - Direct Plan - Growth Option,10-11-2017,42.1625,Axis Mutual Fund,Equity Scheme - ELSS
120503,Axis ELSS Tax Saver Fund - Direct Plan - Growth Option,09-11-2017,42.2021,Axis Mutual Fund,Equity Scheme - ELSS
120503,Axis ELSS Tax Saver Fund - Direct Plan - Growth Option,08-11-2017,42.051,Axis Mutual Fund,Equity Scheme - ELSS
120503,Axis ELSS Tax Saver Fund - Direct Plan - Growth Option,07-11-2017,42.1968,Axis Mutual Fund,Equity Scheme - ELSS
120503,Axis ELSS Tax Saver Fund - Direct Plan - Growth Option,06-11-2017,42.4219,Axis Mutual Fund,Equity Scheme - ELSS
120503,Axis ELSS Tax Saver Fund - Direct Plan - Growth Option,03-11-2017,42.442,Axis Mutual Fund,Equity Scheme - ELSS
120503,Axis ELSS Tax Saver Fund - Direct Plan - Growth Option,02-11-2017,42.4388,Axis Mutual Fund,Equity Scheme - ELSS
120503,Axis ELSS Tax Saver Fund - Direct Plan - Growth Option,01-11-2017,42.4335,Axis Mutual Fund,Equity Scheme - ELSS
120503,Axis ELSS Tax Saver Fund - Direct Plan - Growth Option,31-10-2017,42.1959,Axis Mutual Fund,Equity Scheme - ELSS
120503,Axis ELSS Tax Saver Fund - Direct Plan - Growth Option,30-10-2017,42.2295,Axis Mutual Fund,Equity Scheme - ELSS
120503,Axis ELSS Tax Saver Fund - Direct Plan - Growth Option,27-10-2017,41.8638,Axis Mutual Fund,Equity Scheme - ELSS
120503,Axis ELSS Tax Saver Fund - Direct Plan - Growth Option,26-10-2017,41.6251,Axis Mutual Fund,Equity Scheme - ELSS
120503,Axis ELSS Tax Saver Fund - Direct Plan - Growth Option,25-10-2017,41.6526,Axis Mutual Fund,Equity Scheme - ELSS
120503,Axis ELSS Tax Saver Fund - Direct Plan - Growth Option,24-10-2017,41.8201,Axis Mutual Fund,Equity Scheme - ELSS
120503,Axis ELSS Tax Saver Fund - Direct Plan - Growth Option,23-10-2017,41.8592,Axis Mutual Fund,Equity Scheme - ELSS
120503,Axis ELSS Tax Saver Fund - Direct Plan - Growth Option,18-10-2017,42.0782,Axis Mutual Fund,Equity Scheme - ELSS
120503,Axis ELSS Tax Saver Fund - Direct Plan - Growth Option,17-10-2017,42.1503,Axis Mutual Fund,Equity Scheme - ELSS
120503,Axis ELSS Tax Saver Fund - Direct Plan - Growth Option,16-10-2017,42.1965,Axis Mutual Fund,Equity Scheme - ELSS
120503,Axis ELSS Tax Saver Fund - Direct Plan - Growth Option,13-10-2017,42.1996,Axis Mutual Fund,Equity Scheme - ELSS
120503,Axis ELSS Tax Saver Fund - Direct Plan - Growth Option,12-10-2017,41.9776,Axis Mutual Fund,Equity Scheme - ELSS
120503,Axis ELSS Tax Saver Fund - Direct Plan - Growth Option,11-10-2017,41.5534,Axis Mutual Fund,Equity Scheme - ELSS
120503,Axis ELSS Tax Saver Fund - Direct Plan - Growth Option,10-10-2017,41.6587,Axis Mutual Fund,Equity Scheme - ELSS
120503,Axis ELSS Tax Saver Fund - Direct Plan - Growth Option,09-10-2017,41.4651,Axis Mutual Fund,Equity Scheme - ELSS
120503,Axis ELSS Tax Saver Fund - Direct Plan - Growth Option,06-10-2017,41.4115,Axis Mutual Fund,Equity Scheme - ELSS
120503,Axis ELSS Tax Saver Fund - Direct Plan - Growth Option,05-10-2017,41.1997,Axis Mutual Fund,Equity Scheme - ELSS
120503,Axis ELSS Tax Saver Fund - Direct Plan - Growth Option,04-10-2017,41.2008,Axis Mutual Fund,Equity Scheme - ELSS
120503,Axis ELSS Tax Saver Fund - Direct Plan - Growth Option,03-10-2017,41.0754,Axis Mutual Fund,Equity Scheme - ELSS
120503,Axis ELSS Tax Saver Fund - Direct Plan - Growth Option,29-09-2017,40.9177,Axis Mutual Fund,Equity Scheme - ELSS
120503,Axis ELSS Tax Saver Fund - Direct Plan - Growth Option,28-09-2017,40.659,Axis Mutual Fund,Equity Scheme - ELSS
120503,Axis ELSS Tax Saver Fund - Direct Plan - Growth Option,27-09-2017,40.4635,Axis Mutual Fund,Equity Scheme - ELSS
120503,Axis ELSS Tax Saver Fund - Direct Plan - Growth Option,26-09-2017,41.1104,Axis Mutual Fund,Equity Scheme - ELSS
120503,Axis ELSS Tax Saver Fund - Direct Plan - Growth Option,25-09-2017,41.0216,Axis Mutual Fund,Equity Scheme - ELSS
120503,Axis ELSS Tax Saver Fund - Direct Plan - Growth Option,22-09-2017,41.5579,Axis Mutual Fund,Equity Scheme - ELSS
120503,Axis ELSS Tax Saver Fund - Direct Plan - Growth Option,21-09-2017,42.1447,Axis Mutual Fund,Equity Scheme - ELSS
120503,Axis ELSS Tax Saver Fund - Direct Plan - Growth Option,20-09-2017,42.1747,Axis Mutual Fund,Equity Scheme - ELSS
120503,Axis ELSS Tax Saver Fund - Direct Plan - Growth Option,19-09-2017,42.2549,Axis Mutual Fund,Equity Scheme - ELSS
120503,Axis ELSS Tax Saver Fund - Direct Plan - Growth Option,18-09-2017,42.2254,Axis Mutual Fund,Equity Scheme - ELSS
120503,Axis ELSS Tax Saver Fund - Direct Plan - Growth Option,15-09-2017,41.9728,Axis Mutual Fund,Equity Scheme - ELSS
120503,Axis ELSS Tax Saver Fund - Direct Plan - Growth Option,14-09-2017,41.8746,Axis Mutual Fund,Equity Scheme - ELSS
120503,Axis ELSS Tax Saver Fund - Direct Plan - Growth Option,13-09-2017,41.8537,Axis Mutual Fund,Equity Scheme - ELSS
120503,Axis ELSS Tax Saver Fund - Direct Plan - Growth Option,12-09-2017,42.0057,Axis Mutual Fund,Equity Scheme - ELSS
120503,Axis ELSS Tax Saver Fund - Direct Plan - Growth Option,11-09-2017,41.713,Axis Mutual Fund,Equity Scheme - ELSS
120503,Axis ELSS Tax Saver Fund - Direct Plan - Growth Option,08-09-2017,41.3939,Axis Mutual Fund,Equity Scheme - ELSS
120503,Axis ELSS Tax Saver Fund - Direct Plan - Growth Option,07-09-2017,41.2746,Axis Mutual Fund,Equity Scheme - ELSS
120503,Axis ELSS Tax Saver Fund - Direct Plan - Growth Option,06-09-2017,40.8249,Axis Mutual Fund,Equity Scheme - ELSS
120503,Axis ELSS Tax Saver Fund - Direct Plan - Growth Option,05-09-2017,40.7617,Axis Mutual Fund,Equity Scheme - ELSS
120503,Axis ELSS Tax Saver Fund - Direct Plan - Growth Option,04-09-2017,40.5261,Axis Mutual Fund,Equity Scheme - ELSS
120503,Axis ELSS Tax Saver Fund - Direct Plan - Growth Option,01-09-2017,40.7117,Axis Mutual Fund,Equity Scheme - ELSS
120503,Axis ELSS Tax Saver Fund - Direct Plan - Growth Option,31-08-2017,40.4839,Axis Mutual Fund,Equity Scheme - ELSS
120503,Axis ELSS Tax Saver Fund - Direct Plan - Growth Option,30-08-2017,40.3433,Axis Mutual Fund,Equity Scheme - ELSS
120503,Axis ELSS Tax Saver Fund - Direct Plan - Growth Option,29-08-2017,39.9721,Axis Mutual Fund,Equity Scheme - ELSS
120503,Axis ELSS Tax Saver Fund - Direct Plan - Growth Option,28-08-2017,40.4418,Axis Mutual Fund,Equity Scheme - ELSS
120503,Axis ELSS Tax Saver Fund - Direct Plan - Growth Option,24-08-2017,40.0803,Axis Mutual Fund,Equity Scheme - ELSS
120503,Axis ELSS Tax Saver Fund - Direct Plan - Growth Option,23-08-2017,39.9841,Axis Mutual Fund,Equity Scheme - ELSS
120503,Axis ELSS Tax Saver Fund - Direct Plan - Growth Option,22-08-2017,39.7218,Axis Mutual Fund,Equity Scheme - ELSS
120503,Axis ELSS Tax Saver Fund - Direct Plan - Growth Option,21-08-2017,39.7426,Axis Mutual Fund,Equity Scheme - ELSS
120503,Axis ELSS Tax Saver Fund - Direct Plan - Growth Option,18-08-2017,39.9352,Axis Mutual Fund,Equity Scheme - ELSS
120503,Axis ELSS Tax Saver Fund - Direct Plan - Growth Option,17-08-2017,40.0426,Axis Mutual Fund,Equity Scheme - ELSS
120503,Axis ELSS Tax Saver Fund - Direct Plan - Growth Option,16-08-2017,40.1679,Axis Mutual Fund,Equity Scheme - ELSS
120503,Axis ELSS Tax Saver Fund - Direct Plan - Growth Option,14-08-2017,39.7254,Axis Mutual Fund,Equity Scheme - ELSS
120503,Axis ELSS Tax Saver Fund - Direct Plan - Growth Option,11-08-2017,39.3275,Axis Mutual Fund,Equity Scheme - ELSS
120503,Axis ELSS Tax Saver Fund - Direct Plan - Growth Option,10-08-2017,39.3885,Axis Mutual Fund,Equity Scheme - ELSS
120503,Axis ELSS Tax Saver Fund - Direct Plan - Growth Option,09-08-2017,40.0602,Axis Mutual Fund,Equity Scheme - ELSS
120503,Axis ELSS Tax Saver Fund - Direct Plan - Growth Option,08-08-2017,40.615,Axis Mutual Fund,Equity Scheme - ELSS
120503,Axis ELSS Tax Saver Fund - Direct Plan - Growth Option,07-08-2017,40.9032,Axis Mutual Fund,Equity Scheme - ELSS
120503,Axis ELSS Tax Saver Fund - Direct Plan - Growth Option,04-08-2017,40.6241,Axis Mutual Fund,Equity Scheme - ELSS
120503,Axis ELSS Tax Saver Fund - Direct Plan - Growth Option,03-08-2017,40.4307,Axis Mutual Fund,Equity Scheme - ELSS
120503,Axis ELSS Tax Saver Fund - Direct Plan - Growth Option,02-08-2017,40.7686,Axis Mutual Fund,Equity Scheme - ELSS
120503,Axis ELSS Tax Saver Fund - Direct Plan - Growth Option,01-08-2017,40.8371,Axis Mutual Fund,Equity Scheme - ELSS
120503,Axis ELSS Tax Saver Fund - Direct Plan - Growth Option,31-07-2017,40.7545,Axis Mutual Fund,Equity Scheme - ELSS
120503,Axis ELSS Tax Saver Fund - Direct Plan - Growth Option,28-07-2017,40.5241,Axis Mutual Fund,Equity Scheme - ELSS
120503,Axis ELSS Tax Saver Fund - Direct Plan - Growth Option,27-07-2017,40.3421,Axis Mutual Fund,Equity Scheme - ELSS
120503,Axis ELSS Tax Saver Fund - Direct Plan - Growth Option,26-07-2017,40.1413,Axis Mutual Fund,Equity Scheme - ELSS
120503,Axis ELSS Tax Saver Fund - Direct Plan - Growth Option,25-07-2017,40.0758,Axis Mutual Fund,Equity Scheme - ELSS
120503,Axis ELSS Tax Saver Fund - Direct Plan - Growth Option,24-07-2017,40.0444,Axis Mutual Fund,Equity Scheme - ELSS
120503,Axis ELSS Tax Saver Fund - Direct Plan - Growth Option,21-07-2017,39.9436,Axis Mutual Fund,Equity Scheme - ELSS
120503,Axis ELSS Tax Saver Fund - Direct Plan - Growth Option,20-07-2017,39.7729,Axis Mutual Fund,Equity Scheme - ELSS
120503,Axis ELSS Tax Saver Fund - Direct Plan - Growth Option,19-07-2017,39.8442,Axis Mutual Fund,Equity Scheme - ELSS
120503,Axis ELSS Tax Saver Fund - Direct Plan - Growth Option,18-07-2017,39.528,Axis Mutual Fund,Equity Scheme - ELSS
120503,Axis ELSS Tax Saver Fund - Direct Plan - Growth Option,17-07-2017,39.644,Axis Mutual Fund,Equity Scheme - ELSS
120503,Axis ELSS Tax Saver Fund - Direct Plan - Growth Option,14-07-2017,39.5038,Axis Mutual Fund,Equity Scheme - ELSS
120503,Axis ELSS Tax Saver Fund - Direct Plan - Growth Option,13-07-2017,39.5849,Axis Mutual Fund,Equity Scheme - ELSS
120503,Axis ELSS Tax Saver Fund - Direct Plan - Growth Option,12-07-2017,39.3091,Axis Mutual Fund,Equity Scheme - ELSS
120503,Axis ELSS Tax Saver Fund - Direct Plan - Growth Option,11-07-2017,39.2034,Axis Mutual Fund,Equity Scheme - ELSS
120503,Axis ELSS Tax Saver Fund - Direct Plan - Growth Option,10-07-2017,39.3134,Axis Mutual Fund,Equity Scheme - ELSS
120503,Axis ELSS Tax Saver Fund - Direct Plan - Growth Option,07-07-2017,38.9992,Axis Mutual Fund,Equity Scheme - ELSS
120503,Axis ELSS Tax Saver Fund - Direct Plan - Growth Option,06-07-2017,39.0762,Axis Mutual Fund,Equity Scheme - ELSS
120503,Axis ELSS Tax Saver Fund - Direct Plan - Growth Option,05-07-2017,38.8788,Axis Mutual Fund,Equity Scheme - ELSS
120503,Axis ELSS Tax Saver Fund - Direct Plan - Growth Option,04-07-2017,38.7575,Axis Mutual Fund,Equity Scheme - ELSS
120503,Axis ELSS Tax Saver Fund - Direct Plan - Growth Option,03-07-2017,38.7437,Axis Mutual Fund,Equity Scheme - ELSS
120503,Axis ELSS Tax Saver Fund - Direct Plan - Growth Option,30-06-2017,38.5957,Axis Mutual Fund,Equity Scheme - ELSS
120503,Axis ELSS Tax Saver Fund - Direct Plan - Growth Option,29-06-2017,38.402,Axis Mutual Fund,Equity Scheme - ELSS
120503,Axis ELSS Tax Saver Fund - Direct Plan - Growth Option,28-06-2017,38.4284,Axis Mutual Fund,Equity Scheme - ELSS
120503,Axis ELSS Tax Saver Fund - Direct Plan - Growth Option,27-06-2017,38.4889,Axis Mutual Fund,Equity Scheme - ELSS
120503,Axis ELSS Tax Saver Fund - Direct Plan - Growth Option,23-06-2017,38.8132,Axis Mutual Fund,Equity Scheme - ELSS
120503,Axis ELSS Tax Saver Fund - Direct Plan - Growth Option,22-06-2017,39.1303,Axis Mutual Fund,Equity Scheme - ELSS
120503,Axis ELSS Tax Saver Fund - Direct Plan - Growth Option,21-06-2017,39.1056,Axis Mutual Fund,Equity Scheme - ELSS
120503,Axis ELSS Tax Saver Fund - Direct Plan - Growth Option,20-06-2017,39.152,Axis Mutual Fund,Equity Scheme - ELSS
120503,Axis ELSS Tax Saver Fund - Direct Plan - Growth Option,19-06-2017,39.2961,Axis Mutual Fund,Equity Scheme - ELSS
120503,Axis ELSS Tax Saver Fund - Direct Plan - Growth Option,16-06-2017,39.0665,Axis Mutual Fund,Equity Scheme - ELSS
120503,Axis ELSS Tax Saver Fund - Direct Plan - Growth Option,15-06-2017,39.0056,Axis Mutual Fund,Equity Scheme - ELSS
120503,Axis ELSS Tax Saver Fund - Direct Plan - Growth Option,14-06-2017,39.1042,Axis Mutual Fund,Equity Scheme - ELSS
120503,Axis ELSS Tax Saver Fund - Direct Plan - Growth Option,13-06-2017,39.0799,Axis Mutual Fund,Equity Scheme - ELSS
120503,Axis ELSS Tax Saver Fund - Direct Plan - Growth Option,12-06-2017,39.0069,Axis Mutual Fund,Equity Scheme - ELSS
120503,Axis ELSS Tax Saver Fund - Direct Plan - Growth Option,09-06-2017,39.0801,Axis Mutual Fund,Equity Scheme - ELSS
120503,Axis ELSS Tax Saver Fund - Direct Plan - Growth Option,08-06-2017,38.8185,Axis Mutual Fund,Equity Scheme - ELSS
120503,Axis ELSS Tax Saver Fund - Direct Plan - Growth Option,07-06-2017,38.7054,Axis Mutual Fund,Equity Scheme - ELSS
120503,Axis ELSS Tax Saver Fund - Direct Plan - Growth Option,06-06-2017,38.5089,Axis Mutual Fund,Equity Scheme - ELSS
120503,Axis ELSS Tax Saver Fund - Direct Plan - Growth Option,05-06-2017,38.5761,Axis Mutual Fund,Equity Scheme - ELSS
120503,Axis ELSS Tax Saver Fund - Direct Plan - Growth Option,02-06-2017,38.4372,Axis Mutual Fund,Equity Scheme - ELSS
120503,Axis ELSS Tax Saver Fund - Direct Plan - Growth Option,01-06-2017,38.1456,Axis Mutual Fund,Equity Scheme - ELSS
120503,Axis ELSS Tax Saver Fund - Direct Plan - Growth Option,31-05-2017,38.0466,Axis Mutual Fund,Equity Scheme - ELSS
120503,Axis ELSS Tax Saver Fund - Direct Plan - Growth Option,30-05-2017,37.7915,Axis Mutual Fund,Equity Scheme - ELSS
120503,Axis ELSS Tax Saver Fund - Direct Plan - Growth Option,29-05-2017,37.7726,Axis Mutual Fund,Equity Scheme - ELSS
120503,Axis ELSS Tax Saver Fund - Direct Plan - Growth Option,26-05-2017,37.9005,Axis Mutual Fund,Equity Scheme - ELSS
120503,Axis ELSS Tax Saver Fund - Direct Plan - Growth Option,25-05-2017,37.4522,Axis Mutual Fund,Equity Scheme - ELSS
120503,Axis ELSS Tax Saver Fund - Direct Plan - Growth Option,24-05-2017,36.8408,Axis Mutual Fund,Equity Scheme - ELSS
120503,Axis ELSS Tax Saver Fund - Direct Plan - Growth Option,23-05-2017,36.9611,Axis Mutual Fund,Equity Scheme - ELSS
120503,Axis ELSS Tax Saver Fund - Direct Plan - Growth Option,22-05-2017,37.2391,Axis Mutual Fund,Equity Scheme - ELSS
120503,Axis ELSS Tax Saver Fund - Direct Plan - Growth Option,19-05-2017,37.4612,Axis Mutual Fund,Equity Scheme - ELSS
120503,Axis ELSS Tax Saver Fund - Direct Plan - Growth Option,18-05-2017,37.7636,Axis Mutual Fund,Equity Scheme - ELSS
120503,Axis ELSS Tax Saver Fund - Direct Plan - Growth Option,17-05-2017,38.1886,Axis Mutual Fund,Equity Scheme - ELSS
120503,Axis ELSS Tax Saver Fund - Direct Plan - Growth Option,16-05-2017,38.4042,Axis Mutual Fund,Equity Scheme - ELSS
120503,Axis ELSS Tax Saver Fund - Direct Plan - Growth Option,15-05-2017,38.2789,Axis Mutual Fund,Equity Scheme - ELSS
120503,Axis ELSS Tax Saver Fund - Direct Plan - Growth Option,12-05-2017,38.0429,Axis Mutual Fund,Equity Scheme - ELSS
120503,Axis ELSS Tax Saver Fund - Direct Plan - Growth Option,11-05-2017,38.1868,Axis Mutual Fund,Equity Scheme - ELSS
120503,Axis ELSS Tax Saver Fund - Direct Plan - Growth Option,10-05-2017,38.1331,Axis Mutual Fund,Equity Scheme - ELSS
120503,Axis ELSS Tax Saver Fund - Direct Plan - Growth Option,09-05-2017,37.7357,Axis Mutual Fund,Equity Scheme - ELSS
120503,Axis ELSS Tax Saver Fund - Direct Plan - Growth Option,08-05-2017,37.6089,Axis Mutual Fund,Equity Scheme - ELSS
120503,Axis ELSS Tax Saver Fund - Direct Plan - Growth Option,05-05-2017,37.5239,Axis Mutual Fund,Equity Scheme - ELSS
120503,Axis ELSS Tax Saver Fund - Direct Plan - Growth Option,04-05-2017,37.7064,Axis Mutual Fund,Equity Scheme - ELSS
120503,Axis ELSS Tax Saver Fund - Direct Plan - Growth Option,03-05-2017,37.5841,Axis Mutual Fund,Equity Scheme - ELSS
120503,Axis ELSS Tax Saver Fund - Direct Plan - Growth Option,02-05-2017,37.5727,Axis Mutual Fund,Equity Scheme - ELSS
120503,Axis ELSS Tax Saver Fund - Direct Plan - Growth Option,28-04-2017,37.4136,Axis Mutual Fund,Equity Scheme - ELSS
120503,Axis ELSS Tax Saver Fund - Direct Plan - Growth Option,27-04-2017,37.4758,Axis Mutual Fund,Equity Scheme - ELSS
120503,Axis ELSS Tax Saver Fund - Direct Plan - Growth Option,26-04-2017,37.4489,Axis Mutual Fund,Equity Scheme - ELSS
120503,Axis ELSS Tax Saver Fund - Direct Plan - Growth Option,25-04-2017,37.3847,Axis Mutual Fund,Equity Scheme - ELSS
120503,Axis ELSS Tax Saver Fund - Direct Plan - Growth Option,24-04-2017,37.1764,Axis Mutual Fund,Equity Scheme - ELSS
120503,Axis ELSS Tax Saver Fund - Direct Plan - Growth Option,21-04-2017,36.7325,Axis Mutual Fund,Equity Scheme - ELSS
120503,Axis ELSS Tax Saver Fund - Direct Plan - Growth Option,20-04-2017,36.8038,Axis Mutual Fund,Equity Scheme - ELSS
120503,Axis ELSS Tax Saver Fund - Direct Plan - Growth Option,19-04-2017,36.489,Axis Mutual Fund,Equity Scheme - ELSS
120503,Axis ELSS Tax Saver Fund - Direct Plan - Growth Option,18-04-2017,36.4412,Axis Mutual Fund,Equity Scheme - ELSS
120503,Axis ELSS Tax Saver Fund - Direct Plan - Growth Option,17-04-2017,36.5094,Axis Mutual Fund,Equity Scheme - ELSS
120503,Axis ELSS Tax Saver Fund - Direct Plan - Growth Option,13-04-2017,36.6936,Axis Mutual Fund,Equity Scheme - ELSS
120503,Axis ELSS Tax Saver Fund - Direct Plan - Growth Option,12-04-2017,36.8213,Axis Mutual Fund,Equity Scheme - ELSS
120503,Axis ELSS Tax Saver Fund - Direct Plan - Growth Option,11-04-2017,36.9007,Axis Mutual Fund,Equity Scheme - ELSS
120503,Axis ELSS Tax Saver Fund - Direct Plan - Growth Option,10-04-2017,36.6778,Axis Mutual Fund,Equity Scheme - ELSS
120503,Axis ELSS Tax Saver Fund - Direct Plan - Growth Option,07-04-2017,36.6454,Axis Mutual Fund,Equity Scheme - ELSS
120503,Axis ELSS Tax Saver Fund - Direct Plan - Growth Option,06-04-2017,36.7785,Axis Mutual Fund,Equity Scheme - ELSS
120503,Axis ELSS Tax Saver Fund - Direct Plan - Growth Option,05-04-2017,36.7997,Axis Mutual Fund,Equity Scheme - ELSS
120503,Axis ELSS Tax Saver Fund - Direct Plan - Growth Option,03-04-2017,36.5586,Axis Mutual Fund,Equity Scheme - ELSS
120503,Axis ELSS Tax Saver Fund - Direct Plan - Growth Option,31-03-2017,36.2991,Axis Mutual Fund,Equity Scheme - ELSS
120503,Axis ELSS Tax Saver Fund - Direct Plan - Growth Option,30-03-2017,36.3577,Axis Mutual Fund,Equity Scheme - ELSS
120503,Axis ELSS Tax Saver Fund - Direct Plan - Growth Option,29-03-2017,36.1291,Axis Mutual Fund,Equity Scheme - ELSS
120503,Axis ELSS Tax Saver Fund - Direct Plan - Growth Option,28-03-2017,36.0397,Axis Mutual Fund,Equity Scheme - ELSS
120503,Axis ELSS Tax Saver Fund - Direct Plan - Growth Option,27-03-2017,35.9497,Axis Mutual Fund,Equity Scheme - ELSS
120503,Axis ELSS Tax Saver Fund - Direct Plan - Growth Option,24-03-2017,36.0363,Axis Mutual Fund,Equity Scheme - ELSS
120503,Axis ELSS Tax Saver Fund - Direct Plan - Growth Option,23-03-2017,35.9047,Axis Mutual Fund,Equity Scheme - ELSS
120503,Axis ELSS Tax Saver Fund - Direct Plan - Growth Option,22-03-2017,35.7299,Axis Mutual Fund,Equity Scheme - ELSS
120503,Axis ELSS Tax Saver Fund - Direct Plan - Growth Option,21-03-2017,35.8909,Axis Mutual Fund,Equity Scheme - ELSS
120503,Axis ELSS Tax Saver Fund - Direct Plan - Growth Option,20-03-2017,35.9269,Axis Mutual Fund,Equity Scheme - ELSS
120503,Axis ELSS Tax Saver Fund - Direct Plan - Growth Option,17-03-2017,35.8451,Axis Mutual Fund,Equity Scheme - ELSS
120503,Axis ELSS Tax Saver Fund - Direct Plan - Growth Option,16-03-2017,35.751,Axis Mutual Fund,Equity Scheme - ELSS
120503,Axis ELSS Tax Saver Fund - Direct Plan - Growth Option,15-03-2017,35.4595,Axis Mutual Fund,Equity Scheme - ELSS
120503,Axis ELSS Tax Saver Fund - Direct Plan - Growth Option,14-03-2017,35.2493,Axis Mutual Fund,Equity Scheme - ELSS
120503,Axis ELSS Tax Saver Fund - Direct Plan - Growth Option,10-03-2017,34.6742,Axis Mutual Fund,Equity Scheme - ELSS
120503,Axis ELSS Tax Saver Fund - Direct Plan - Growth Option,09-03-2017,34.5838,Axis Mutual Fund,Equity Scheme - ELSS
120503,Axis ELSS Tax Saver Fund - Direct Plan - Growth Option,08-03-2017,34.4506,Axis Mutual Fund,Equity Scheme - ELSS
120503,Axis ELSS Tax Saver Fund - Direct Plan - Growth Option,07-03-2017,34.3356,Axis Mutual Fund,Equity Scheme - ELSS
120503,Axis ELSS Tax Saver Fund - Direct Plan - Growth Option,06-03-2017,34.4305,Axis Mutual Fund,Equity Scheme - ELSS
120503,Axis ELSS Tax Saver Fund - Direct Plan - Growth Option,03-03-2017,34.2938,Axis Mutual Fund,Equity Scheme - ELSS
120503,Axis ELSS Tax Saver Fund - Direct Plan - Growth Option,02-03-2017,34.4318,Axis Mutual Fund,Equity Scheme - ELSS
120503,Axis ELSS Tax Saver Fund - Direct Plan - Growth Option,01-03-2017,34.7051,Axis Mutual Fund,Equity Scheme - ELSS
120503,Axis ELSS Tax Saver Fund - Direct Plan - Growth Option,28-02-2017,34.53,Axis Mutual Fund,Equity Scheme - ELSS
120503,Axis ELSS Tax Saver Fund - Direct Plan - Growth Option,27-02-2017,34.478,Axis Mutual Fund,Equity Scheme - ELSS
120503,Axis ELSS Tax Saver Fund - Direct Plan - Growth Option,23-02-2017,34.5983,Axis Mutual Fund,Equity Scheme - ELSS
120503,Axis ELSS Tax Saver Fund - Direct Plan - Growth Option,22-02-2017,34.5787,Axis Mutual Fund,Equity Scheme - ELSS
120503,Axis ELSS Tax Saver Fund - Direct Plan - Growth Option,21-02-2017,34.7434,Axis Mutual Fund,Equity Scheme - ELSS
120503,Axis ELSS Tax Saver Fund - Direct Plan - Growth Option,20-02-2017,34.7032,Axis Mutual Fund,Equity Scheme - ELSS
120503,Axis ELSS Tax Saver Fund - Direct Plan - Growth Option,17-02-2017,34.5605,Axis Mutual Fund,Equity Scheme - ELSS
120503,Axis ELSS Tax Saver Fund - Direct Plan - Growth Option,16-02-2017,34.3374,Axis Mutual Fund,Equity Scheme - ELSS
120503,Axis ELSS Tax Saver Fund - Direct Plan - Growth Option,15-02-2017,33.9591,Axis Mutual Fund,Equity Scheme - ELSS
120503,Axis ELSS Tax Saver Fund - Direct Plan - Growth Option,14-02-2017,34.2981,Axis Mutual Fund,Equity Scheme - ELSS
120503,Axis ELSS Tax Saver Fund - Direct Plan - Growth Option,13-02-2017,34.3026,Axis Mutual Fund,Equity Scheme - ELSS
120503,Axis ELSS Tax Saver Fund - Direct Plan - Growth Option,10-02-2017,34.2666,Axis Mutual Fund,Equity Scheme - ELSS
120503,Axis ELSS Tax Saver Fund - Direct Plan - Growth Option,09-02-2017,34.1633,Axis Mutual Fund,Equity Scheme - ELSS
120503,Axis ELSS Tax Saver Fund - Direct Plan - Growth Option,08-02-2017,34.2462,Axis Mutual Fund,Equity Scheme - ELSS
120503,Axis ELSS Tax Saver Fund - Direct Plan - Growth Option,07-02-2017,34.2879,Axis Mutual Fund,Equity Scheme - ELSS
120503,Axis ELSS Tax Saver Fund - Direct Plan - Growth Option,06-02-2017,34.2516,Axis Mutual Fund,Equity Scheme - ELSS
120503,Axis ELSS Tax Saver Fund - Direct Plan - Growth Option,03-02-2017,34.0524,Axis Mutual Fund,Equity Scheme - ELSS
120503,Axis ELSS Tax Saver Fund - Direct Plan - Growth Option,02-02-2017,33.9741,Axis Mutual Fund,Equity Scheme - ELSS
120503,Axis ELSS Tax Saver Fund - Direct Plan - Growth Option,01-02-2017,33.9805,Axis Mutual Fund,Equity Scheme - ELSS
120503,Axis ELSS Tax Saver Fund - Direct Plan - Growth Option,31-01-2017,33.4018,Axis Mutual Fund,Equity Scheme - ELSS
120503,Axis ELSS Tax Saver Fund - Direct Plan - Growth Option,30-01-2017,33.6873,Axis Mutual Fund,Equity Scheme - ELSS
120503,Axis ELSS Tax Saver Fund - Direct Plan - Growth Option,27-01-2017,33.6921,Axis Mutual Fund,Equity Scheme - ELSS
120503,Axis ELSS Tax Saver Fund - Direct Plan - Growth Option,25-01-2017,33.4747,Axis Mutual Fund,Equity Scheme - ELSS
120503,Axis ELSS Tax Saver Fund - Direct Plan - Growth Option,24-01-2017,32.9095,Axis Mutual Fund,Equity Scheme - ELSS
120503,Axis ELSS Tax Saver Fund - Direct Plan - Growth Option,23-01-2017,32.5012,Axis Mutual Fund,Equity Scheme - ELSS
120503,Axis ELSS Tax Saver Fund - Direct Plan - Growth Option,20-01-2017,32.4128,Axis Mutual Fund,Equity Scheme - ELSS
120503,Axis ELSS Tax Saver Fund - Direct Plan - Growth Option,19-01-2017,32.6848,Axis Mutual Fund,Equity Scheme - ELSS
120503,Axis ELSS Tax Saver Fund - Direct Plan - Growth Option,18-01-2017,32.6117,Axis Mutual Fund,Equity Scheme - ELSS
120503,Axis ELSS Tax Saver Fund - Direct Plan - Growth Option,17-01-2017,32.4342,Axis Mutual Fund,Equity Scheme - ELSS
120503,Axis ELSS Tax Saver Fund - Direct Plan - Growth Option,16-01-2017,32.4397,Axis Mutual Fund,Equity Scheme - ELSS
120503,Axis ELSS Tax Saver Fund - Direct Plan - Growth Option,13-01-2017,32.4258,Axis Mutual Fund,Equity Scheme - ELSS
120503,Axis ELSS Tax Saver Fund - Direct Plan - Growth Option,12-01-2017,32.4691,Axis Mutual Fund,Equity Scheme - ELSS
120503,Axis ELSS Tax Saver Fund - Direct Plan - Growth Option,11-01-2017,32.4137,Axis Mutual Fund,Equity Scheme - ELSS
120503,Axis ELSS Tax Saver Fund - Direct Plan - Growth Option,10-01-2017,32.1411,Axis Mutual Fund,Equity Scheme - ELSS
120503,Axis ELSS Tax Saver Fund - Direct Plan - Growth Option,09-01-2017,31.9912,Axis Mutual Fund,Equity Scheme - ELSS
120503,Axis ELSS Tax Saver Fund - Direct Plan - Growth Option,06-01-2017,32.0693,Axis Mutual Fund,Equity Scheme - ELSS
120503,Axis ELSS Tax Saver Fund - Direct Plan - Growth Option,05-01-2017,32.0326,Axis Mutual Fund,Equity Scheme - ELSS
120503,Axis ELSS Tax Saver Fund - Direct Plan - Growth Option,04-01-2017,31.8272,Axis Mutual Fund,Equity Scheme - ELSS
120503,Axis ELSS Tax Saver Fund - Direct Plan - Growth Option,03-01-2017,31.9537,Axis Mutual Fund,Equity Scheme - ELSS
120503,Axis ELSS Tax Saver Fund - Direct Plan - Growth Option,02-01-2017,31.9456,Axis Mutual Fund,Equity Scheme - ELSS
120503,Axis ELSS Tax Saver Fund - Direct Plan - Growth Option,30-12-2016,31.8709,Axis Mutual Fund,Equity Scheme - ELSS
120503,Axis ELSS Tax Saver Fund - Direct Plan - Growth Option,29-12-2016,31.7307,Axis Mutual Fund,Equity Scheme - ELSS
120503,Axis ELSS Tax Saver Fund - Direct Plan - Growth Option,28-12-2016,31.384,Axis Mutual Fund,Equity Scheme - ELSS
120503,Axis ELSS Tax Saver Fund - Direct Plan - Growth Option,27-12-2016,31.1393,Axis Mutual Fund,Equity Scheme - ELSS
120503,Axis ELSS Tax Saver Fund - Direct Plan - Growth Option,26-12-2016,30.8257,Axis Mutual Fund,Equity Scheme - ELSS
120503,Axis ELSS Tax Saver Fund - Direct Plan - Growth Option,23-12-2016,31.1878,Axis Mutual Fund,Equity Scheme - ELSS
120503,Axis ELSS Tax Saver Fund - Direct Plan - Growth Option,22-12-2016,31.2633,Axis Mutual Fund,Equity Scheme - ELSS
120503,Axis ELSS Tax Saver Fund - Direct Plan - Growth Option,21-12-2016,31.5778,Axis Mutual Fund,Equity Scheme - ELSS
120503,Axis ELSS Tax Saver Fund - Direct Plan - Growth Option,20-12-2016,31.6173,Axis Mutual Fund,Equity Scheme - ELSS
120503,Axis ELSS Tax Saver Fund - Direct Plan - Growth Option,19-12-2016,31.8054,Axis Mutual Fund,Equity Scheme - ELSS
120503,Axis ELSS Tax Saver Fund - Direct Plan - Growth Option,16-12-2016,32.0919,Axis Mutual Fund,Equity Scheme - ELSS
120503,Axis ELSS Tax Saver Fund - Direct Plan - Growth Option,15-12-2016,32.0776,Axis Mutual Fund,Equity Scheme - ELSS
120503,Axis ELSS Tax Saver Fund - Direct Plan - Growth Option,14-12-2016,32.1576,Axis Mutual Fund,Equity Scheme - ELSS
120503,Axis ELSS Tax Saver Fund - Direct Plan - Growth Option,13-12-2016,32.3619,Axis Mutual Fund,Equity Scheme - ELSS
120503,Axis ELSS Tax Saver Fund - Direct Plan - Growth Option,12-12-2016,32.25,Axis Mutual Fund,Equity Scheme - ELSS
120503,Axis ELSS Tax Saver Fund - Direct Plan - Growth Option,09-12-2016,32.5093,Axis Mutual Fund,Equity Scheme - ELSS
120503,Axis ELSS Tax Saver Fund - Direct Plan - Growth Option,08-12-2016,32.6371,Axis Mutual Fund,Equity Scheme - ELSS
120503,Axis ELSS Tax Saver Fund - Direct Plan - Growth Option,07-12-2016,32.0904,Axis Mutual Fund,Equity Scheme - ELSS
120503,Axis ELSS Tax Saver Fund - Direct Plan - Growth Option,06-12-2016,32.2736,Axis Mutual Fund,Equity Scheme - ELSS
120503,Axis ELSS Tax Saver Fund - Direct Plan - Growth Option,05-12-2016,32.2203,Axis Mutual Fund,Equity Scheme - ELSS
120503,Axis ELSS Tax Saver Fund - Direct Plan - Growth Option,02-12-2016,32.1706,Axis Mutual Fund,Equity Scheme - ELSS
120503,Axis ELSS Tax Saver Fund - Direct Plan - Growth Option,01-12-2016,32.6471,Axis Mutual Fund,Equity Scheme - ELSS
120503,Axis ELSS Tax Saver Fund - Direct Plan - Growth Option,30-11-2016,32.7938,Axis Mutual Fund,Equity Scheme - ELSS
120503,Axis ELSS Tax Saver Fund - Direct Plan - Growth Option,29-11-2016,32.3852,Axis Mutual Fund,Equity Scheme - ELSS
120503,Axis ELSS Tax Saver Fund - Direct Plan - Growth Option,28-11-2016,32.2954,Axis Mutual Fund,Equity Scheme - ELSS
120503,Axis ELSS Tax Saver Fund - Direct Plan - Growth Option,25-11-2016,32.2696,Axis Mutual Fund,Equity Scheme - ELSS
120503,Axis ELSS Tax Saver Fund - Direct Plan - Growth Option,24-11-2016,31.6558,Axis Mutual Fund,Equity Scheme - ELSS
120503,Axis ELSS Tax Saver Fund - Direct Plan - Growth Option,23-11-2016,31.8969,Axis Mutual Fund,Equity Scheme - ELSS
120503,Axis ELSS Tax Saver Fund - Direct Plan - Growth Option,22-11-2016,31.7987,Axis Mutual Fund,Equity Scheme - ELSS
120503,Axis ELSS Tax Saver Fund - Direct Plan - Growth Option,21-11-2016,31.465,Axis Mutual Fund,Equity Scheme - ELSS
120503,Axis ELSS Tax Saver Fund - Direct Plan - Growth Option,18-11-2016,32.0324,Axis Mutual Fund,Equity Scheme - ELSS
120503,Axis ELSS Tax Saver Fund - Direct Plan - Growth Option,17-11-2016,31.9725,Axis Mutual Fund,Equity Scheme - ELSS
120503,Axis ELSS Tax Saver Fund - Direct Plan - Growth Option,16-11-2016,32.0917,Axis Mutual Fund,Equity Scheme - ELSS
120503,Axis ELSS Tax Saver Fund - Direct Plan - Growth Option,15-11-2016,31.9294,Axis Mutual Fund,Equity Scheme - ELSS
120503,Axis ELSS Tax Saver Fund - Direct Plan - Growth Option,11-11-2016,33.0425,Axis Mutual Fund,Equity Scheme - ELSS
120503,Axis ELSS Tax Saver Fund - Direct Plan - Growth Option,10-11-2016,33.9122,Axis Mutual Fund,Equity Scheme - ELSS
120503,Axis ELSS Tax Saver Fund - Direct Plan - Growth Option,09-11-2016,33.7079,Axis Mutual Fund,Equity Scheme - ELSS
120503,Axis ELSS Tax Saver Fund - Direct Plan - Growth Option,08-11-2016,34.1794,Axis Mutual Fund,Equity Scheme - ELSS
120503,Axis ELSS Tax Saver Fund - Direct Plan - Growth Option,07-11-2016,34.1912,Axis Mutual Fund,Equity Scheme - ELSS
120503,Axis ELSS Tax Saver Fund - Direct Plan - Growth Option,04-11-2016,34.1118,Axis Mutual Fund,Equity Scheme - ELSS
120503,Axis ELSS Tax Saver Fund - Direct Plan - Growth Option,03-11-2016,34.6874,Axis Mutual Fund,Equity Scheme - ELSS
120503,Axis ELSS Tax Saver Fund - Direct Plan - Growth Option,02-11-2016,34.8763,Axis Mutual Fund,Equity Scheme - ELSS
120503,Axis ELSS Tax Saver Fund - Direct Plan - Growth Option,01-11-2016,35.3692,Axis Mutual Fund,Equity Scheme - ELSS
120503,Axis ELSS Tax Saver Fund - Direct Plan - Growth Option,28-10-2016,35.2742,Axis Mutual Fund,Equity Scheme - ELSS
120503,Axis ELSS Tax Saver Fund - Direct Plan - Growth Option,27-10-2016,35.1056,Axis Mutual Fund,Equity Scheme - ELSS
120503,Axis ELSS Tax Saver Fund - Direct Plan - Growth Option,26-10-2016,35.19,Axis Mutual Fund,Equity Scheme - ELSS
120503,Axis ELSS Tax Saver Fund - Direct Plan - Growth Option,25-10-2016,35.0645,Axis Mutual Fund,Equity Scheme - ELSS
120503,Axis ELSS Tax Saver Fund - Direct Plan - Growth Option,24-10-2016,35.0094,Axis Mutual Fund,Equity Scheme - ELSS
120503,Axis ELSS Tax Saver Fund - Direct Plan - Growth Option,21-10-2016,35.0213,Axis Mutual Fund,Equity Scheme - ELSS
120503,Axis ELSS Tax Saver Fund - Direct Plan - Growth Option,20-10-2016,34.8173,Axis Mutual Fund,Equity Scheme - ELSS
120503,Axis ELSS Tax Saver Fund - Direct Plan - Growth Option,19-10-2016,34.7616,Axis Mutual Fund,Equity Scheme - ELSS
120503,Axis ELSS Tax Saver Fund - Direct Plan - Growth Option,18-10-2016,34.8396,Axis Mutual Fund,Equity Scheme - ELSS
120503,Axis ELSS Tax Saver Fund - Direct Plan - Growth Option,17-10-2016,34.3414,Axis Mutual Fund,Equity Scheme - ELSS
120503,Axis ELSS Tax Saver Fund - Direct Plan - Growth Option,14-10-2016,34.7682,Axis Mutual Fund,Equity Scheme - ELSS
120503,Axis ELSS Tax Saver Fund - Direct Plan - Growth Option,13-10-2016,34.7014,Axis Mutual Fund,Equity Scheme - ELSS
120503,Axis ELSS Tax Saver Fund - Direct Plan - Growth Option,10-10-2016,35.1907,Axis Mutual Fund,Equity Scheme - ELSS
120503,Axis ELSS Tax Saver Fund - Direct Plan - Growth Option,07-10-2016,35.1869,Axis Mutual Fund,Equity Scheme - ELSS
120503,Axis ELSS Tax Saver Fund - Direct Plan - Growth Option,06-10-2016,35.2964,Axis Mutual Fund,Equity Scheme - ELSS
120503,Axis ELSS Tax Saver Fund - Direct Plan - Growth Option,05-10-2016,35.3256,Axis Mutual Fund,Equity Scheme - ELSS
120503,Axis ELSS Tax Saver Fund - Direct Plan - Growth Option,04-10-2016,35.3535,Axis Mutual Fund,Equity Scheme - ELSS
120503,Axis ELSS Tax Saver Fund - Direct Plan - Growth Option,03-10-2016,35.2722,Axis Mutual Fund,Equity Scheme - ELSS
120503,Axis ELSS Tax Saver Fund - Direct Plan - Growth Option,30-09-2016,34.5758,Axis Mutual Fund,Equity Scheme - ELSS
120503,Axis ELSS Tax Saver Fund - Direct Plan - Growth Option,29-09-2016,34.3278,Axis Mutual Fund,Equity Scheme - ELSS
120503,Axis ELSS Tax Saver Fund - Direct Plan - Growth Option,28-09-2016,34.8625,Axis Mutual Fund,Equity Scheme - ELSS
120503,Axis ELSS Tax Saver Fund - Direct Plan - Growth Option,27-09-2016,34.7497,Axis Mutual Fund,Equity Scheme - ELSS
120503,Axis ELSS Tax Saver Fund - Direct Plan - Growth Option,26-09-2016,34.7529,Axis Mutual Fund,Equity Scheme - ELSS
120503,Axis ELSS Tax Saver Fund - Direct Plan - Growth Option,23-09-2016,34.9991,Axis Mutual Fund,Equity Scheme - ELSS
120503,Axis ELSS Tax Saver Fund - Direct Plan - Growth Option,22-09-2016,35.0227,Axis Mutual Fund,Equity Scheme - ELSS
120503,Axis ELSS Tax Saver Fund - Direct Plan - Growth Option,21-09-2016,34.6859,Axis Mutual Fund,Equity Scheme - ELSS
120503,Axis ELSS Tax Saver Fund - Direct Plan - Growth Option,20-09-2016,34.6832,Axis Mutual Fund,Equity Scheme - ELSS
120503,Axis ELSS Tax Saver Fund - Direct Plan - Growth Option,19-09-2016,34.7558,Axis Mutual Fund,Equity Scheme - ELSS
120503,Axis ELSS Tax Saver Fund - Direct Plan - Growth Option,16-09-2016,34.8283,Axis Mutual Fund,Equity Scheme - ELSS
120503,Axis ELSS Tax Saver Fund - Direct Plan - Growth Option,15-09-2016,34.6304,Axis Mutual Fund,Equity Scheme - ELSS
120503,Axis ELSS Tax Saver Fund - Direct Plan - Growth Option,14-09-2016,34.5255,Axis Mutual Fund,Equity Scheme - ELSS
120503,Axis ELSS Tax Saver Fund - Direct Plan - Growth Option,12-09-2016,34.5872,Axis Mutual Fund,Equity Scheme - ELSS
120503,Axis ELSS Tax Saver Fund - Direct Plan - Growth Option,09-09-2016,35.1591,Axis Mutual Fund,Equity Scheme - ELSS
120503,Axis ELSS Tax Saver Fund - Direct Plan - Growth Option,08-09-2016,35.3805,Axis Mutual Fund,Equity Scheme - ELSS
120503,Axis ELSS Tax Saver Fund - Direct Plan - Growth Option,07-09-2016,35.1675,Axis Mutual Fund,Equity Scheme - ELSS
120503,Axis ELSS Tax Saver Fund - Direct Plan - Growth Option,06-09-2016,35.2977,Axis Mutual Fund,Equity Scheme - ELSS
120503,Axis ELSS Tax Saver Fund - Direct Plan - Growth Option,02-09-2016,34.9656,Axis Mutual Fund,Equity Scheme - ELSS
120503,Axis ELSS Tax Saver Fund - Direct Plan - Growth Option,01-09-2016,34.8799,Axis Mutual Fund,Equity Scheme - ELSS
120503,Axis ELSS Tax Saver Fund - Direct Plan - Growth Option,31-08-2016,34.8669,Axis Mutual Fund,Equity Scheme - ELSS
120503,Axis ELSS Tax Saver Fund - Direct Plan - Growth Option,30-08-2016,34.726,Axis Mutual Fund,Equity Scheme - ELSS
120503,Axis ELSS Tax Saver Fund - Direct Plan - Growth Option,29-08-2016,34.3049,Axis Mutual Fund,Equity Scheme - ELSS
120503,Axis ELSS Tax Saver Fund - Direct Plan - Growth Option,26-08-2016,34.3923,Axis Mutual Fund,Equity Scheme - ELSS
120503,Axis ELSS Tax Saver Fund - Direct Plan - Growth Option,25-08-2016,34.3744,Axis Mutual Fund,Equity Scheme - ELSS
120503,Axis ELSS Tax Saver Fund - Direct Plan - Growth Option,24-08-2016,34.4618,Axis Mutual Fund,Equity Scheme - ELSS
120503,Axis ELSS Tax Saver Fund - Direct Plan - Growth Option,23-08-2016,34.3065,Axis Mutual Fund,Equity Scheme - ELSS
120503,Axis ELSS Tax Saver Fund - Direct Plan - Growth Option,22-08-2016,34.2859,Axis Mutual Fund,Equity Scheme - ELSS
120503,Axis ELSS Tax Saver Fund - Direct Plan - Growth Option,19-08-2016,34.4209,Axis Mutual Fund,Equity Scheme - ELSS
120503,Axis ELSS Tax Saver Fund - Direct Plan - Growth Option,18-08-2016,34.4924,Axis Mutual Fund,Equity Scheme - ELSS
120503,Axis ELSS Tax Saver Fund - Direct Plan - Growth Option,17-08-2016,34.3508,Axis Mutual Fund,Equity Scheme - ELSS
120503,Axis ELSS Tax Saver Fund - Direct Plan - Growth Option,16-08-2016,34.3404,Axis Mutual Fund,Equity Scheme - ELSS
120503,Axis ELSS Tax Saver Fund - Direct Plan - Growth Option,12-08-2016,34.4515,Axis Mutual Fund,Equity Scheme - ELSS
120503,Axis ELSS Tax Saver Fund - Direct Plan - Growth Option,11-08-2016,34.3164,Axis Mutual Fund,Equity Scheme - ELSS
120503,Axis ELSS Tax Saver Fund - Direct Plan - Growth Option,10-08-2016,34.2988,Axis Mutual Fund,Equity Scheme - ELSS
120503,Axis ELSS Tax Saver Fund - Direct Plan - Growth Option,09-08-2016,34.7366,Axis Mutual Fund,Equity Scheme - ELSS
120503,Axis ELSS Tax Saver Fund - Direct Plan - Growth Option,08-08-2016,34.8229,Axis Mutual Fund,Equity Scheme - ELSS
120503,Axis ELSS Tax Saver Fund - Direct Plan - Growth Option,05-08-2016,34.6599,Axis Mutual Fund,Equity Scheme - ELSS
120503,Axis ELSS Tax Saver Fund - Direct Plan - Growth Option,04-08-2016,34.3186,Axis Mutual Fund,Equity Scheme - ELSS
120503,Axis ELSS Tax Saver Fund - Direct Plan - Growth Option,03-08-2016,34.2669,Axis Mutual Fund,Equity Scheme - ELSS
120503,Axis ELSS Tax Saver Fund - Direct Plan - Growth Option,02-08-2016,34.7268,Axis Mutual Fund,Equity Scheme - ELSS
120503,Axis ELSS Tax Saver Fund - Direct Plan - Growth Option,01-08-2016,34.7983,Axis Mutual Fund,Equity Scheme - ELSS
120503,Axis ELSS Tax Saver Fund - Direct Plan - Growth Option,29-07-2016,34.7703,Axis Mutual Fund,Equity Scheme - ELSS
120503,Axis ELSS Tax Saver Fund - Direct Plan - Growth Option,28-07-2016,34.7497,Axis Mutual Fund,Equity Scheme - ELSS
120503,Axis ELSS Tax Saver Fund - Direct Plan - Growth Option,27-07-2016,34.2683,Axis Mutual Fund,Equity Scheme - ELSS
120503,Axis ELSS Tax Saver Fund - Direct Plan - Growth Option,26-07-2016,34.0496,Axis Mutual Fund,Equity Scheme - ELSS
120503,Axis ELSS Tax Saver Fund - Direct Plan - Growth Option,25-07-2016,34.2216,Axis Mutual Fund,Equity Scheme - ELSS
120503,Axis ELSS Tax Saver Fund - Direct Plan - Growth Option,22-07-2016,33.8753,Axis Mutual Fund,Equity Scheme - ELSS
120503,Axis ELSS Tax Saver Fund - Direct Plan - Growth Option,21-07-2016,33.6839,Axis Mutual Fund,Equity Scheme - ELSS
120503,Axis ELSS Tax Saver Fund - Direct Plan - Growth Option,20-07-2016,33.7924,Axis Mutual Fund,Equity Scheme - ELSS
120503,Axis ELSS Tax Saver Fund - Direct Plan - Growth Option,19-07-2016,33.4857,Axis Mutual Fund,Equity Scheme - ELSS
120503,Axis ELSS Tax Saver Fund - Direct Plan - Growth Option,18-07-2016,33.468,Axis Mutual Fund,Equity Scheme - ELSS
120503,Axis ELSS Tax Saver Fund - Direct Plan - Growth Option,15-07-2016,33.5625,Axis Mutual Fund,Equity Scheme - ELSS
120503,Axis ELSS Tax Saver Fund - Direct Plan - Growth Option,14-07-2016,33.4704,Axis Mutual Fund,Equity Scheme - ELSS
120503,Axis ELSS Tax Saver Fund - Direct Plan - Growth Option,13-07-2016,33.3,Axis Mutual Fund,Equity Scheme - ELSS
120503,Axis ELSS Tax Saver Fund - Direct Plan - Growth Option,12-07-2016,33.343,Axis Mutual Fund,Equity Scheme - ELSS
120503,Axis ELSS Tax Saver Fund - Direct Plan - Growth Option,11-07-2016,33.1952,Axis Mutual Fund,Equity Scheme - ELSS
120503,Axis ELSS Tax Saver Fund - Direct Plan - Growth Option,08-07-2016,32.7291,Axis Mutual Fund,Equity Scheme - ELSS
120503,Axis ELSS Tax Saver Fund - Direct Plan - Growth Option,07-07-2016,32.7902,Axis Mutual Fund,Equity Scheme - ELSS
120503,Axis ELSS Tax Saver Fund - Direct Plan - Growth Option,05-07-2016,32.8067,Axis Mutual Fund,Equity Scheme - ELSS
120503,Axis ELSS Tax Saver Fund - Direct Plan - Growth Option,04-07-2016,32.927,Axis Mutual Fund,Equity Scheme - ELSS
120503,Axis ELSS Tax Saver Fund - Direct Plan - Growth Option,01-07-2016,32.8312,Axis Mutual Fund,Equity Scheme - ELSS
120503,Axis ELSS Tax Saver Fund - Direct Plan - Growth Option,30-06-2016,32.8316,Axis Mutual Fund,Equity Scheme - ELSS
120503,Axis ELSS Tax Saver Fund - Direct Plan - Growth Option,29-06-2016,32.5781,Axis Mutual Fund,Equity Scheme - ELSS
120503,Axis ELSS Tax Saver Fund - Direct Plan - Growth Option,28-06-2016,32.2537,Axis Mutual Fund,Equity Scheme - ELSS
120503,Axis ELSS Tax Saver Fund - Direct Plan - Growth Option,27-06-2016,32.0321,Axis Mutual Fund,Equity Scheme - ELSS
120503,Axis ELSS Tax Saver Fund - Direct Plan - Growth Option,24-06-2016,31.8532,Axis Mutual Fund,Equity Scheme - ELSS
120503,Axis ELSS Tax Saver Fund - Direct Plan - Growth Option,23-06-2016,32.4123,Axis Mutual Fund,Equity Scheme - ELSS
120503,Axis ELSS Tax Saver Fund - Direct Plan - Growth Option,22-06-2016,32.3207,Axis Mutual Fund,Equity Scheme - ELSS
120503,Axis ELSS Tax Saver Fund - Direct Plan - Growth Option,21-06-2016,32.4078,Axis Mutual Fund,Equity Scheme - ELSS
120503,Axis ELSS Tax Saver Fund - Direct Plan - Growth Option,20-06-2016,32.419,Axis Mutual Fund,Equity Scheme - ELSS
120503,Axis ELSS Tax Saver Fund - Direct Plan - Growth Option,17-06-2016,32.2788,Axis Mutual Fund,Equity Scheme - ELSS
120503,Axis ELSS Tax Saver Fund - Direct Plan - Growth Option,16-06-2016,32.2203,Axis Mutual Fund,Equity Scheme - ELSS
120503,Axis ELSS Tax Saver Fund - Direct Plan - Growth Option,15-06-2016,32.3829,Axis Mutual Fund,Equity Scheme - ELSS
120503,Axis ELSS Tax Saver Fund - Direct Plan - Growth Option,14-06-2016,32.1206,Axis Mutual Fund,Equity Scheme - ELSS
120503,Axis ELSS Tax Saver Fund - Direct Plan - Growth Option,13-06-2016,32.0592,Axis Mutual Fund,Equity Scheme - ELSS
120503,Axis ELSS Tax Saver Fund - Direct Plan - Growth Option,10-06-2016,32.2419,Axis Mutual Fund,Equity Scheme - ELSS
120503,Axis ELSS Tax Saver Fund - Direct Plan - Growth Option,09-06-2016,32.3337,Axis Mutual Fund,Equity Scheme - ELSS
120503,Axis ELSS Tax Saver Fund - Direct Plan - Growth Option,08-06-2016,32.5067,Axis Mutual Fund,Equity Scheme - ELSS
120503,Axis ELSS Tax Saver Fund - Direct Plan - Growth Option,07-06-2016,32.5025,Axis Mutual Fund,Equity Scheme - ELSS
120503,Axis ELSS Tax Saver Fund - Direct Plan - Growth Option,06-06-2016,32.3609,Axis Mutual Fund,Equity Scheme - ELSS
120503,Axis ELSS Tax Saver Fund - Direct Plan - Growth Option,03-06-2016,32.354,Axis Mutual Fund,Equity Scheme - ELSS
120503,Axis ELSS Tax Saver Fund - Direct Plan - Growth Option,02-06-2016,32.4416,Axis Mutual Fund,Equity Scheme - ELSS
120503,Axis ELSS Tax Saver Fund - Direct Plan - Growth Option,01-06-2016,32.4008,Axis Mutual Fund,Equity Scheme - ELSS
120503,Axis ELSS Tax Saver Fund - Direct Plan - Growth Option,31-05-2016,32.2497,Axis Mutual Fund,Equity Scheme - ELSS
120503,Axis ELSS Tax Saver Fund - Direct Plan - Growth Option,30-05-2016,32.3577,Axis Mutual Fund,Equity Scheme - ELSS
120503,Axis ELSS Tax Saver Fund - Direct Plan - Growth Option,27-05-2016,32.2214,Axis Mutual Fund,Equity Scheme - ELSS
120503,Axis ELSS Tax Saver Fund - Direct Plan - Growth Option,26-05-2016,31.8498,Axis Mutual Fund,Equity Scheme - ELSS
120503,Axis ELSS Tax Saver Fund - Direct Plan - Growth Option,25-05-2016,31.3403,Axis Mutual Fund,Equity Scheme - ELSS
120503,Axis ELSS Tax Saver Fund - Direct Plan - Growth Option,24-05-2016,30.7811,Axis Mutual Fund,Equity Scheme - ELSS
120503,Axis ELSS Tax Saver Fund - Direct Plan - Growth Option,23-05-2016,30.9309,Axis Mutual Fund,Equity Scheme - ELSS
120503,Axis ELSS Tax Saver Fund - Direct Plan - Growth Option,20-05-2016,31.0005,Axis Mutual Fund,Equity Scheme - ELSS
120503,Axis ELSS Tax Saver Fund - Direct Plan - Growth Option,19-05-2016,31.0627,Axis Mutual Fund,Equity Scheme - ELSS
120503,Axis ELSS Tax Saver Fund - Direct Plan - Growth Option,18-05-2016,31.3772,Axis Mutual Fund,Equity Scheme - ELSS
120503,Axis ELSS Tax Saver Fund - Direct Plan - Growth Option,17-05-2016,31.4794,Axis Mutual Fund,Equity Scheme - ELSS
120503,Axis ELSS Tax Saver Fund - Direct Plan - Growth Option,16-05-2016,31.3438,Axis Mutual Fund,Equity Scheme - ELSS
120503,Axis ELSS Tax Saver Fund - Direct Plan - Growth Option,13-05-2016,31.161,Axis Mutual Fund,Equity Scheme - ELSS
120503,Axis ELSS Tax Saver Fund - Direct Plan - Growth Option,12-05-2016,31.3966,Axis Mutual Fund,Equity Scheme - ELSS
120503,Axis ELSS Tax Saver Fund - Direct Plan - Growth Option,11-05-2016,31.2078,Axis Mutual Fund,Equity Scheme - ELSS
120503,Axis ELSS Tax Saver Fund - Direct Plan - Growth Option,10-05-2016,31.219,Axis Mutual Fund,Equity Scheme - ELSS
120503,Axis ELSS Tax Saver Fund - Direct Plan - Growth Option,09-05-2016,31.123,Axis Mutual Fund,Equity Scheme - ELSS
120503,Axis ELSS Tax Saver Fund - Direct Plan - Growth Option,06-05-2016,30.7528,Axis Mutual Fund,Equity Scheme - ELSS
120503,Axis ELSS Tax Saver Fund - Direct Plan - Growth Option,05-05-2016,30.8117,Axis Mutual Fund,Equity Scheme - ELSS
120503,Axis ELSS Tax Saver Fund - Direct Plan - Growth Option,04-05-2016,30.6917,Axis Mutual Fund,Equity Scheme - ELSS
120503,Axis ELSS Tax Saver Fund - Direct Plan - Growth Option,03-05-2016,30.7931,Axis Mutual Fund,Equity Scheme - ELSS
120503,Axis ELSS Tax Saver Fund - Direct Plan - Growth Option,02-05-2016,30.9972,Axis Mutual Fund,Equity Scheme - ELSS
120503,Axis ELSS Tax Saver Fund - Direct Plan - Growth Option,29-04-2016,30.9525,Axis Mutual Fund,Equity Scheme - ELSS
120503,Axis ELSS Tax Saver Fund - Direct Plan - Growth Option,28-04-2016,30.8209,Axis Mutual Fund,Equity Scheme - ELSS
120503,Axis ELSS Tax Saver Fund - Direct Plan - Growth Option,27-04-2016,31.2075,Axis Mutual Fund,Equity Scheme - ELSS
120503,Axis ELSS Tax Saver Fund - Direct Plan - Growth Option,26-04-2016,31.1508,Axis Mutual Fund,Equity Scheme - ELSS
120503,Axis ELSS Tax Saver Fund - Direct Plan - Growth Option,25-04-2016,30.7373,Axis Mutual Fund,Equity Scheme - ELSS
120503,Axis ELSS Tax Saver Fund - Direct Plan - Growth Option,22-04-2016,30.9638,Axis Mutual Fund,Equity Scheme - ELSS
120503,Axis ELSS Tax Saver Fund - Direct Plan - Growth Option,21-04-2016,31.058,Axis Mutual Fund,Equity Scheme - ELSS
120503,Axis ELSS Tax Saver Fund - Direct Plan - Growth Option,20-04-2016,31.1638,Axis Mutual Fund,Equity Scheme - ELSS
120503,Axis ELSS Tax Saver Fund - Direct Plan - Growth Option,18-04-2016,31.1123,Axis Mutual Fund,Equity Scheme - ELSS
120503,Axis ELSS Tax Saver Fund - Direct Plan - Growth Option,13-04-2016,30.947,Axis Mutual Fund,Equity Scheme - ELSS
120503,Axis ELSS Tax Saver Fund - Direct Plan - Growth Option,12-04-2016,30.4671,Axis Mutual Fund,Equity Scheme - ELSS
120503,Axis ELSS Tax Saver Fund - Direct Plan - Growth Option,11-04-2016,30.2098,Axis Mutual Fund,Equity Scheme - ELSS
120503,Axis ELSS Tax Saver Fund - Direct Plan - Growth Option,08-04-2016,29.9438,Axis Mutual Fund,Equity Scheme - ELSS
120503,Axis ELSS Tax Saver Fund - Direct Plan - Growth Option,07-04-2016,29.8722,Axis Mutual Fund,Equity Scheme - ELSS
120503,Axis ELSS Tax Saver Fund - Direct Plan - Growth Option,06-04-2016,30.0595,Axis Mutual Fund,Equity Scheme - ELSS
120503,Axis ELSS Tax Saver Fund - Direct Plan - Growth Option,05-04-2016,29.9676,Axis Mutual Fund,Equity Scheme - ELSS
120503,Axis ELSS Tax Saver Fund - Direct Plan - Growth Option,04-04-2016,30.3538,Axis Mutual Fund,Equity Scheme - ELSS
120503,Axis ELSS Tax Saver Fund - Direct Plan - Growth Option,01-04-2016,30.3141,Axis Mutual Fund,Equity Scheme - ELSS
120503,Axis ELSS Tax Saver Fund - Direct Plan - Growth Option,31-03-2016,30.3426,Axis Mutual Fund,Equity Scheme - ELSS
120503,Axis ELSS Tax Saver Fund - Direct Plan - Growth Option,30-03-2016,30.2039,Axis Mutual Fund,Equity Scheme - ELSS
120503,Axis ELSS Tax Saver Fund - Direct Plan - Growth Option,29-03-2016,29.858,Axis Mutual Fund,Equity Scheme - ELSS
120503,Axis ELSS Tax Saver Fund - Direct Plan - Growth Option,28-03-2016,29.9016,Axis Mutual Fund,Equity Scheme - ELSS
120503,Axis ELSS Tax Saver Fund - Direct Plan - Growth Option,23-03-2016,30.2639,Axis Mutual Fund,Equity Scheme - ELSS
120503,Axis ELSS Tax Saver Fund - Direct Plan - Growth Option,22-03-2016,30.256,Axis Mutual Fund,Equity Scheme - ELSS
120503,Axis ELSS Tax Saver Fund - Direct Plan - Growth Option,21-03-2016,30.1955,Axis Mutual Fund,Equity Scheme - ELSS
120503,Axis ELSS Tax Saver Fund - Direct Plan - Growth Option,18-03-2016,29.6795,Axis Mutual Fund,Equity Scheme - ELSS
120503,Axis ELSS Tax Saver Fund - Direct Plan - Growth Option,17-03-2016,29.4553,Axis Mutual Fund,Equity Scheme - ELSS
120503,Axis ELSS Tax Saver Fund - Direct Plan - Growth Option,16-03-2016,29.3725,Axis Mutual Fund,Equity Scheme - ELSS
120503,Axis ELSS Tax Saver Fund - Direct Plan - Growth Option,15-03-2016,29.3713,Axis Mutual Fund,Equity Scheme - ELSS
120503,Axis ELSS Tax Saver Fund - Direct Plan - Growth Option,14-03-2016,29.7399,Axis Mutual Fund,Equity Scheme - ELSS
120503,Axis ELSS Tax Saver Fund - Direct Plan - Growth Option,11-03-2016,29.6476,Axis Mutual Fund,Equity Scheme - ELSS
120503,Axis ELSS Tax Saver Fund - Direct Plan - Growth Option,10-03-2016,29.5812,Axis Mutual Fund,Equity Scheme - ELSS
120503,Axis ELSS Tax Saver Fund - Direct Plan - Growth Option,09-03-2016,29.5713,Axis Mutual Fund,Equity Scheme - ELSS
120503,Axis ELSS Tax Saver Fund - Direct Plan - Growth Option,08-03-2016,29.5397,Axis Mutual Fund,Equity Scheme - ELSS
120503,Axis ELSS Tax Saver Fund - Direct Plan - Growth Option,04-03-2016,29.5697,Axis Mutual Fund,Equity Scheme - ELSS
120503,Axis ELSS Tax Saver Fund - Direct Plan - Growth Option,03-03-2016,29.5679,Axis Mutual Fund,Equity Scheme - ELSS
120503,Axis ELSS Tax Saver Fund - Direct Plan - Growth Option,02-03-2016,29.2089,Axis Mutual Fund,Equity Scheme - ELSS
120503,Axis ELSS Tax Saver Fund - Direct Plan - Growth Option,01-03-2016,28.7737,Axis Mutual Fund,Equity Scheme - ELSS
120503,Axis ELSS Tax Saver Fund - Direct Plan - Growth Option,29-02-2016,28.1303,Axis Mutual Fund,Equity Scheme - ELSS
120503,Axis ELSS Tax Saver Fund - Direct Plan - Growth Option,26-02-2016,28.0774,Axis Mutual Fund,Equity Scheme - ELSS
120503,Axis ELSS Tax Saver Fund - Direct Plan - Growth Option,25-02-2016,28.0521,Axis Mutual Fund,Equity Scheme - ELSS
120503,Axis ELSS Tax Saver Fund - Direct Plan - Growth Option,24-02-2016,28.2435,Axis Mutual Fund,Equity Scheme - ELSS
120503,Axis ELSS Tax Saver Fund - Direct Plan - Growth Option,23-02-2016,28.6382,Axis Mutual Fund,Equity Scheme - ELSS
120503,Axis ELSS Tax Saver Fund - Direct Plan - Growth Option,22-02-2016,29.0003,Axis Mutual Fund,Equity Scheme - ELSS
120503,Axis ELSS Tax Saver Fund - Direct Plan - Growth Option,19-02-2016,28.8974,Axis Mutual Fund,Equity Scheme - ELSS
120503,Axis ELSS Tax Saver Fund - Direct Plan - Growth Option,18-02-2016,28.8928,Axis Mutual Fund,Equity Scheme - ELSS
120503,Axis ELSS Tax Saver Fund - Direct Plan - Growth Option,17-02-2016,28.6926,Axis Mutual Fund,Equity Scheme - ELSS
120503,Axis ELSS Tax Saver Fund - Direct Plan - Growth Option,16-02-2016,28.5158,Axis Mutual Fund,Equity Scheme - ELSS
120503,Axis ELSS Tax Saver Fund - Direct Plan - Growth Option,15-02-2016,29.0124,Axis Mutual Fund,Equity Scheme - ELSS
120503,Axis ELSS Tax Saver Fund - Direct Plan - Growth Option,12-02-2016,28.5467,Axis Mutual Fund,Equity Scheme - ELSS
120503,Axis ELSS Tax Saver Fund - Direct Plan - Growth Option,11-02-2016,28.6778,Axis Mutual Fund,Equity Scheme - ELSS
120503,Axis ELSS Tax Saver Fund - Direct Plan - Growth Option,10-02-2016,29.6319,Axis Mutual Fund,Equity Scheme - ELSS
120503,Axis ELSS Tax Saver Fund - Direct Plan - Growth Option,09-02-2016,29.8739,Axis Mutual Fund,Equity Scheme - ELSS
120503,Axis ELSS Tax Saver Fund - Direct Plan - Growth Option,08-02-2016,30.2905,Axis Mutual Fund,Equity Scheme - ELSS
120503,Axis ELSS Tax Saver Fund - Direct Plan - Growth Option,05-02-2016,30.5141,Axis Mutual Fund,Equity Scheme - ELSS
120503,Axis ELSS Tax Saver Fund - Direct Plan - Growth Option,04-02-2016,30.15,Axis Mutual Fund,Equity Scheme - ELSS
120503,Axis ELSS Tax Saver Fund - Direct Plan - Growth Option,03-02-2016,29.9633,Axis Mutual Fund,Equity Scheme - ELSS
120503,Axis ELSS Tax Saver Fund - Direct Plan - Growth Option,02-02-2016,30.2285,Axis Mutual Fund,Equity Scheme - ELSS
120503,Axis ELSS Tax Saver Fund - Direct Plan - Growth Option,01-02-2016,30.6624,Axis Mutual Fund,Equity Scheme - ELSS
120503,Axis ELSS Tax Saver Fund - Direct Plan - Growth Option,29-01-2016,30.6268,Axis Mutual Fund,Equity Scheme - ELSS
120503,Axis ELSS Tax Saver Fund - Direct Plan - Growth Option,28-01-2016,29.9832,Axis Mutual Fund,Equity Scheme - ELSS
120503,Axis ELSS Tax Saver Fund - Direct Plan - Growth Option,27-01-2016,30.1079,Axis Mutual Fund,Equity Scheme - ELSS
120503,Axis ELSS Tax Saver Fund - Direct Plan - Growth Option,25-01-2016,29.9893,Axis Mutual Fund,Equity Scheme - ELSS
120503,Axis ELSS Tax Saver Fund - Direct Plan - Growth Option,22-01-2016,29.7542,Axis Mutual Fund,Equity Scheme - ELSS
120503,Axis ELSS Tax Saver Fund - Direct Plan - Growth Option,21-01-2016,29.2132,Axis Mutual Fund,Equity Scheme - ELSS
120503,Axis ELSS Tax Saver Fund - Direct Plan - Growth Option,20-01-2016,29.3219,Axis Mutual Fund,Equity Scheme - ELSS
120503,Axis ELSS Tax Saver Fund - Direct Plan - Growth Option,19-01-2016,29.6193,Axis Mutual Fund,Equity Scheme - ELSS
120503,Axis ELSS Tax Saver Fund - Direct Plan - Growth Option,18-01-2016,29.358,Axis Mutual Fund,Equity Scheme - ELSS
120503,Axis ELSS Tax Saver Fund - Direct Plan - Growth Option,15-01-2016,30.0061,Axis Mutual Fund,Equity Scheme - ELSS
120503,Axis ELSS Tax Saver Fund - Direct Plan - Growth Option,14-01-2016,30.4179,Axis Mutual Fund,Equity Scheme - ELSS
120503,Axis ELSS Tax Saver Fund - Direct Plan - Growth Option,13-01-2016,30.6532,Axis Mutual Fund,Equity Scheme - ELSS
120503,Axis ELSS Tax Saver Fund - Direct Plan - Growth Option,12-01-2016,30.6696,Axis Mutual Fund,Equity Scheme - ELSS
120503,Axis ELSS Tax Saver Fund - Direct Plan - Growth Option,11-01-2016,30.8995,Axis Mutual Fund,Equity Scheme - ELSS
120503,Axis ELSS Tax Saver Fund - Direct Plan - Growth Option,08-01-2016,31.11,Axis Mutual Fund,Equity Scheme - ELSS
120503,Axis ELSS Tax Saver Fund - Direct Plan - Growth Option,07-01-2016,30.9356,Axis Mutual Fund,Equity Scheme - ELSS
120503,Axis ELSS Tax Saver Fund - Direct Plan - Growth Option,06-01-2016,31.4329,Axis Mutual Fund,Equity Scheme - ELSS
120503,Axis ELSS Tax Saver Fund - Direct Plan - Growth Option,05-01-2016,31.4237,Axis Mutual Fund,Equity Scheme - ELSS
120503,Axis ELSS Tax Saver Fund - Direct Plan - Growth Option,04-01-2016,31.4808,Axis Mutual Fund,Equity Scheme - ELSS
120503,Axis ELSS Tax Saver Fund - Direct Plan - Growth Option,01-01-2016,31.9147,Axis Mutual Fund,Equity Scheme - ELSS
120503,Axis ELSS Tax Saver Fund - Direct Plan - Growth Option,31-12-2015,31.7424,Axis Mutual Fund,Equity Scheme - ELSS
120503,Axis ELSS Tax Saver Fund - Direct Plan - Growth Option,30-12-2015,31.5605,Axis Mutual Fund,Equity Scheme - ELSS
120503,Axis ELSS Tax Saver Fund - Direct Plan - Growth Option,29-12-2015,31.6454,Axis Mutual Fund,Equity Scheme - ELSS
120503,Axis ELSS Tax Saver Fund - Direct Plan - Growth Option,28-12-2015,31.523,Axis Mutual Fund,Equity Scheme - ELSS
120503,Axis ELSS Tax Saver Fund - Direct Plan - Growth Option,24-12-2015,31.3257,Axis Mutual Fund,Equity Scheme - ELSS
120503,Axis ELSS Tax Saver Fund - Direct Plan - Growth Option,23-12-2015,31.2991,Axis Mutual Fund,Equity Scheme - ELSS
120503,Axis ELSS Tax Saver Fund - Direct Plan - Growth Option,22-12-2015,31.0584,Axis Mutual Fund,Equity Scheme - ELSS
120503,Axis ELSS Tax Saver Fund - Direct Plan - Growth Option,21-12-2015,31.0622,Axis Mutual Fund,Equity Scheme - ELSS
120503,Axis ELSS Tax Saver Fund - Direct Plan - Growth Option,18-12-2015,31.0875,Axis Mutual Fund,Equity Scheme - ELSS
120503,Axis ELSS Tax Saver Fund - Direct Plan - Growth Option,17-12-2015,31.265,Axis Mutual Fund,Equity Scheme - ELSS
120503,Axis ELSS Tax Saver Fund - Direct Plan - Growth Option,16-12-2015,30.8023,Axis Mutual Fund,Equity Scheme - ELSS
120503,Axis ELSS Tax Saver Fund - Direct Plan - Growth Option,15-12-2015,30.6459,Axis Mutual Fund,Equity Scheme - ELSS
120503,Axis ELSS Tax Saver Fund - Direct Plan - Growth Option,14-12-2015,30.4039,Axis Mutual Fund,Equity Scheme - ELSS
120503,Axis ELSS Tax Saver Fund - Direct Plan - Growth Option,11-12-2015,30.2825,Axis Mutual Fund,Equity Scheme - ELSS
120503,Axis ELSS Tax Saver Fund - Direct Plan - Growth Option,10-12-2015,30.5499,Axis Mutual Fund,Equity Scheme - ELSS
120503,Axis ELSS Tax Saver Fund - Direct Plan - Growth Option,09-12-2015,30.3766,Axis Mutual Fund,Equity Scheme - ELSS
120503,Axis ELSS Tax Saver Fund - Direct Plan - Growth Option,08-12-2015,30.6797,Axis Mutual Fund,Equity Scheme - ELSS
120503,Axis ELSS Tax Saver Fund - Direct Plan - Growth Option,07-12-2015,30.8644,Axis Mutual Fund,Equity Scheme - ELSS
120503,Axis ELSS Tax Saver Fund - Direct Plan - Growth Option,04-12-2015,30.7805,Axis Mutual Fund,Equity Scheme - ELSS
120503,Axis ELSS Tax Saver Fund - Direct Plan - Growth Option,03-12-2015,30.986,Axis Mutual Fund,Equity Scheme - ELSS
120503,Axis ELSS Tax Saver Fund - Direct Plan - Growth Option,02-12-2015,31.1498,Axis Mutual Fund,Equity Scheme - ELSS
120503,Axis ELSS Tax Saver Fund - Direct Plan - Growth Option,01-12-2015,31.2789,Axis Mutual Fund,Equity Scheme - ELSS
120503,Axis ELSS Tax Saver Fund - Direct Plan - Growth Option,30-11-2015,31.1953,Axis Mutual Fund,Equity Scheme - ELSS
120503,Axis ELSS Tax Saver Fund - Direct Plan - Growth Option,27-11-2015,31.2358,Axis Mutual Fund,Equity Scheme - ELSS
120503,Axis ELSS Tax Saver Fund - Direct Plan - Growth Option,26-11-2015,31.0137,Axis Mutual Fund,Equity Scheme - ELSS
120503,Axis ELSS Tax Saver Fund - Direct Plan - Growth Option,24-11-2015,31.0188,Axis Mutual Fund,Equity Scheme - ELSS
120503,Axis ELSS Tax Saver Fund - Direct Plan - Growth Option,23-11-2015,31.1561,Axis Mutual Fund,Equity Scheme - ELSS
120503,Axis ELSS Tax Saver Fund - Direct Plan - Growth Option,20-11-2015,31.2654,Axis Mutual Fund,Equity Scheme - ELSS
120503,Axis ELSS Tax Saver Fund - Direct Plan - Growth Option,19-11-2015,31.1586,Axis Mutual Fund,Equity Scheme - ELSS
120503,Axis ELSS Tax Saver Fund - Direct Plan - Growth Option,18-11-2015,30.6824,Axis Mutual Fund,Equity Scheme - ELSS
120503,Axis ELSS Tax Saver Fund - Direct Plan - Growth Option,17-11-2015,30.7813,Axis Mutual Fund,Equity Scheme - ELSS
120503,Axis ELSS Tax Saver Fund - Direct Plan - Growth Option,16-11-2015,30.5676,Axis Mutual Fund,Equity Scheme - ELSS
120503,Axis ELSS Tax Saver Fund - Direct Plan - Growth Option,13-11-2015,30.5901,Axis Mutual Fund,Equity Scheme - ELSS
120503,Axis ELSS Tax Saver Fund - Direct Plan - Growth Option,10-11-2015,30.5802,Axis Mutual Fund,Equity Scheme - ELSS
120503,Axis ELSS Tax Saver Fund - Direct Plan - Growth Option,09-11-2015,30.9535,Axis Mutual Fund,Equity Scheme - ELSS
120503,Axis ELSS Tax Saver Fund - Direct Plan - Growth Option,06-11-2015,31.0676,Axis Mutual Fund,Equity Scheme - ELSS
120503,Axis ELSS Tax Saver Fund - Direct Plan - Growth Option,05-11-2015,31.2215,Axis Mutual Fund,Equity Scheme - ELSS
120503,Axis ELSS Tax Saver Fund - Direct Plan - Growth Option,04-11-2015,31.7151,Axis Mutual Fund,Equity Scheme - ELSS
120503,Axis ELSS Tax Saver Fund - Direct Plan - Growth Option,03-11-2015,31.877,Axis Mutual Fund,Equity Scheme - ELSS
120503,Axis ELSS Tax Saver Fund - Direct Plan - Growth Option,02-11-2015,31.8613,Axis Mutual Fund,Equity Scheme - ELSS
120503,Axis ELSS Tax Saver Fund - Direct Plan - Growth Option,30-10-2015,32.0137,Axis Mutual Fund,Equity Scheme - ELSS
120503,Axis ELSS Tax Saver Fund - Direct Plan - Growth Option,29-10-2015,31.9364,Axis Mutual Fund,Equity Scheme - ELSS
120503,Axis ELSS Tax Saver Fund - Direct Plan - Growth Option,28-10-2015,32.1179,Axis Mutual Fund,Equity Scheme - ELSS
120503,Axis ELSS Tax Saver Fund - Direct Plan - Growth Option,27-10-2015,32.2086,Axis Mutual Fund,Equity Scheme - ELSS
120503,Axis ELSS Tax Saver Fund - Direct Plan - Growth Option,26-10-2015,32.197,Axis Mutual Fund,Equity Scheme - ELSS
120503,Axis ELSS Tax Saver Fund - Direct Plan - Growth Option,23-10-2015,32.3006,Axis Mutual Fund,Equity Scheme - ELSS
120503,Axis ELSS Tax Saver Fund - Direct Plan - Growth Option,21-10-2015,32.2841,Axis Mutual Fund,Equity Scheme - ELSS
120503,Axis ELSS Tax Saver Fund - Direct Plan - Growth Option,20-10-2015,32.394,Axis Mutual Fund,Equity Scheme - ELSS
120503,Axis ELSS Tax Saver Fund - Direct Plan - Growth Option,19-10-2015,32.2097,Axis Mutual Fund,Equity Scheme - ELSS
120503,Axis ELSS Tax Saver Fund - Direct Plan - Growth Option,16-10-2015,32.1644,Axis Mutual Fund,Equity Scheme - ELSS
120503,Axis ELSS Tax Saver Fund - Direct Plan - Growth Option,15-10-2015,32.018,Axis Mutual Fund,Equity Scheme - ELSS
120503,Axis ELSS Tax Saver Fund - Direct Plan - Growth Option,14-10-2015,31.9508,Axis Mutual Fund,Equity Scheme - ELSS
120503,Axis ELSS Tax Saver Fund - Direct Plan - Growth Option,13-10-2015,31.9182,Axis Mutual Fund,Equity Scheme - ELSS
120503,Axis ELSS Tax Saver Fund - Direct Plan - Growth Option,12-10-2015,32.0015,Axis Mutual Fund,Equity Scheme - ELSS
120503,Axis ELSS Tax Saver Fund - Direct Plan - Growth Option,09-10-2015,32.0619,Axis Mutual Fund,Equity Scheme - ELSS
120503,Axis ELSS Tax Saver Fund - Direct Plan - Growth Option,08-10-2015,32.0108,Axis Mutual Fund,Equity Scheme - ELSS
120503,Axis ELSS Tax Saver Fund - Direct Plan - Growth Option,07-10-2015,32.1395,Axis Mutual Fund,Equity Scheme - ELSS
120503,Axis ELSS Tax Saver Fund - Direct Plan - Growth Option,06-10-2015,32.0778,Axis Mutual Fund,Equity Scheme - ELSS
120503,Axis ELSS Tax Saver Fund - Direct Plan - Growth Option,05-10-2015,32.0854,Axis Mutual Fund,Equity Scheme - ELSS
120503,Axis ELSS Tax Saver Fund - Direct Plan - Growth Option,01-10-2015,31.6707,Axis Mutual Fund,Equity Scheme - ELSS
120503,Axis ELSS Tax Saver Fund - Direct Plan - Growth Option,30-09-2015,31.6634,Axis Mutual Fund,Equity Scheme - ELSS
120503,Axis ELSS Tax Saver Fund - Direct Plan - Growth Option,29-09-2015,31.5043,Axis Mutual Fund,Equity Scheme - ELSS
120503,Axis ELSS Tax Saver Fund - Direct Plan - Growth Option,28-09-2015,31.4118,Axis Mutual Fund,Equity Scheme - ELSS
120503,Axis ELSS Tax Saver Fund - Direct Plan - Growth Option,24-09-2015,31.6422,Axis Mutual Fund,Equity Scheme - ELSS
120503,Axis ELSS Tax Saver Fund - Direct Plan - Growth Option,23-09-2015,31.4679,Axis Mutual Fund,Equity Scheme - ELSS
120503,Axis ELSS Tax Saver Fund - Direct Plan - Growth Option,22-09-2015,31.3324,Axis Mutual Fund,Equity Scheme - ELSS
120503,Axis ELSS Tax Saver Fund - Direct Plan - Growth Option,21-09-2015,31.8538,Axis Mutual Fund,Equity Scheme - ELSS
120503,Axis ELSS Tax Saver Fund - Direct Plan - Growth Option,18-09-2015,31.7732,Axis Mutual Fund,Equity Scheme - ELSS
120503,Axis ELSS Tax Saver Fund - Direct Plan - Growth Option,16-09-2015,31.3223,Axis Mutual Fund,Equity Scheme - ELSS
120503,Axis ELSS Tax Saver Fund - Direct Plan - Growth Option,15-09-2015,31.2733,Axis Mutual Fund,Equity Scheme - ELSS
120503,Axis ELSS Tax Saver Fund - Direct Plan - Growth Option,14-09-2015,31.3515,Axis Mutual Fund,Equity Scheme - ELSS
120503,Axis ELSS Tax Saver Fund - Direct Plan - Growth Option,11-09-2015,31.1477,Axis Mutual Fund,Equity Scheme - ELSS
120503,Axis ELSS Tax Saver Fund - Direct Plan - Growth Option,10-09-2015,31.1556,Axis Mutual Fund,Equity Scheme - ELSS
120503,Axis ELSS Tax Saver Fund - Direct Plan - Growth Option,09-09-2015,31.1632,Axis Mutual Fund,Equity Scheme - ELSS
120503,Axis ELSS Tax Saver Fund - Direct Plan - Growth Option,08-09-2015,30.6846,Axis Mutual Fund,Equity Scheme - ELSS
120503,Axis ELSS Tax Saver Fund - Direct Plan - Growth Option,07-09-2015,30.5063,Axis Mutual Fund,Equity Scheme - ELSS
120503,Axis ELSS Tax Saver Fund - Direct Plan - Growth Option,04-09-2015,30.918,Axis Mutual Fund,Equity Scheme - ELSS
120503,Axis ELSS Tax Saver Fund - Direct Plan - Growth Option,03-09-2015,31.5328,Axis Mutual Fund,Equity Scheme - ELSS
120503,Axis ELSS Tax Saver Fund - Direct Plan - Growth Option,02-09-2015,31.1915,Axis Mutual Fund,Equity Scheme - ELSS
120503,Axis ELSS Tax Saver Fund - Direct Plan - Growth Option,01-09-2015,31.1741,Axis Mutual Fund,Equity Scheme - ELSS
120503,Axis ELSS Tax Saver Fund - Direct Plan - Growth Option,31-08-2015,31.7904,Axis Mutual Fund,Equity Scheme - ELSS
120503,Axis ELSS Tax Saver Fund - Direct Plan - Growth Option,28-08-2015,31.8836,Axis Mutual Fund,Equity Scheme - ELSS
120503,Axis ELSS Tax Saver Fund - Direct Plan - Growth Option,27-08-2015,31.8271,Axis Mutual Fund,Equity Scheme - ELSS
120503,Axis ELSS Tax Saver Fund - Direct Plan - Growth Option,26-08-2015,31.0287,Axis Mutual Fund,Equity Scheme - ELSS
120503,Axis ELSS Tax Saver Fund - Direct Plan - Growth Option,25-08-2015,31.3289,Axis Mutual Fund,Equity Scheme - ELSS
120503,Axis ELSS Tax Saver Fund - Direct Plan - Growth Option,24-08-2015,31.2214,Axis Mutual Fund,Equity Scheme - ELSS
120503,Axis ELSS Tax Saver Fund - Direct Plan - Growth Option,21-08-2015,33.2579,Axis Mutual Fund,Equity Scheme - ELSS
120503,Axis ELSS Tax Saver Fund - Direct Plan - Growth Option,20-08-2015,33.4963,Axis Mutual Fund,Equity Scheme - ELSS
120503,Axis ELSS Tax Saver Fund - Direct Plan - Growth Option,19-08-2015,33.9152,Axis Mutual Fund,Equity Scheme - ELSS
120503,Axis ELSS Tax Saver Fund - Direct Plan - Growth Option,18-08-2015,33.646,Axis Mutual Fund,Equity Scheme - ELSS
120503,Axis ELSS Tax Saver Fund - Direct Plan - Growth Option,17-08-2015,33.5512,Axis Mutual Fund,Equity Scheme - ELSS
120503,Axis ELSS Tax Saver Fund - Direct Plan - Growth Option,14-08-2015,33.5072,Axis Mutual Fund,Equity Scheme - ELSS
120503,Axis ELSS Tax Saver Fund - Direct Plan - Growth Option,13-08-2015,32.8864,Axis Mutual Fund,Equity Scheme - ELSS
120503,Axis ELSS Tax Saver Fund - Direct Plan - Growth Option,12-08-2015,32.8422,Axis Mutual Fund,Equity Scheme - ELSS
120503,Axis ELSS Tax Saver Fund - Direct Plan - Growth Option,11-08-2015,33.2314,Axis Mutual Fund,Equity Scheme - ELSS
120503,Axis ELSS Tax Saver Fund - Direct Plan - Growth Option,10-08-2015,33.3264,Axis Mutual Fund,Equity Scheme - ELSS
120503,Axis ELSS Tax Saver Fund - Direct Plan - Growth Option,07-08-2015,33.4199,Axis Mutual Fund,Equity Scheme - ELSS
120503,Axis ELSS Tax Saver Fund - Direct Plan - Growth Option,06-08-2015,33.3743,Axis Mutual Fund,Equity Scheme - ELSS
120503,Axis ELSS Tax Saver Fund - Direct Plan - Growth Option,05-08-2015,33.2522,Axis Mutual Fund,Equity Scheme - ELSS
120503,Axis ELSS Tax Saver Fund - Direct Plan - Growth Option,04-08-2015,32.8123,Axis Mutual Fund,Equity Scheme - ELSS
120503,Axis ELSS Tax Saver Fund - Direct Plan - Growth Option,03-08-2015,32.4681,Axis Mutual Fund,Equity Scheme - ELSS
120503,Axis ELSS Tax Saver Fund - Direct Plan - Growth Option,31-07-2015,32.467,Axis Mutual Fund,Equity Scheme - ELSS
120503,Axis ELSS Tax Saver Fund - Direct Plan - Growth Option,30-07-2015,32.3404,Axis Mutual Fund,Equity Scheme - ELSS
120503,Axis ELSS Tax Saver Fund - Direct Plan - Growth Option,29-07-2015,32.2103,Axis Mutual Fund,Equity Scheme - ELSS
120503,Axis ELSS Tax Saver Fund - Direct Plan - Growth Option,28-07-2015,31.9281,Axis Mutual Fund,Equity Scheme - ELSS
120503,Axis ELSS Tax Saver Fund - Direct Plan - Growth Option,27-07-2015,31.928,Axis Mutual Fund,Equity Scheme - ELSS
120503,Axis ELSS Tax Saver Fund - Direct Plan - Growth Option,24-07-2015,32.3235,Axis Mutual Fund,Equity Scheme - ELSS
120503,Axis ELSS Tax Saver Fund - Direct Plan - Growth Option,23-07-2015,32.3357,Axis Mutual Fund,Equity Scheme - ELSS
120503,Axis ELSS Tax Saver Fund - Direct Plan - Growth Option,22-07-2015,32.4932,Axis Mutual Fund,Equity Scheme - ELSS
120503,Axis ELSS Tax Saver Fund - Direct Plan - Growth Option,21-07-2015,32.3062,Axis Mutual Fund,Equity Scheme - ELSS
120503,Axis ELSS Tax Saver Fund - Direct Plan - Growth Option,20-07-2015,32.8068,Axis Mutual Fund,Equity Scheme - ELSS
120503,Axis ELSS Tax Saver Fund - Direct Plan - Growth Option,17-07-2015,32.7746,Axis Mutual Fund,Equity Scheme - ELSS
120503,Axis ELSS Tax Saver Fund - Direct Plan - Growth Option,16-07-2015,32.751,Axis Mutual Fund,Equity Scheme - ELSS
120503,Axis ELSS Tax Saver Fund - Direct Plan - Growth Option,15-07-2015,32.3862,Axis Mutual Fund,Equity Scheme - ELSS
120503,Axis ELSS Tax Saver Fund - Direct Plan - Growth Option,14-07-2015,32.1318,Axis Mutual Fund,Equity Scheme - ELSS
120503,Axis ELSS Tax Saver Fund - Direct Plan - Growth Option,13-07-2015,32.1829,Axis Mutual Fund,Equity Scheme - ELSS
120503,Axis ELSS Tax Saver Fund - Direct Plan - Growth Option,10-07-2015,31.8118,Axis Mutual Fund,Equity Scheme - ELSS
120503,Axis ELSS Tax Saver Fund - Direct Plan - Growth Option,09-07-2015,31.6663,Axis Mutual Fund,Equity Scheme - ELSS
120503,Axis ELSS Tax Saver Fund - Direct Plan - Growth Option,08-07-2015,31.7819,Axis Mutual Fund,Equity Scheme - ELSS
120503,Axis ELSS Tax Saver Fund - Direct Plan - Growth Option,07-07-2015,32.1924,Axis Mutual Fund,Equity Scheme - ELSS
120503,Axis ELSS Tax Saver Fund - Direct Plan - Growth Option,06-07-2015,32.1055,Axis Mutual Fund,Equity Scheme - ELSS
120503,Axis ELSS Tax Saver Fund - Direct Plan - Growth Option,03-07-2015,32.0196,Axis Mutual Fund,Equity Scheme - ELSS
120503,Axis ELSS Tax Saver Fund - Direct Plan - Growth Option,02-07-2015,32.0166,Axis Mutual Fund,Equity Scheme - ELSS
120503,Axis ELSS Tax Saver Fund - Direct Plan - Growth Option,01-07-2015,31.9387,Axis Mutual Fund,Equity Scheme - ELSS
120503,Axis ELSS Tax Saver Fund - Direct Plan - Growth Option,30-06-2015,31.6504,Axis Mutual Fund,Equity Scheme - ELSS
120503,Axis ELSS Tax Saver Fund - Direct Plan - Growth Option,29-06-2015,31.4268,Axis Mutual Fund,Equity Scheme - ELSS
120503,Axis ELSS Tax Saver Fund - Direct Plan - Growth Option,26-06-2015,31.7973,Axis Mutual Fund,Equity Scheme - ELSS
120503,Axis ELSS Tax Saver Fund - Direct Plan - Growth Option,25-06-2015,31.7998,Axis Mutual Fund,Equity Scheme - ELSS
120503,Axis ELSS Tax Saver Fund - Direct Plan - Growth Option,24-06-2015,31.6101,Axis Mutual Fund,Equity Scheme - ELSS
120503,Axis ELSS Tax Saver Fund - Direct Plan - Growth Option,23-06-2015,31.6685,Axis Mutual Fund,Equity Scheme - ELSS
120503,Axis ELSS Tax Saver Fund - Direct Plan - Growth Option,22-06-2015,31.5446,Axis Mutual Fund,Equity Scheme - ELSS
120503,Axis ELSS Tax Saver Fund - Direct Plan - Growth Option,19-06-2015,31.1488,Axis Mutual Fund,Equity Scheme - ELSS
120503,Axis ELSS Tax Saver Fund - Direct Plan - Growth Option,18-06-2015,31.0028,Axis Mutual Fund,Equity Scheme - ELSS
120503,Axis ELSS Tax Saver Fund - Direct Plan - Growth Option,17-06-2015,30.5807,Axis Mutual Fund,Equity Scheme - ELSS
120503,Axis ELSS Tax Saver Fund - Direct Plan - Growth Option,16-06-2015,30.2884,Axis Mutual Fund,Equity Scheme - ELSS
120503,Axis ELSS Tax Saver Fund - Direct Plan - Growth Option,15-06-2015,30.2065,Axis Mutual Fund,Equity Scheme - ELSS
120503,Axis ELSS Tax Saver Fund - Direct Plan - Growth Option,12-06-2015,30.0924,Axis Mutual Fund,Equity Scheme - ELSS
120503,Axis ELSS Tax Saver Fund - Direct Plan - Growth Option,11-06-2015,30.2249,Axis Mutual Fund,Equity Scheme - ELSS
120503,Axis ELSS Tax Saver Fund - Direct Plan - Growth Option,10-06-2015,30.6897,Axis Mutual Fund,Equity Scheme - ELSS
120503,Axis ELSS Tax Saver Fund - Direct Plan - Growth Option,09-06-2015,30.29,Axis Mutual Fund,Equity Scheme - ELSS
120503,Axis ELSS Tax Saver Fund - Direct Plan - Growth Option,08-06-2015,30.4278,Axis Mutual Fund,Equity Scheme - ELSS
120503,Axis ELSS Tax Saver Fund - Direct Plan - Growth Option,05-06-2015,30.7798,Axis Mutual Fund,Equity Scheme - ELSS
120503,Axis ELSS Tax Saver Fund - Direct Plan - Growth Option,04-06-2015,30.815,Axis Mutual Fund,Equity Scheme - ELSS
120503,Axis ELSS Tax Saver Fund - Direct Plan - Growth Option,03-06-2015,30.7576,Axis Mutual Fund,Equity Scheme - ELSS
120503,Axis ELSS Tax Saver Fund - Direct Plan - Growth Option,02-06-2015,31.1166,Axis Mutual Fund,Equity Scheme - ELSS
120503,Axis ELSS Tax Saver Fund - Direct Plan - Growth Option,01-06-2015,31.6586,Axis Mutual Fund,Equity Scheme - ELSS
120503,Axis ELSS Tax Saver Fund - Direct Plan - Growth Option,29-05-2015,31.8416,Axis Mutual Fund,Equity Scheme - ELSS
120503,Axis ELSS Tax Saver Fund - Direct Plan - Growth Option,28-05-2015,31.3662,Axis Mutual Fund,Equity Scheme - ELSS
120503,Axis ELSS Tax Saver Fund - Direct Plan - Growth Option,27-05-2015,31.4793,Axis Mutual Fund,Equity Scheme - ELSS
120503,Axis ELSS Tax Saver Fund - Direct Plan - Growth Option,26-05-2015,31.7168,Axis Mutual Fund,Equity Scheme - ELSS
120503,Axis ELSS Tax Saver Fund - Direct Plan - Growth Option,25-05-2015,31.9221,Axis Mutual Fund,Equity Scheme - ELSS
120503,Axis ELSS Tax Saver Fund - Direct Plan - Growth Option,22-05-2015,32.0902,Axis Mutual Fund,Equity Scheme - ELSS
120503,Axis ELSS Tax Saver Fund - Direct Plan - Growth Option,21-05-2015,31.9179,Axis Mutual Fund,Equity Scheme - ELSS
120503,Axis ELSS Tax Saver Fund - Direct Plan - Growth Option,20-05-2015,31.865,Axis Mutual Fund,Equity Scheme - ELSS
120503,Axis ELSS Tax Saver Fund - Direct Plan - Growth Option,19-05-2015,31.6987,Axis Mutual Fund,Equity Scheme - ELSS
120503,Axis ELSS Tax Saver Fund - Direct Plan - Growth Option,18-05-2015,31.7115,Axis Mutual Fund,Equity Scheme - ELSS
120503,Axis ELSS Tax Saver Fund - Direct Plan - Growth Option,15-05-2015,31.4703,Axis Mutual Fund,Equity Scheme - ELSS
120503,Axis ELSS Tax Saver Fund - Direct Plan - Growth Option,14-05-2015,31.1969,Axis Mutual Fund,Equity Scheme - ELSS
120503,Axis ELSS Tax Saver Fund - Direct Plan - Growth Option,13-05-2015,31.1284,Axis Mutual Fund,Equity Scheme - ELSS
120503,Axis ELSS Tax Saver Fund - Direct Plan - Growth Option,12-05-2015,30.732,Axis Mutual Fund,Equity Scheme - ELSS
120503,Axis ELSS Tax Saver Fund - Direct Plan - Growth Option,11-05-2015,31.2258,Axis Mutual Fund,Equity Scheme - ELSS
120503,Axis ELSS Tax Saver Fund - Direct Plan - Growth Option,08-05-2015,30.7078,Axis Mutual Fund,Equity Scheme - ELSS
120503,Axis ELSS Tax Saver Fund - Direct Plan - Growth Option,07-05-2015,30.1706,Axis Mutual Fund,Equity Scheme - ELSS
120503,Axis ELSS Tax Saver Fund - Direct Plan - Growth Option,06-05-2015,30.494,Axis Mutual Fund,Equity Scheme - ELSS
120503,Axis ELSS Tax Saver Fund - Direct Plan - Growth Option,05-05-2015,31.3228,Axis Mutual Fund,Equity Scheme - ELSS
120503,Axis ELSS Tax Saver Fund - Direct Plan - Growth Option,04-05-2015,31.2359,Axis Mutual Fund,Equity Scheme - ELSS
120503,Axis ELSS Tax Saver Fund - Direct Plan - Growth Option,30-04-2015,30.8966,Axis Mutual Fund,Equity Scheme - ELSS
120503,Axis ELSS Tax Saver Fund - Direct Plan - Growth Option,29-04-2015,30.829,Axis Mutual Fund,Equity Scheme - ELSS
120503,Axis ELSS Tax Saver Fund - Direct Plan - Growth Option,28-04-2015,30.6372,Axis Mutual Fund,Equity Scheme - ELSS
120503,Axis ELSS Tax Saver Fund - Direct Plan - Growth Option,27-04-2015,30.3803,Axis Mutual Fund,Equity Scheme - ELSS
120503,Axis ELSS Tax Saver Fund - Direct Plan - Growth Option,24-04-2015,30.8648,Axis Mutual Fund,Equity Scheme - ELSS
120503,Axis ELSS Tax Saver Fund - Direct Plan - Growth Option,23-04-2015,31.4737,Axis Mutual Fund,Equity Scheme - ELSS
120503,Axis ELSS Tax Saver Fund - Direct Plan - Growth Option,22-04-2015,31.5142,Axis Mutual Fund,Equity Scheme - ELSS
120503,Axis ELSS Tax Saver Fund - Direct Plan - Growth Option,21-04-2015,31.5093,Axis Mutual Fund,Equity Scheme - ELSS
120503,Axis ELSS Tax Saver Fund - Direct Plan - Growth Option,20-04-2015,31.8738,Axis Mutual Fund,Equity Scheme - ELSS
120503,Axis ELSS Tax Saver Fund - Direct Plan - Growth Option,17-04-2015,32.3058,Axis Mutual Fund,Equity Scheme - ELSS
120503,Axis ELSS Tax Saver Fund - Direct Plan - Growth Option,16-04-2015,32.8264,Axis Mutual Fund,Equity Scheme - ELSS
120503,Axis ELSS Tax Saver Fund - Direct Plan - Growth Option,15-04-2015,33.0515,Axis Mutual Fund,Equity Scheme - ELSS
120503,Axis ELSS Tax Saver Fund - Direct Plan - Growth Option,13-04-2015,33.2823,Axis Mutual Fund,Equity Scheme - ELSS
120503,Axis ELSS Tax Saver Fund - Direct Plan - Growth Option,10-04-2015,33.136,Axis Mutual Fund,Equity Scheme - ELSS
120503,Axis ELSS Tax Saver Fund - Direct Plan - Growth Option,09-04-2015,33.1982,Axis Mutual Fund,Equity Scheme - ELSS
120503,Axis ELSS Tax Saver Fund - Direct Plan - Growth Option,08-04-2015,32.9273,Axis Mutual Fund,Equity Scheme - ELSS
120503,Axis ELSS Tax Saver Fund - Direct Plan - Growth Option,07-04-2015,32.6857,Axis Mutual Fund,Equity Scheme - ELSS
120503,Axis ELSS Tax Saver Fund - Direct Plan - Growth Option,06-04-2015,32.6869,Axis Mutual Fund,Equity Scheme - ELSS
120503,Axis ELSS Tax Saver Fund - Direct Plan - Growth Option,01-04-2015,32.3301,Axis Mutual Fund,Equity Scheme - ELSS
120503,Axis ELSS Tax Saver Fund - Direct Plan - Growth Option,31-03-2015,31.9463,Axis Mutual Fund,Equity Scheme - ELSS
120503,Axis ELSS Tax Saver Fund - Direct Plan - Growth Option,30-03-2015,31.906,Axis Mutual Fund,Equity Scheme - ELSS
120503,Axis ELSS Tax Saver Fund - Direct Plan - Growth Option,27-03-2015,31.4144,Axis Mutual Fund,Equity Scheme - ELSS
120503,Axis ELSS Tax Saver Fund - Direct Plan - Growth Option,26-03-2015,31.3885,Axis Mutual Fund,Equity Scheme - ELSS
120503,Axis ELSS Tax Saver Fund - Direct Plan - Growth Option,25-03-2015,31.8863,Axis Mutual Fund,Equity Scheme - ELSS
120503,Axis ELSS Tax Saver Fund - Direct Plan - Growth Option,24-03-2015,32.1688,Axis Mutual Fund,Equity Scheme - ELSS
120503,Axis ELSS Tax Saver Fund - Direct Plan - Growth Option,23-03-2015,32.2228,Axis Mutual Fund,Equity Scheme - ELSS
120503,Axis ELSS Tax Saver Fund - Direct Plan - Growth Option,20-03-2015,32.3691,Axis Mutual Fund,Equity Scheme - ELSS
120503,Axis ELSS Tax Saver Fund - Direct Plan - Growth Option,19-03-2015,32.4866,Axis Mutual Fund,Equity Scheme - ELSS
120503,Axis ELSS Tax Saver Fund - Direct Plan - Growth Option,18-03-2015,32.5553,Axis Mutual Fund,Equity Scheme - ELSS
120503,Axis ELSS Tax Saver Fund - Direct Plan - Growth Option,17-03-2015,32.5896,Axis Mutual Fund,Equity Scheme - ELSS
120503,Axis ELSS Tax Saver Fund - Direct Plan - Growth Option,16-03-2015,32.2082,Axis Mutual Fund,Equity Scheme - ELSS
120503,Axis ELSS Tax Saver Fund - Direct Plan - Growth Option,13-03-2015,32.3025,Axis Mutual Fund,Equity Scheme - ELSS
120503,Axis ELSS Tax Saver Fund - Direct Plan - Growth Option,12-03-2015,32.6953,Axis Mutual Fund,Equity Scheme - ELSS
120503,Axis ELSS Tax Saver Fund - Direct Plan - Growth Option,11-03-2015,32.4226,Axis Mutual Fund,Equity Scheme - ELSS
120503,Axis ELSS Tax Saver Fund - Direct Plan - Growth Option,10-03-2015,32.4392,Axis Mutual Fund,Equity Scheme - ELSS
120503,Axis ELSS Tax Saver Fund - Direct Plan - Growth Option,09-03-2015,32.6533,Axis Mutual Fund,Equity Scheme - ELSS
120503,Axis ELSS Tax Saver Fund - Direct Plan - Growth Option,05-03-2015,33.0907,Axis Mutual Fund,Equity Scheme - ELSS
120503,Axis ELSS Tax Saver Fund - Direct Plan - Growth Option,04-03-2015,32.6889,Axis Mutual Fund,Equity Scheme - ELSS
120503,Axis ELSS Tax Saver Fund - Direct Plan - Growth Option,03-03-2015,32.7511,Axis Mutual Fund,Equity Scheme - ELSS
120503,Axis ELSS Tax Saver Fund - Direct Plan - Growth Option,02-03-2015,32.332,Axis Mutual Fund,Equity Scheme - ELSS
120503,Axis ELSS Tax Saver Fund - Direct Plan - Growth Option,27-02-2015,31.61,Axis Mutual Fund,Equity Scheme - ELSS
120503,Axis ELSS Tax Saver Fund - Direct Plan - Growth Option,26-02-2015,31.1419,Axis Mutual Fund,Equity Scheme - ELSS
120503,Axis ELSS Tax Saver Fund - Direct Plan - Growth Option,25-02-2015,31.5283,Axis Mutual Fund,Equity Scheme - ELSS
120503,Axis ELSS Tax Saver Fund - Direct Plan - Growth Option,24-02-2015,31.6726,Axis Mutual Fund,Equity Scheme - ELSS
120503,Axis ELSS Tax Saver Fund - Direct Plan - Growth Option,23-02-2015,31.6449,Axis Mutual Fund,Equity Scheme - ELSS
120503,Axis ELSS Tax Saver Fund - Direct Plan - Growth Option,20-02-2015,31.7886,Axis Mutual Fund,Equity Scheme - ELSS
120503,Axis ELSS Tax Saver Fund - Direct Plan - Growth Option,19-02-2015,31.9522,Axis Mutual Fund,Equity Scheme - ELSS
120503,Axis ELSS Tax Saver Fund - Direct Plan - Growth Option,18-02-2015,31.8978,Axis Mutual Fund,Equity Scheme - ELSS
120503,Axis ELSS Tax Saver Fund - Direct Plan - Growth Option,16-02-2015,31.4458,Axis Mutual Fund,Equity Scheme - ELSS
120503,Axis ELSS Tax Saver Fund - Direct Plan - Growth Option,13-02-2015,31.418,Axis Mutual Fund,Equity Scheme - ELSS
120503,Axis ELSS Tax Saver Fund - Direct Plan - Growth Option,12-02-2015,31.1078,Axis Mutual Fund,Equity Scheme - ELSS
120503,Axis ELSS Tax Saver Fund - Direct Plan - Growth Option,11-02-2015,30.7771,Axis Mutual Fund,Equity Scheme - ELSS
120503,Axis ELSS Tax Saver Fund - Direct Plan - Growth Option,10-02-2015,30.3335,Axis Mutual Fund,Equity Scheme - ELSS
120503,Axis ELSS Tax Saver Fund - Direct Plan - Growth Option,09-02-2015,30.2365,Axis Mutual Fund,Equity Scheme - ELSS
120503,Axis ELSS Tax Saver Fund - Direct Plan - Growth Option,06-02-2015,30.5713,Axis Mutual Fund,Equity Scheme - ELSS
120503,Axis ELSS Tax Saver Fund - Direct Plan - Growth Option,05-02-2015,30.8805,Axis Mutual Fund,Equity Scheme - ELSS
120503,Axis ELSS Tax Saver Fund - Direct Plan - Growth Option,04-02-2015,30.8819,Axis Mutual Fund,Equity Scheme - ELSS
120503,Axis ELSS Tax Saver Fund - Direct Plan - Growth Option,03-02-2015,31.1223,Axis Mutual Fund,Equity Scheme - ELSS
120503,Axis ELSS Tax Saver Fund - Direct Plan - Growth Option,02-02-2015,31.3209,Axis Mutual Fund,Equity Scheme - ELSS
120503,Axis ELSS Tax Saver Fund - Direct Plan - Growth Option,30-01-2015,31.2553,Axis Mutual Fund,Equity Scheme - ELSS
120503,Axis ELSS Tax Saver Fund - Direct Plan - Growth Option,29-01-2015,31.5677,Axis Mutual Fund,Equity Scheme - ELSS
120503,Axis ELSS Tax Saver Fund - Direct Plan - Growth Option,28-01-2015,31.6708,Axis Mutual Fund,Equity Scheme - ELSS
120503,Axis ELSS Tax Saver Fund - Direct Plan - Growth Option,27-01-2015,31.7096,Axis Mutual Fund,Equity Scheme - ELSS
120503,Axis ELSS Tax Saver Fund - Direct Plan - Growth Option,23-01-2015,31.2909,Axis Mutual Fund,Equity Scheme - ELSS
120503,Axis ELSS Tax Saver Fund - Direct Plan - Growth Option,22-01-2015,31.1537,Axis Mutual Fund,Equity Scheme - ELSS
120503,Axis ELSS Tax Saver Fund - Direct Plan - Growth Option,21-01-2015,31.1253,Axis Mutual Fund,Equity Scheme - ELSS
120503,Axis ELSS Tax Saver Fund - Direct Plan - Growth Option,20-01-2015,31.0859,Axis Mutual Fund,Equity Scheme - ELSS
120503,Axis ELSS Tax Saver Fund - Direct Plan - Growth Option,19-01-2015,30.9549,Axis Mutual Fund,Equity Scheme - ELSS
120503,Axis ELSS Tax Saver Fund - Direct Plan - Growth Option,16-01-2015,30.8147,Axis Mutual Fund,Equity Scheme - ELSS
120503,Axis ELSS Tax Saver Fund - Direct Plan - Growth Option,15-01-2015,30.6178,Axis Mutual Fund,Equity Scheme - ELSS
120503,Axis ELSS Tax Saver Fund - Direct Plan - Growth Option,14-01-2015,30.1817,Axis Mutual Fund,Equity Scheme - ELSS
120503,Axis ELSS Tax Saver Fund - Direct Plan - Growth Option,13-01-2015,30.0581,Axis Mutual Fund,Equity Scheme - ELSS
120503,Axis ELSS Tax Saver Fund - Direct Plan - Growth Option,12-01-2015,30.0342,Axis Mutual Fund,Equity Scheme - ELSS
120503,Axis ELSS Tax Saver Fund - Direct Plan - Growth Option,09-01-2015,29.8206,Axis Mutual Fund,Equity Scheme - ELSS
120503,Axis ELSS Tax Saver Fund - Direct Plan - Growth Option,08-01-2015,29.7028,Axis Mutual Fund,Equity Scheme - ELSS
120503,Axis ELSS Tax Saver Fund - Direct Plan - Growth Option,07-01-2015,29.2748,Axis Mutual Fund,Equity Scheme - ELSS
120503,Axis ELSS Tax Saver Fund - Direct Plan - Growth Option,06-01-2015,29.2677,Axis Mutual Fund,Equity Scheme - ELSS
120503,Axis ELSS Tax Saver Fund - Direct Plan - Growth Option,05-01-2015,29.9841,Axis Mutual Fund,Equity Scheme - ELSS
120503,Axis ELSS Tax Saver Fund - Direct Plan - Growth Option,02-01-2015,29.9872,Axis Mutual Fund,Equity Scheme - ELSS
120503,Axis ELSS Tax Saver Fund - Direct Plan - Growth Option,01-01-2015,29.5761,Axis Mutual Fund,Equity Scheme - ELSS
120503,Axis ELSS Tax Saver Fund - Direct Plan - Growth Option,31-12-2014,29.4276,Axis Mutual Fund,Equity Scheme - ELSS
120503,Axis ELSS Tax Saver Fund - Direct Plan - Growth Option,30-12-2014,29.1987,Axis Mutual Fund,Equity Scheme - ELSS
120503,Axis ELSS Tax Saver Fund - Direct Plan - Growth Option,29-12-2014,29.0845,Axis Mutual Fund,Equity Scheme - ELSS
120503,Axis ELSS Tax Saver Fund - Direct Plan - Growth Option,26-12-2014,28.8359,Axis Mutual Fund,Equity Scheme - ELSS
120503,Axis ELSS Tax Saver Fund - Direct Plan - Growth Option,24-12-2014,28.7047,Axis Mutual Fund,Equity Scheme - ELSS
120503,Axis ELSS Tax Saver Fund - Direct Plan - Growth Option,23-12-2014,28.9268,Axis Mutual Fund,Equity Scheme - ELSS
120503,Axis ELSS Tax Saver Fund - Direct Plan - Growth Option,22-12-2014,29.0177,Axis Mutual Fund,Equity Scheme - ELSS
120503,Axis ELSS Tax Saver Fund - Direct Plan - Growth Option,19-12-2014,28.794,Axis Mutual Fund,Equity Scheme - ELSS
120503,Axis ELSS Tax Saver Fund - Direct Plan - Growth Option,18-12-2014,28.6529,Axis Mutual Fund,Equity Scheme - ELSS
120503,Axis ELSS Tax Saver Fund - Direct Plan - Growth Option,17-12-2014,27.9985,Axis Mutual Fund,Equity Scheme - ELSS
120503,Axis ELSS Tax Saver Fund - Direct Plan - Growth Option,16-12-2014,28.1571,Axis Mutual Fund,Equity Scheme - ELSS
120503,Axis ELSS Tax Saver Fund - Direct Plan - Growth Option,15-12-2014,28.6602,Axis Mutual Fund,Equity Scheme - ELSS
120503,Axis ELSS Tax Saver Fund - Direct Plan - Growth Option,12-12-2014,28.6958,Axis Mutual Fund,Equity Scheme - ELSS
120503,Axis ELSS Tax Saver Fund - Direct Plan - Growth Option,11-12-2014,28.9082,Axis Mutual Fund,Equity Scheme - ELSS
120503,Axis ELSS Tax Saver Fund - Direct Plan - Growth Option,10-12-2014,28.8866,Axis Mutual Fund,Equity Scheme - ELSS
120503,Axis ELSS Tax Saver Fund - Direct Plan - Growth Option,09-12-2014,28.8865,Axis Mutual Fund,Equity Scheme - ELSS
120503,Axis ELSS Tax Saver Fund - Direct Plan - Growth Option,08-12-2014,29.1879,Axis Mutual Fund,Equity Scheme - ELSS
120503,Axis ELSS Tax Saver Fund - Direct Plan - Growth Option,05-12-2014,29.3389,Axis Mutual Fund,Equity Scheme - ELSS
120503,Axis ELSS Tax Saver Fund - Direct Plan - Growth Option,04-12-2014,29.3911,Axis Mutual Fund,Equity Scheme - ELSS
120503,Axis ELSS Tax Saver Fund - Direct Plan - Growth Option,03-12-2014,29.2435,Axis Mutual Fund,Equity Scheme - ELSS
120503,Axis ELSS Tax Saver Fund - Direct Plan - Growth Option,02-12-2014,29.0315,Axis Mutual Fund,Equity Scheme - ELSS
120503,Axis ELSS Tax Saver Fund - Direct Plan - Growth Option,01-12-2014,28.983,Axis Mutual Fund,Equity Scheme - ELSS
120503,Axis ELSS Tax Saver Fund - Direct Plan - Growth Option,28-11-2014,29.0311,Axis Mutual Fund,Equity Scheme - ELSS
120503,Axis ELSS Tax Saver Fund - Direct Plan - Growth Option,27-11-2014,28.7032,Axis Mutual Fund,Equity Scheme - ELSS
120503,Axis ELSS Tax Saver Fund - Direct Plan - Growth Option,26-11-2014,28.7161,Axis Mutual Fund,Equity Scheme - ELSS
120503,Axis ELSS Tax Saver Fund - Direct Plan - Growth Option,25-11-2014,28.7035,Axis Mutual Fund,Equity Scheme - ELSS
120503,Axis ELSS Tax Saver Fund - Direct Plan - Growth Option,24-11-2014,29.0243,Axis Mutual Fund,Equity Scheme - ELSS
120503,Axis ELSS Tax Saver Fund - Direct Plan - Growth Option,21-11-2014,28.9801,Axis Mutual Fund,Equity Scheme - ELSS
120503,Axis ELSS Tax Saver Fund - Direct Plan - Growth Option,20-11-2014,28.8198,Axis Mutual Fund,Equity Scheme - ELSS
120503,Axis ELSS Tax Saver Fund - Direct Plan - Growth Option,19-11-2014,28.7373,Axis Mutual Fund,Equity Scheme - ELSS
120503,Axis ELSS Tax Saver Fund - Direct Plan - Growth Option,18-11-2014,28.71,Axis Mutual Fund,Equity Scheme - ELSS
120503,Axis ELSS Tax Saver Fund - Direct Plan - Growth Option,17-11-2014,28.6139,Axis Mutual Fund,Equity Scheme - ELSS
120503,Axis ELSS Tax Saver Fund - Direct Plan - Growth Option,14-11-2014,28.4932,Axis Mutual Fund,Equity Scheme - ELSS
120503,Axis ELSS Tax Saver Fund - Direct Plan - Growth Option,13-11-2014,28.3492,Axis Mutual Fund,Equity Scheme - ELSS
120503,Axis ELSS Tax Saver Fund - Direct Plan - Growth Option,12-11-2014,28.3193,Axis Mutual Fund,Equity Scheme - ELSS
120503,Axis ELSS Tax Saver Fund - Direct Plan - Growth Option,11-11-2014,28.2391,Axis Mutual Fund,Equity Scheme - ELSS
120503,Axis ELSS Tax Saver Fund - Direct Plan - Growth Option,10-11-2014,28.0042,Axis Mutual Fund,Equity Scheme - ELSS
120503,Axis ELSS Tax Saver Fund - Direct Plan - Growth Option,07-11-2014,28.0049,Axis Mutual Fund,Equity Scheme - ELSS
120503,Axis ELSS Tax Saver Fund - Direct Plan - Growth Option,05-11-2014,27.8847,Axis Mutual Fund,Equity Scheme - ELSS
120503,Axis ELSS Tax Saver Fund - Direct Plan - Growth Option,03-11-2014,27.7722,Axis Mutual Fund,Equity Scheme - ELSS
120503,Axis ELSS Tax Saver Fund - Direct Plan - Growth Option,31-10-2014,27.7075,Axis Mutual Fund,Equity Scheme - ELSS
120503,Axis ELSS Tax Saver Fund - Direct Plan - Growth Option,30-10-2014,27.2917,Axis Mutual Fund,Equity Scheme - ELSS
120503,Axis ELSS Tax Saver Fund - Direct Plan - Growth Option,29-10-2014,27.0544,Axis Mutual Fund,Equity Scheme - ELSS
120503,Axis ELSS Tax Saver Fund - Direct Plan - Growth Option,28-10-2014,26.971,Axis Mutual Fund,Equity Scheme - ELSS
120503,Axis ELSS Tax Saver Fund - Direct Plan - Growth Option,27-10-2014,26.8094,Axis Mutual Fund,Equity Scheme - ELSS
120503,Axis ELSS Tax Saver Fund - Direct Plan - Growth Option,22-10-2014,26.5601,Axis Mutual Fund,Equity Scheme - ELSS
120503,Axis ELSS Tax Saver Fund - Direct Plan - Growth Option,21-10-2014,26.2067,Axis Mutual Fund,Equity Scheme - ELSS
120503,Axis ELSS Tax Saver Fund - Direct Plan - Growth Option,20-10-2014,25.9058,Axis Mutual Fund,Equity Scheme - ELSS
120503,Axis ELSS Tax Saver Fund - Direct Plan - Growth Option,17-10-2014,25.5407,Axis Mutual Fund,Equity Scheme - ELSS
120503,Axis ELSS Tax Saver Fund - Direct Plan - Growth Option,16-10-2014,25.544,Axis Mutual Fund,Equity Scheme - ELSS
120503,Axis ELSS Tax Saver Fund - Direct Plan - Growth Option,14-10-2014,26.0296,Axis Mutual Fund,Equity Scheme - ELSS
120503,Axis ELSS Tax Saver Fund - Direct Plan - Growth Option,13-10-2014,26.1395,Axis Mutual Fund,Equity Scheme - ELSS
120503,Axis ELSS Tax Saver Fund - Direct Plan - Growth Option,10-10-2014,25.9356,Axis Mutual Fund,Equity Scheme - ELSS
120503,Axis ELSS Tax Saver Fund - Direct Plan - Growth Option,09-10-2014,26.3647,Axis Mutual Fund,Equity Scheme - ELSS
120503,Axis ELSS Tax Saver Fund - Direct Plan - Growth Option,08-10-2014,26.0109,Axis Mutual Fund,Equity Scheme - ELSS
120503,Axis ELSS Tax Saver Fund - Direct Plan - Growth Option,07-10-2014,26.1357,Axis Mutual Fund,Equity Scheme - ELSS
120503,Axis ELSS Tax Saver Fund - Direct Plan - Growth Option,01-10-2014,26.4262,Axis Mutual Fund,Equity Scheme - ELSS
120503,Axis ELSS Tax Saver Fund - Direct Plan - Growth Option,30-09-2014,26.5027,Axis Mutual Fund,Equity Scheme - ELSS
120503,Axis ELSS Tax Saver Fund - Direct Plan - Growth Option,29-09-2014,26.3527,Axis Mutual Fund,Equity Scheme - ELSS
120503,Axis ELSS Tax Saver Fund - Direct Plan - Growth Option,26-09-2014,26.1973,Axis Mutual Fund,Equity Scheme - ELSS
120503,Axis ELSS Tax Saver Fund - Direct Plan - Growth Option,25-09-2014,26.0441,Axis Mutual Fund,Equity Scheme - ELSS
120503,Axis ELSS Tax Saver Fund - Direct Plan - Growth Option,24-09-2014,26.3201,Axis Mutual Fund,Equity Scheme - ELSS
120503,Axis ELSS Tax Saver Fund - Direct Plan - Growth Option,23-09-2014,26.4886,Axis Mutual Fund,Equity Scheme - ELSS
120503,Axis ELSS Tax Saver Fund - Direct Plan - Growth Option,22-09-2014,26.8572,Axis Mutual Fund,Equity Scheme - ELSS
120503,Axis ELSS Tax Saver Fund - Direct Plan - Growth Option,19-09-2014,26.9457,Axis Mutual Fund,Equity Scheme - ELSS
120503,Axis ELSS Tax Saver Fund - Direct Plan - Growth Option,18-09-2014,26.7414,Axis Mutual Fund,Equity Scheme - ELSS
120503,Axis ELSS Tax Saver Fund - Direct Plan - Growth Option,17-09-2014,26.304,Axis Mutual Fund,Equity Scheme - ELSS
120503,Axis ELSS Tax Saver Fund - Direct Plan - Growth Option,16-09-2014,26.2875,Axis Mutual Fund,Equity Scheme - ELSS
120503,Axis ELSS Tax Saver Fund - Direct Plan - Growth Option,15-09-2014,26.9339,Axis Mutual Fund,Equity Scheme - ELSS
120503,Axis ELSS Tax Saver Fund - Direct Plan - Growth Option,12-09-2014,27.0259,Axis Mutual Fund,Equity Scheme - ELSS
120503,Axis ELSS Tax Saver Fund - Direct Plan - Growth Option,11-09-2014,26.9513,Axis Mutual Fund,Equity Scheme - ELSS
120503,Axis ELSS Tax Saver Fund - Direct Plan - Growth Option,10-09-2014,26.6955,Axis Mutual Fund,Equity Scheme - ELSS
120503,Axis ELSS Tax Saver Fund - Direct Plan - Growth Option,09-09-2014,26.7198,Axis Mutual Fund,Equity Scheme - ELSS
120503,Axis ELSS Tax Saver Fund - Direct Plan - Growth Option,08-09-2014,26.6756,Axis Mutual Fund,Equity Scheme - ELSS
120503,Axis ELSS Tax Saver Fund - Direct Plan - Growth Option,05-09-2014,26.3654,Axis Mutual Fund,Equity Scheme - ELSS
120503,Axis ELSS Tax Saver Fund - Direct Plan - Growth Option,04-09-2014,26.3266,Axis Mutual Fund,Equity Scheme - ELSS
120503,Axis ELSS Tax Saver Fund - Direct Plan - Growth Option,03-09-2014,26.2996,Axis Mutual Fund,Equity Scheme - ELSS
120503,Axis ELSS Tax Saver Fund - Direct Plan - Growth Option,02-09-2014,26.1127,Axis Mutual Fund,Equity Scheme - ELSS
120503,Axis ELSS Tax Saver Fund - Direct Plan - Growth Option,01-09-2014,25.8567,Axis Mutual Fund,Equity Scheme - ELSS
120503,Axis ELSS Tax Saver Fund - Direct Plan - Growth Option,28-08-2014,25.6427,Axis Mutual Fund,Equity Scheme - ELSS
120503,Axis ELSS Tax Saver Fund - Direct Plan - Growth Option,27-08-2014,25.6423,Axis Mutual Fund,Equity Scheme - ELSS
120503,Axis ELSS Tax Saver Fund - Direct Plan - Growth Option,26-08-2014,25.4898,Axis Mutual Fund,Equity Scheme - ELSS
120503,Axis ELSS Tax Saver Fund - Direct Plan - Growth Option,25-08-2014,25.5033,Axis Mutual Fund,Equity Scheme - ELSS
120503,Axis ELSS Tax Saver Fund - Direct Plan - Growth Option,22-08-2014,25.3697,Axis Mutual Fund,Equity Scheme - ELSS
120503,Axis ELSS Tax Saver Fund - Direct Plan - Growth Option,21-08-2014,25.2649,Axis Mutual Fund,Equity Scheme - ELSS
120503,Axis ELSS Tax Saver Fund - Direct Plan - Growth Option,20-08-2014,25.1107,Axis Mutual Fund,Equity Scheme - ELSS
120503,Axis ELSS Tax Saver Fund - Direct Plan - Growth Option,19-08-2014,25.0309,Axis Mutual Fund,Equity Scheme - ELSS
120503,Axis ELSS Tax Saver Fund - Direct Plan - Growth Option,18-08-2014,24.7553,Axis Mutual Fund,Equity Scheme - ELSS
120503,Axis ELSS Tax Saver Fund - Direct Plan - Growth Option,14-08-2014,24.5198,Axis Mutual Fund,Equity Scheme - ELSS
120503,Axis ELSS Tax Saver Fund - Direct Plan - Growth Option,13-08-2014,24.3864,Axis Mutual Fund,Equity Scheme - ELSS
120503,Axis ELSS Tax Saver Fund - Direct Plan - Growth Option,12-08-2014,24.3387,Axis Mutual Fund,Equity Scheme - ELSS
120503,Axis ELSS Tax Saver Fund - Direct Plan - Growth Option,11-08-2014,24.0808,Axis Mutual Fund,Equity Scheme - ELSS
120503,Axis ELSS Tax Saver Fund - Direct Plan - Growth Option,08-08-2014,23.8891,Axis Mutual Fund,Equity Scheme - ELSS
120503,Axis ELSS Tax Saver Fund - Direct Plan - Growth Option,07-08-2014,24.1782,Axis Mutual Fund,Equity Scheme - ELSS
120503,Axis ELSS Tax Saver Fund - Direct Plan - Growth Option,06-08-2014,24.2479,Axis Mutual Fund,Equity Scheme - ELSS
120503,Axis ELSS Tax Saver Fund - Direct Plan - Growth Option,05-08-2014,24.3007,Axis Mutual Fund,Equity Scheme - ELSS
120503,Axis ELSS Tax Saver Fund - Direct Plan - Growth Option,04-08-2014,24.1119,Axis Mutual Fund,Equity Scheme - ELSS
120503,Axis ELSS Tax Saver Fund - Direct Plan - Growth Option,01-08-2014,23.9306,Axis Mutual Fund,Equity Scheme - ELSS
120503,Axis ELSS Tax Saver Fund - Direct Plan - Growth Option,31-07-2014,24.3442,Axis Mutual Fund,Equity Scheme - ELSS
120503,Axis ELSS Tax Saver Fund - Direct Plan - Growth Option,30-07-2014,24.4922,Axis Mutual Fund,Equity Scheme - ELSS
120503,Axis ELSS Tax Saver Fund - Direct Plan - Growth Option,28-07-2014,24.379,Axis Mutual Fund,Equity Scheme - ELSS
120503,Axis ELSS Tax Saver Fund - Direct Plan - Growth Option,25-07-2014,24.4078,Axis Mutual Fund,Equity Scheme - ELSS
120503,Axis ELSS Tax Saver Fund - Direct Plan - Growth Option,24-07-2014,24.3907,Axis Mutual Fund,Equity Scheme - ELSS
120503,Axis ELSS Tax Saver Fund - Direct Plan - Growth Option,23-07-2014,24.3382,Axis Mutual Fund,Equity Scheme - ELSS
120503,Axis ELSS Tax Saver Fund - Direct Plan - Growth Option,22-07-2014,24.4144,Axis Mutual Fund,Equity Scheme - ELSS
120503,Axis ELSS Tax Saver Fund - Direct Plan - Growth Option,21-07-2014,24.3276,Axis Mutual Fund,Equity Scheme - ELSS
120503,Axis ELSS Tax Saver Fund - Direct Plan - Growth Option,18-07-2014,24.2664,Axis Mutual Fund,Equity Scheme - ELSS
120503,Axis ELSS Tax Saver Fund - Direct Plan - Growth Option,17-07-2014,24.2263,Axis Mutual Fund,Equity Scheme - ELSS
120503,Axis ELSS Tax Saver Fund - Direct Plan - Growth Option,16-07-2014,23.901,Axis Mutual Fund,Equity Scheme - ELSS
120503,Axis ELSS Tax Saver Fund - Direct Plan - Growth Option,15-07-2014,23.6,Axis Mutual Fund,Equity Scheme - ELSS
120503,Axis ELSS Tax Saver Fund - Direct Plan - Growth Option,14-07-2014,23.2051,Axis Mutual Fund,Equity Scheme - ELSS
120503,Axis ELSS Tax Saver Fund - Direct Plan - Growth Option,11-07-2014,23.2346,Axis Mutual Fund,Equity Scheme - ELSS
120503,Axis ELSS Tax Saver Fund - Direct Plan - Growth Option,10-07-2014,23.5146,Axis Mutual Fund,Equity Scheme - ELSS
120503,Axis ELSS Tax Saver Fund - Direct Plan - Growth Option,09-07-2014,23.4313,Axis Mutual Fund,Equity Scheme - ELSS
120503,Axis ELSS Tax Saver Fund - Direct Plan - Growth Option,08-07-2014,23.7186,Axis Mutual Fund,Equity Scheme - ELSS
120503,Axis ELSS Tax Saver Fund - Direct Plan - Growth Option,07-07-2014,24.275,Axis Mutual Fund,Equity Scheme - ELSS
120503,Axis ELSS Tax Saver Fund - Direct Plan - Growth Option,04-07-2014,24.2967,Axis Mutual Fund,Equity Scheme - ELSS
120503,Axis ELSS Tax Saver Fund - Direct Plan - Growth Option,03-07-2014,24.1979,Axis Mutual Fund,Equity Scheme - ELSS
120503,Axis ELSS Tax Saver Fund - Direct Plan - Growth Option,02-07-2014,24.016,Axis Mutual Fund,Equity Scheme - ELSS
120503,Axis ELSS Tax Saver Fund - Direct Plan - Growth Option,01-07-2014,23.6544,Axis Mutual Fund,Equity Scheme - ELSS
120503,Axis ELSS Tax Saver Fund - Direct Plan - Growth Option,30-06-2014,23.4051,Axis Mutual Fund,Equity Scheme - ELSS
120503,Axis ELSS Tax Saver Fund - Direct Plan - Growth Option,27-06-2014,23.056,Axis Mutual Fund,Equity Scheme - ELSS
120503,Axis ELSS Tax Saver Fund - Direct Plan - Growth Option,26-06-2014,22.8592,Axis Mutual Fund,Equity Scheme - ELSS
120503,Axis ELSS Tax Saver Fund - Direct Plan - Growth Option,25-06-2014,22.8644,Axis Mutual Fund,Equity Scheme - ELSS
120503,Axis ELSS Tax Saver Fund - Direct Plan - Growth Option,24-06-2014,22.868,Axis Mutual Fund,Equity Scheme - ELSS
120503,Axis ELSS Tax Saver Fund - Direct Plan - Growth Option,23-06-2014,22.735,Axis Mutual Fund,Equity Scheme - ELSS
120503,Axis ELSS Tax Saver Fund - Direct Plan - Growth Option,20-06-2014,22.712,Axis Mutual Fund,Equity Scheme - ELSS
120503,Axis ELSS Tax Saver Fund - Direct Plan - Growth Option,19-06-2014,22.8413,Axis Mutual Fund,Equity Scheme - ELSS
120503,Axis ELSS Tax Saver Fund - Direct Plan - Growth Option,18-06-2014,22.9573,Axis Mutual Fund,Equity Scheme - ELSS
120503,Axis ELSS Tax Saver Fund - Direct Plan - Growth Option,17-06-2014,22.962,Axis Mutual Fund,Equity Scheme - ELSS
120503,Axis ELSS Tax Saver Fund - Direct Plan - Growth Option,16-06-2014,22.6519,Axis Mutual Fund,Equity Scheme - ELSS
120503,Axis ELSS Tax Saver Fund - Direct Plan - Growth Option,13-06-2014,22.6572,Axis Mutual Fund,Equity Scheme - ELSS
120503,Axis ELSS Tax Saver Fund - Direct Plan - Growth Option,12-06-2014,22.9122,Axis Mutual Fund,Equity Scheme - ELSS
120503,Axis ELSS Tax Saver Fund - Direct Plan - Growth Option,11-06-2014,22.7528,Axis Mutual Fund,Equity Scheme - ELSS
120503,Axis ELSS Tax Saver Fund - Direct Plan - Growth Option,10-06-2014,22.9365,Axis Mutual Fund,Equity Scheme - ELSS
120503,Axis ELSS Tax Saver Fund - Direct Plan - Growth Option,09-06-2014,22.7465,Axis Mutual Fund,Equity Scheme - ELSS
120503,Axis ELSS Tax Saver Fund - Direct Plan - Growth Option,06-06-2014,22.532,Axis Mutual Fund,Equity Scheme - ELSS
120503,Axis ELSS Tax Saver Fund - Direct Plan - Growth Option,05-06-2014,22.3183,Axis Mutual Fund,Equity Scheme - ELSS
120503,Axis ELSS Tax Saver Fund - Direct Plan - Growth Option,04-06-2014,22.2,Axis Mutual Fund,Equity Scheme - ELSS
120503,Axis ELSS Tax Saver Fund - Direct Plan - Growth Option,03-06-2014,22.1067,Axis Mutual Fund,Equity Scheme - ELSS
120503,Axis ELSS Tax Saver Fund - Direct Plan - Growth Option,02-06-2014,21.9387,Axis Mutual Fund,Equity Scheme - ELSS
120503,Axis ELSS Tax Saver Fund - Direct Plan - Growth Option,30-05-2014,21.5867,Axis Mutual Fund,Equity Scheme - ELSS
120503,Axis ELSS Tax Saver Fund - Direct Plan - Growth Option,29-05-2014,21.443,Axis Mutual Fund,Equity Scheme - ELSS
120503,Axis ELSS Tax Saver Fund - Direct Plan - Growth Option,28-05-2014,21.5662,Axis Mutual Fund,Equity Scheme - ELSS
120503,Axis ELSS Tax Saver Fund - Direct Plan - Growth Option,27-05-2014,21.5816,Axis Mutual Fund,Equity Scheme - ELSS
120503,Axis ELSS Tax Saver Fund - Direct Plan - Growth Option,26-05-2014,21.5244,Axis Mutual Fund,Equity Scheme - ELSS
120503,Axis ELSS Tax Saver Fund - Direct Plan - Growth Option,23-05-2014,21.6334,Axis Mutual Fund,Equity Scheme - ELSS
120503,Axis ELSS Tax Saver Fund - Direct Plan - Growth Option,22-05-2014,21.4746,Axis Mutual Fund,Equity Scheme - ELSS
120503,Axis ELSS Tax Saver Fund - Direct Plan - Growth Option,21-05-2014,21.2438,Axis Mutual Fund,Equity Scheme - ELSS
120503,Axis ELSS Tax Saver Fund - Direct Plan - Growth Option,20-05-2014,21.1322,Axis Mutual Fund,Equity Scheme - ELSS
120503,Axis ELSS Tax Saver Fund - Direct Plan - Growth Option,19-05-2014,20.9973,Axis Mutual Fund,Equity Scheme - ELSS
120503,Axis ELSS Tax Saver Fund - Direct Plan - Growth Option,16-05-2014,20.6892,Axis Mutual Fund,Equity Scheme - ELSS
120503,Axis ELSS Tax Saver Fund - Direct Plan - Growth Option,15-05-2014,20.4944,Axis Mutual Fund,Equity Scheme - ELSS
120503,Axis ELSS Tax Saver Fund - Direct Plan - Growth Option,14-05-2014,20.4753,Axis Mutual Fund,Equity Scheme - ELSS
120503,Axis ELSS Tax Saver Fund - Direct Plan - Growth Option,13-05-2014,20.553,Axis Mutual Fund,Equity Scheme - ELSS
120503,Axis ELSS Tax Saver Fund - Direct Plan - Growth Option,12-05-2014,20.4204,Axis Mutual Fund,Equity Scheme - ELSS
120503,Axis ELSS Tax Saver Fund - Direct Plan - Growth Option,09-05-2014,20.0994,Axis Mutual Fund,Equity Scheme - ELSS
120503,Axis ELSS Tax Saver Fund - Direct Plan - Growth Option,08-05-2014,19.706,Axis Mutual Fund,Equity Scheme - ELSS
120503,Axis ELSS Tax Saver Fund - Direct Plan - Growth Option,07-05-2014,19.6396,Axis Mutual Fund,Equity Scheme - ELSS
120503,Axis ELSS Tax Saver Fund - Direct Plan - Growth Option,06-05-2014,19.6623,Axis Mutual Fund,Equity Scheme - ELSS
120503,Axis ELSS Tax Saver Fund - Direct Plan - Growth Option,05-05-2014,19.615,Axis Mutual Fund,Equity Scheme - ELSS
120503,Axis ELSS Tax Saver Fund - Direct Plan - Growth Option,02-05-2014,19.6001,Axis Mutual Fund,Equity Scheme - ELSS
120503,Axis ELSS Tax Saver Fund - Direct Plan - Growth Option,30-04-2014,19.5769,Axis Mutual Fund,Equity Scheme - ELSS
120503,Axis ELSS Tax Saver Fund - Direct Plan - Growth Option,29-04-2014,19.6588,Axis Mutual Fund,Equity Scheme - ELSS
120503,Axis ELSS Tax Saver Fund - Direct Plan - Growth Option,28-04-2014,19.7565,Axis Mutual Fund,Equity Scheme - ELSS
120503,Axis ELSS Tax Saver Fund - Direct Plan - Growth Option,25-04-2014,19.6863,Axis Mutual Fund,Equity Scheme - ELSS
120503,Axis ELSS Tax Saver Fund - Direct Plan - Growth Option,23-04-2014,19.8523,Axis Mutual Fund,Equity Scheme - ELSS
120503,Axis ELSS Tax Saver Fund - Direct Plan - Growth Option,22-04-2014,19.6741,Axis Mutual Fund,Equity Scheme - ELSS
120503,Axis ELSS Tax Saver Fund - Direct Plan - Growth Option,21-04-2014,19.5891,Axis Mutual Fund,Equity Scheme - ELSS
120503,Axis ELSS Tax Saver Fund - Direct Plan - Growth Option,17-04-2014,19.4383,Axis Mutual Fund,Equity Scheme - ELSS
120503,Axis ELSS Tax Saver Fund - Direct Plan - Growth Option,16-04-2014,19.2266,Axis Mutual Fund,Equity Scheme - ELSS
120503,Axis ELSS Tax Saver Fund - Direct Plan - Growth Option,15-04-2014,19.4304,Axis Mutual Fund,Equity Scheme - ELSS
120503,Axis ELSS Tax Saver Fund - Direct Plan - Growth Option,11-04-2014,19.4665,Axis Mutual Fund,Equity Scheme - ELSS
120503,Axis ELSS Tax Saver Fund - Direct Plan - Growth Option,10-04-2014,19.5023,Axis Mutual Fund,Equity Scheme - ELSS
120503,Axis ELSS Tax Saver Fund - Direct Plan - Growth Option,09-04-2014,19.4787,Axis Mutual Fund,Equity Scheme - ELSS
120503,Axis ELSS Tax Saver Fund - Direct Plan - Growth Option,07-04-2014,19.227,Axis Mutual Fund,Equity Scheme - ELSS
120503,Axis ELSS Tax Saver Fund - Direct Plan - Growth Option,04-04-2014,19.2274,Axis Mutual Fund,Equity Scheme - ELSS
120503,Axis ELSS Tax Saver Fund - Direct Plan - Growth Option,03-04-2014,19.3331,Axis Mutual Fund,Equity Scheme - ELSS
120503,Axis ELSS Tax Saver Fund - Direct Plan - Growth Option,02-04-2014,19.3511,Axis Mutual Fund,Equity Scheme - ELSS
120503,Axis ELSS Tax Saver Fund - Direct Plan - Growth Option,01-04-2014,19.2809,Axis Mutual Fund,Equity Scheme - ELSS
120503,Axis ELSS Tax Saver Fund - Direct Plan - Growth Option,31-03-2014,19.4192,Axis Mutual Fund,Equity Scheme - ELSS
120503,Axis ELSS Tax Saver Fund - Direct Plan - Growth Option,28-03-2014,19.3006,Axis Mutual Fund,Equity Scheme - ELSS
120503,Axis ELSS Tax Saver Fund - Direct Plan - Growth Option,27-03-2014,19.1714,Axis Mutual Fund,Equity Scheme - ELSS
120503,Axis ELSS Tax Saver Fund - Direct Plan - Growth Option,26-03-2014,19.1321,Axis Mutual Fund,Equity Scheme - ELSS
120503,Axis ELSS Tax Saver Fund - Direct Plan - Growth Option,25-03-2014,19.1559,Axis Mutual Fund,Equity Scheme - ELSS
120503,Axis ELSS Tax Saver Fund - Direct Plan - Growth Option,24-03-2014,19.0559,Axis Mutual Fund,Equity Scheme - ELSS
120503,Axis ELSS Tax Saver Fund - Direct Plan - Growth Option,21-03-2014,18.8267,Axis Mutual Fund,Equity Scheme - ELSS
120503,Axis ELSS Tax Saver Fund - Direct Plan - Growth Option,20-03-2014,18.8054,Axis Mutual Fund,Equity Scheme - ELSS
120503,Axis ELSS Tax Saver Fund - Direct Plan - Growth Option,19-03-2014,18.8426,Axis Mutual Fund,Equity Scheme - ELSS
120503,Axis ELSS Tax Saver Fund - Direct Plan - Growth Option,18-03-2014,18.7905,Axis Mutual Fund,Equity Scheme - ELSS
120503,Axis ELSS Tax Saver Fund - Direct Plan - Growth Option,14-03-2014,18.6636,Axis Mutual Fund,Equity Scheme - ELSS
120503,Axis ELSS Tax Saver Fund - Direct Plan - Growth Option,13-03-2014,18.6354,Axis Mutual Fund,Equity Scheme - ELSS
120503,Axis ELSS Tax Saver Fund - Direct Plan - Growth Option,12-03-2014,18.6535,Axis Mutual Fund,Equity Scheme - ELSS
120503,Axis ELSS Tax Saver Fund - Direct Plan - Growth Option,11-03-2014,18.5457,Axis Mutual Fund,Equity Scheme - ELSS
120503,Axis ELSS Tax Saver Fund - Direct Plan - Growth Option,10-03-2014,18.5498,Axis Mutual Fund,Equity Scheme - ELSS
120503,Axis ELSS Tax Saver Fund - Direct Plan - Growth Option,07-03-2014,18.4912,Axis Mutual Fund,Equity Scheme - ELSS
120503,Axis ELSS Tax Saver Fund - Direct Plan - Growth Option,06-03-2014,18.338,Axis Mutual Fund,Equity Scheme - ELSS
120503,Axis ELSS Tax Saver Fund - Direct Plan - Growth Option,05-03-2014,18.1757,Axis Mutual Fund,Equity Scheme - ELSS
120503,Axis ELSS Tax Saver Fund - Direct Plan - Growth Option,04-03-2014,18.0637,Axis Mutual Fund,Equity Scheme - ELSS
120503,Axis ELSS Tax Saver Fund - Direct Plan - Growth Option,03-03-2014,17.9248,Axis Mutual Fund,Equity Scheme - ELSS
120503,Axis ELSS Tax Saver Fund - Direct Plan - Growth Option,28-02-2014,17.9986,Axis Mutual Fund,Equity Scheme - ELSS
120503,Axis ELSS Tax Saver Fund - Direct Plan - Growth Option,26-02-2014,17.8435,Axis Mutual Fund,Equity Scheme - ELSS
120503,Axis ELSS Tax Saver Fund - Direct Plan - Growth Option,25-02-2014,17.7507,Axis Mutual Fund,Equity Scheme - ELSS
120503,Axis ELSS Tax Saver Fund - Direct Plan - Growth Option,24-02-2014,17.6829,Axis Mutual Fund,Equity Scheme - ELSS
120503,Axis ELSS Tax Saver Fund - Direct Plan - Growth Option,21-02-2014,17.534,Axis Mutual Fund,Equity Scheme - ELSS
120503,Axis ELSS Tax Saver Fund - Direct Plan - Growth Option,20-02-2014,17.3602,Axis Mutual Fund,Equity Scheme - ELSS
120503,Axis ELSS Tax Saver Fund - Direct Plan - Growth Option,19-02-2014,17.4558,Axis Mutual Fund,Equity Scheme - ELSS
120503,Axis ELSS Tax Saver Fund - Direct Plan - Growth Option,18-02-2014,17.3448,Axis Mutual Fund,Equity Scheme - ELSS
120503,Axis ELSS Tax Saver Fund - Direct Plan - Growth Option,17-02-2014,17.1245,Axis Mutual Fund,Equity Scheme - ELSS
120503,Axis ELSS Tax Saver Fund - Direct Plan - Growth Option,14-02-2014,17.0933,Axis Mutual Fund,Equity Scheme - ELSS
120503,Axis ELSS Tax Saver Fund - Direct Plan - Growth Option,13-02-2014,16.9622,Axis Mutual Fund,Equity Scheme - ELSS
120503,Axis ELSS Tax Saver Fund - Direct Plan - Growth Option,12-02-2014,17.1504,Axis Mutual Fund,Equity Scheme - ELSS
120503,Axis ELSS Tax Saver Fund - Direct Plan - Growth Option,11-02-2014,17.0838,Axis Mutual Fund,Equity Scheme - ELSS
120503,Axis ELSS Tax Saver Fund - Direct Plan - Growth Option,10-02-2014,17.0094,Axis Mutual Fund,Equity Scheme - ELSS
120503,Axis ELSS Tax Saver Fund - Direct Plan - Growth Option,07-02-2014,17.0349,Axis Mutual Fund,Equity Scheme - ELSS
120503,Axis ELSS Tax Saver Fund - Direct Plan - Growth Option,06-02-2014,16.9746,Axis Mutual Fund,Equity Scheme - ELSS
120503,Axis ELSS Tax Saver Fund - Direct Plan - Growth Option,05-02-2014,16.9623,Axis Mutual Fund,Equity Scheme - ELSS
120503,Axis ELSS Tax Saver Fund - Direct Plan - Growth Option,04-02-2014,16.886,Axis Mutual Fund,Equity Scheme - ELSS
120503,Axis ELSS Tax Saver Fund - Direct Plan - Growth Option,03-02-2014,16.8643,Axis Mutual Fund,Equity Scheme - ELSS
120503,Axis ELSS Tax Saver Fund - Direct Plan - Growth Option,31-01-2014,16.9655,Axis Mutual Fund,Equity Scheme - ELSS
120503,Axis ELSS Tax Saver Fund - Direct Plan - Growth Option,30-01-2014,16.8303,Axis Mutual Fund,Equity Scheme - ELSS
120503,Axis ELSS Tax Saver Fund - Direct Plan - Growth Option,29-01-2014,16.9315,Axis Mutual Fund,Equity Scheme - ELSS
120503,Axis ELSS Tax Saver Fund - Direct Plan - Growth Option,28-01-2014,16.9029,Axis Mutual Fund,Equity Scheme - ELSS
120503,Axis ELSS Tax Saver Fund - Direct Plan - Growth Option,27-01-2014,16.949,Axis Mutual Fund,Equity Scheme - ELSS
120503,Axis ELSS Tax Saver Fund - Direct Plan - Growth Option,24-01-2014,17.2293,Axis Mutual Fund,Equity Scheme - ELSS
120503,Axis ELSS Tax Saver Fund - Direct Plan - Growth Option,23-01-2014,17.459,Axis Mutual Fund,Equity Scheme - ELSS
120503,Axis ELSS Tax Saver Fund - Direct Plan - Growth Option,22-01-2014,17.4253,Axis Mutual Fund,Equity Scheme - ELSS
120503,Axis ELSS Tax Saver Fund - Direct Plan - Growth Option,21-01-2014,17.4136,Axis Mutual Fund,Equity Scheme - ELSS
120503,Axis ELSS Tax Saver Fund - Direct Plan - Growth Option,20-01-2014,17.432,Axis Mutual Fund,Equity Scheme - ELSS
120503,Axis ELSS Tax Saver Fund - Direct Plan - Growth Option,17-01-2014,17.2904,Axis Mutual Fund,Equity Scheme - ELSS
120503,Axis ELSS Tax Saver Fund - Direct Plan - Growth Option,16-01-2014,17.5559,Axis Mutual Fund,Equity Scheme - ELSS
120503,Axis ELSS Tax Saver Fund - Direct Plan - Growth Option,15-01-2014,17.6156,Axis Mutual Fund,Equity Scheme - ELSS
120503,Axis ELSS Tax Saver Fund - Direct Plan - Growth Option,14-01-2014,17.4504,Axis Mutual Fund,Equity Scheme - ELSS
120503,Axis ELSS Tax Saver Fund - Direct Plan - Growth Option,13-01-2014,17.4915,Axis Mutual Fund,Equity Scheme - ELSS
120503,Axis ELSS Tax Saver Fund - Direct Plan - Growth Option,10-01-2014,17.347,Axis Mutual Fund,Equity Scheme - ELSS
120503,Axis ELSS Tax Saver Fund - Direct Plan - Growth Option,09-01-2014,17.3968,Axis Mutual Fund,Equity Scheme - ELSS
120503,Axis ELSS Tax Saver Fund - Direct Plan - Growth Option,08-01-2014,17.4401,Axis Mutual Fund,Equity Scheme - ELSS
120503,Axis ELSS Tax Saver Fund - Direct Plan - Growth Option,07-01-2014,17.3428,Axis Mutual Fund,Equity Scheme - ELSS
120503,Axis ELSS Tax Saver Fund - Direct Plan - Growth Option,06-01-2014,17.3726,Axis Mutual Fund,Equity Scheme - ELSS
120503,Axis ELSS Tax Saver Fund - Direct Plan - Growth Option,03-01-2014,17.3062,Axis Mutual Fund,Equity Scheme - ELSS
120503,Axis ELSS Tax Saver Fund - Direct Plan - Growth Option,02-01-2014,17.2465,Axis Mutual Fund,Equity Scheme - ELSS
120503,Axis ELSS Tax Saver Fund - Direct Plan - Growth Option,01-01-2014,17.4606,Axis Mutual Fund,Equity Scheme - ELSS
120503,Axis ELSS Tax Saver Fund - Direct Plan - Growth Option,31-12-2013,17.4279,Axis Mutual Fund,Equity Scheme - ELSS
120503,Axis ELSS Tax Saver Fund - Direct Plan - Growth Option,30-12-2013,17.3906,Axis Mutual Fund,Equity Scheme - ELSS
120503,Axis ELSS Tax Saver Fund - Direct Plan - Growth Option,27-12-2013,17.4295,Axis Mutual Fund,Equity Scheme - ELSS
120503,Axis ELSS Tax Saver Fund - Direct Plan - Growth Option,26-12-2013,17.2918,Axis Mutual Fund,Equity Scheme - ELSS
120503,Axis ELSS Tax Saver Fund - Direct Plan - Growth Option,24-12-2013,17.2848,Axis Mutual Fund,Equity Scheme - ELSS
120503,Axis ELSS Tax Saver Fund - Direct Plan - Growth Option,23-12-2013,17.3223,Axis Mutual Fund,Equity Scheme - ELSS
120503,Axis ELSS Tax Saver Fund - Direct Plan - Growth Option,20-12-2013,17.3408,Axis Mutual Fund,Equity Scheme - ELSS
120503,Axis ELSS Tax Saver Fund - Direct Plan - Growth Option,19-12-2013,17.1041,Axis Mutual Fund,Equity Scheme - ELSS
120503,Axis ELSS Tax Saver Fund - Direct Plan - Growth Option,18-12-2013,17.1442,Axis Mutual Fund,Equity Scheme - ELSS
120503,Axis ELSS Tax Saver Fund - Direct Plan - Growth Option,17-12-2013,16.9528,Axis Mutual Fund,Equity Scheme - ELSS
120503,Axis ELSS Tax Saver Fund - Direct Plan - Growth Option,16-12-2013,16.9674,Axis Mutual Fund,Equity Scheme - ELSS
120503,Axis ELSS Tax Saver Fund - Direct Plan - Growth Option,13-12-2013,16.9744,Axis Mutual Fund,Equity Scheme - ELSS
120503,Axis ELSS Tax Saver Fund - Direct Plan - Growth Option,12-12-2013,17.1221,Axis Mutual Fund,Equity Scheme - ELSS
120503,Axis ELSS Tax Saver Fund - Direct Plan - Growth Option,11-12-2013,17.1614,Axis Mutual Fund,Equity Scheme - ELSS
120503,Axis ELSS Tax Saver Fund - Direct Plan - Growth Option,10-12-2013,17.1309,Axis Mutual Fund,Equity Scheme - ELSS
120503,Axis ELSS Tax Saver Fund - Direct Plan - Growth Option,09-12-2013,17.1451,Axis Mutual Fund,Equity Scheme - ELSS
120503,Axis ELSS Tax Saver Fund - Direct Plan - Growth Option,06-12-2013,17.0086,Axis Mutual Fund,Equity Scheme - ELSS
120503,Axis ELSS Tax Saver Fund - Direct Plan - Growth Option,05-12-2013,16.979,Axis Mutual Fund,Equity Scheme - ELSS
120503,Axis ELSS Tax Saver Fund - Direct Plan - Growth Option,04-12-2013,16.8619,Axis Mutual Fund,Equity Scheme - ELSS
120503,Axis ELSS Tax Saver Fund - Direct Plan - Growth Option,03-12-2013,17.0192,Axis Mutual Fund,Equity Scheme - ELSS
120503,Axis ELSS Tax Saver Fund - Direct Plan - Growth Option,02-12-2013,17.0194,Axis Mutual Fund,Equity Scheme - ELSS
120503,Axis ELSS Tax Saver Fund - Direct Plan - Growth Option,29-11-2013,16.8709,Axis Mutual Fund,Equity Scheme - ELSS
120503,Axis ELSS Tax Saver Fund - Direct Plan - Growth Option,28-11-2013,16.7602,Axis Mutual Fund,Equity Scheme - ELSS
120503,Axis ELSS Tax Saver Fund - Direct Plan - Growth Option,27-11-2013,16.6986,Axis Mutual Fund,Equity Scheme - ELSS
120503,Axis ELSS Tax Saver Fund - Direct Plan - Growth Option,26-11-2013,16.6084,Axis Mutual Fund,Equity Scheme - ELSS
120503,Axis ELSS Tax Saver Fund - Direct Plan - Growth Option,25-11-2013,16.5718,Axis Mutual Fund,Equity Scheme - ELSS
120503,Axis ELSS Tax Saver Fund - Direct Plan - Growth Option,22-11-2013,16.2897,Axis Mutual Fund,Equity Scheme - ELSS
120503,Axis ELSS Tax Saver Fund - Direct Plan - Growth Option,21-11-2013,16.1933,Axis Mutual Fund,Equity Scheme - ELSS
120503,Axis ELSS Tax Saver Fund - Direct Plan - Growth Option,20-11-2013,16.444,Axis Mutual Fund,Equity Scheme - ELSS
120503,Axis ELSS Tax Saver Fund - Direct Plan - Growth Option,19-11-2013,16.5334,Axis Mutual Fund,Equity Scheme - ELSS
120503,Axis ELSS Tax Saver Fund - Direct Plan - Growth Option,18-11-2013,16.5226,Axis Mutual Fund,Equity Scheme - ELSS
120503,Axis ELSS Tax Saver Fund - Direct Plan - Growth Option,14-11-2013,16.2613,Axis Mutual Fund,Equity Scheme - ELSS
120503,Axis ELSS Tax Saver Fund - Direct Plan - Growth Option,13-11-2013,16.17,Axis Mutual Fund,Equity Scheme - ELSS
120503,Axis ELSS Tax Saver Fund - Direct Plan - Growth Option,12-11-2013,16.237,Axis Mutual Fund,Equity Scheme - ELSS
120503,Axis ELSS Tax Saver Fund - Direct Plan - Growth Option,11-11-2013,16.24,Axis Mutual Fund,Equity Scheme - ELSS
120503,Axis ELSS Tax Saver Fund - Direct Plan - Growth Option,08-11-2013,16.2705,Axis Mutual Fund,Equity Scheme - ELSS
120503,Axis ELSS Tax Saver Fund - Direct Plan - Growth Option,07-11-2013,16.3104,Axis Mutual Fund,Equity Scheme - ELSS
120503,Axis ELSS Tax Saver Fund - Direct Plan - Growth Option,06-11-2013,16.3485,Axis Mutual Fund,Equity Scheme - ELSS
120503,Axis ELSS Tax Saver Fund - Direct Plan - Growth Option,05-11-2013,16.2853,Axis Mutual Fund,Equity Scheme - ELSS
120503,Axis ELSS Tax Saver Fund - Direct Plan - Growth Option,01-11-2013,16.2955,Axis Mutual Fund,Equity Scheme - ELSS
120503,Axis ELSS Tax Saver Fund - Direct Plan - Growth Option,31-10-2013,16.2736,Axis Mutual Fund,Equity Scheme - ELSS
120503,Axis ELSS Tax Saver Fund - Direct Plan - Growth Option,30-10-2013,16.1802,Axis Mutual Fund,Equity Scheme - ELSS
120503,Axis ELSS Tax Saver Fund - Direct Plan - Growth Option,29-10-2013,16.1585,Axis Mutual Fund,Equity Scheme - ELSS
120503,Axis ELSS Tax Saver Fund - Direct Plan - Growth Option,28-10-2013,15.8194,Axis Mutual Fund,Equity Scheme - ELSS
120503,Axis ELSS Tax Saver Fund - Direct Plan - Growth Option,25-10-2013,15.8675,Axis Mutual Fund,Equity Scheme - ELSS
120503,Axis ELSS Tax Saver Fund - Direct Plan - Growth Option,24-10-2013,15.9415,Axis Mutual Fund,Equity Scheme - ELSS
120503,Axis ELSS Tax Saver Fund - Direct Plan - Growth Option,23-10-2013,15.8677,Axis Mutual Fund,Equity Scheme - ELSS
120503,Axis ELSS Tax Saver Fund - Direct Plan - Growth Option,22-10-2013,15.877,Axis Mutual Fund,Equity Scheme - ELSS
120503,Axis ELSS Tax Saver Fund - Direct Plan - Growth Option,21-10-2013,15.8894,Axis Mutual Fund,Equity Scheme - ELSS
120503,Axis ELSS Tax Saver Fund - Direct Plan - Growth Option,18-10-2013,15.7809,Axis Mutual Fund,Equity Scheme - ELSS
120503,Axis ELSS Tax Saver Fund - Direct Plan - Growth Option,17-10-2013,15.5453,Axis Mutual Fund,Equity Scheme - ELSS
120503,Axis ELSS Tax Saver Fund - Direct Plan - Growth Option,15-10-2013,15.679,Axis Mutual Fund,Equity Scheme - ELSS
120503,Axis ELSS Tax Saver Fund - Direct Plan - Growth Option,14-10-2013,15.7324,Axis Mutual Fund,Equity Scheme - ELSS
120503,Axis ELSS Tax Saver Fund - Direct Plan - Growth Option,11-10-2013,15.7415,Axis Mutual Fund,Equity Scheme - ELSS
120503,Axis ELSS Tax Saver Fund - Direct Plan - Growth Option,10-10-2013,15.6447,Axis Mutual Fund,Equity Scheme - ELSS
120503,Axis ELSS Tax Saver Fund - Direct Plan - Growth Option,09-10-2013,15.6088,Axis Mutual Fund,Equity Scheme - ELSS
120503,Axis ELSS Tax Saver Fund - Direct Plan - Growth Option,08-10-2013,15.3869,Axis Mutual Fund,Equity Scheme - ELSS
120503,Axis ELSS Tax Saver Fund - Direct Plan - Growth Option,07-10-2013,15.3439,Axis Mutual Fund,Equity Scheme - ELSS
120503,Axis ELSS Tax Saver Fund - Direct Plan - Growth Option,04-10-2013,15.2672,Axis Mutual Fund,Equity Scheme - ELSS
120503,Axis ELSS Tax Saver Fund - Direct Plan - Growth Option,03-10-2013,15.1916,Axis Mutual Fund,Equity Scheme - ELSS
120503,Axis ELSS Tax Saver Fund - Direct Plan - Growth Option,01-10-2013,14.9575,Axis Mutual Fund,Equity Scheme - ELSS
120503,Axis ELSS Tax Saver Fund - Direct Plan - Growth Option,30-09-2013,14.8343,Axis Mutual Fund,Equity Scheme - ELSS
120503,Axis ELSS Tax Saver Fund - Direct Plan - Growth Option,27-09-2013,14.9389,Axis Mutual Fund,Equity Scheme - ELSS
120503,Axis ELSS Tax Saver Fund - Direct Plan - Growth Option,26-09-2013,14.9804,Axis Mutual Fund,Equity Scheme - ELSS
120503,Axis ELSS Tax Saver Fund - Direct Plan - Growth Option,25-09-2013,14.9967,Axis Mutual Fund,Equity Scheme - ELSS
120503,Axis ELSS Tax Saver Fund - Direct Plan - Growth Option,24-09-2013,15.0645,Axis Mutual Fund,Equity Scheme - ELSS
120503,Axis ELSS Tax Saver Fund - Direct Plan - Growth Option,23-09-2013,14.9949,Axis Mutual Fund,Equity Scheme - ELSS
120503,Axis ELSS Tax Saver Fund - Direct Plan - Growth Option,20-09-2013,15.2064,Axis Mutual Fund,Equity Scheme - ELSS
120503,Axis ELSS Tax Saver Fund - Direct Plan - Growth Option,19-09-2013,15.3962,Axis Mutual Fund,Equity Scheme - ELSS
120503,Axis ELSS Tax Saver Fund - Direct Plan - Growth Option,18-09-2013,14.9935,Axis Mutual Fund,Equity Scheme - ELSS
120503,Axis ELSS Tax Saver Fund - Direct Plan - Growth Option,17-09-2013,14.9042,Axis Mutual Fund,Equity Scheme - ELSS
120503,Axis ELSS Tax Saver Fund - Direct Plan - Growth Option,16-09-2013,14.8783,Axis Mutual Fund,Equity Scheme - ELSS
120503,Axis ELSS Tax Saver Fund - Direct Plan - Growth Option,13-09-2013,14.8914,Axis Mutual Fund,Equity Scheme - ELSS
120503,Axis ELSS Tax Saver Fund - Direct Plan - Growth Option,12-09-2013,14.8835,Axis Mutual Fund,Equity Scheme - ELSS
120503,Axis ELSS Tax Saver Fund - Direct Plan - Growth Option,11-09-2013,14.9458,Axis Mutual Fund,Equity Scheme - ELSS
120503,Axis ELSS Tax Saver Fund - Direct Plan - Growth Option,10-09-2013,14.8613,Axis Mutual Fund,Equity Scheme - ELSS
120503,Axis ELSS Tax Saver Fund - Direct Plan - Growth Option,06-09-2013,14.4284,Axis Mutual Fund,Equity Scheme - ELSS
120503,Axis ELSS Tax Saver Fund - Direct Plan - Growth Option,05-09-2013,14.3129,Axis Mutual Fund,Equity Scheme - ELSS
120503,Axis ELSS Tax Saver Fund - Direct Plan - Growth Option,04-09-2013,14.0106,Axis Mutual Fund,Equity Scheme - ELSS
120503,Axis ELSS Tax Saver Fund - Direct Plan - Growth Option,03-09-2013,13.9014,Axis Mutual Fund,Equity Scheme - ELSS
120503,Axis ELSS Tax Saver Fund - Direct Plan - Growth Option,02-09-2013,14.2365,Axis Mutual Fund,Equity Scheme - ELSS
120503,Axis ELSS Tax Saver Fund - Direct Plan - Growth Option,30-08-2013,14.1497,Axis Mutual Fund,Equity Scheme - ELSS
120503,Axis ELSS Tax Saver Fund - Direct Plan - Growth Option,29-08-2013,13.8991,Axis Mutual Fund,Equity Scheme - ELSS
120503,Axis ELSS Tax Saver Fund - Direct Plan - Growth Option,28-08-2013,13.6318,Axis Mutual Fund,Equity Scheme - ELSS
120503,Axis ELSS Tax Saver Fund - Direct Plan - Growth Option,27-08-2013,13.7614,Axis Mutual Fund,Equity Scheme - ELSS
120503,Axis ELSS Tax Saver Fund - Direct Plan - Growth Option,26-08-2013,14.1695,Axis Mutual Fund,Equity Scheme - ELSS
120503,Axis ELSS Tax Saver Fund - Direct Plan - Growth Option,23-08-2013,14.066,Axis Mutual Fund,Equity Scheme - ELSS
120503,Axis ELSS Tax Saver Fund - Direct Plan - Growth Option,22-08-2013,13.8944,Axis Mutual Fund,Equity Scheme - ELSS
120503,Axis ELSS Tax Saver Fund - Direct Plan - Growth Option,21-08-2013,13.8249,Axis Mutual Fund,Equity Scheme - ELSS
120503,Axis ELSS Tax Saver Fund - Direct Plan - Growth Option,20-08-2013,13.9956,Axis Mutual Fund,Equity Scheme - ELSS
120503,Axis ELSS Tax Saver Fund - Direct Plan - Growth Option,19-08-2013,14.102,Axis Mutual Fund,Equity Scheme - ELSS
120503,Axis ELSS Tax Saver Fund - Direct Plan - Growth Option,16-08-2013,14.3818,Axis Mutual Fund,Equity Scheme - ELSS
120503,Axis ELSS Tax Saver Fund - Direct Plan - Growth Option,14-08-2013,14.803,Axis Mutual Fund,Equity Scheme - ELSS
120503,Axis ELSS Tax Saver Fund - Direct Plan - Growth Option,13-08-2013,14.7677,Axis Mutual Fund,Equity Scheme - ELSS
120503,Axis ELSS Tax Saver Fund - Direct Plan - Growth Option,12-08-2013,14.5806,Axis Mutual Fund,Equity Scheme - ELSS
120503,Axis ELSS Tax Saver Fund - Direct Plan - Growth Option,08-08-2013,14.3894,Axis Mutual Fund,Equity Scheme - ELSS
120503,Axis ELSS Tax Saver Fund - Direct Plan - Growth Option,07-08-2013,14.2345,Axis Mutual Fund,Equity Scheme - ELSS
120503,Axis ELSS Tax Saver Fund - Direct Plan - Growth Option,06-08-2013,14.3633,Axis Mutual Fund,Equity Scheme - ELSS
120503,Axis ELSS Tax Saver Fund - Direct Plan - Growth Option,05-08-2013,14.6753,Axis Mutual Fund,Equity Scheme - ELSS
120503,Axis ELSS Tax Saver Fund - Direct Plan - Growth Option,02-08-2013,14.6639,Axis Mutual Fund,Equity Scheme - ELSS
120503,Axis ELSS Tax Saver Fund - Direct Plan - Growth Option,01-08-2013,14.7515,Axis Mutual Fund,Equity Scheme - ELSS
120503,Axis ELSS Tax Saver Fund - Direct Plan - Growth Option,31-07-2013,14.7567,Axis Mutual Fund,Equity Scheme - ELSS
120503,Axis ELSS Tax Saver Fund - Direct Plan - Growth Option,30-07-2013,14.806,Axis Mutual Fund,Equity Scheme - ELSS
120503,Axis ELSS Tax Saver Fund - Direct Plan - Growth Option,29-07-2013,14.9306,Axis Mutual Fund,Equity Scheme - ELSS
120503,Axis ELSS Tax Saver Fund - Direct Plan - Growth Option,26-07-2013,15.025,Axis Mutual Fund,Equity Scheme - ELSS
120503,Axis ELSS Tax Saver Fund - Direct Plan - Growth Option,25-07-2013,15.0259,Axis Mutual Fund,Equity Scheme - ELSS
120503,Axis ELSS Tax Saver Fund - Direct Plan - Growth Option,24-07-2013,15.1837,Axis Mutual Fund,Equity Scheme - ELSS
120503,Axis ELSS Tax Saver Fund - Direct Plan - Growth Option,23-07-2013,15.3502,Axis Mutual Fund,Equity Scheme - ELSS
120503,Axis ELSS Tax Saver Fund - Direct Plan - Growth Option,22-07-2013,15.3172,Axis Mutual Fund,Equity Scheme - ELSS
120503,Axis ELSS Tax Saver Fund - Direct Plan - Growth Option,19-07-2013,15.3425,Axis Mutual Fund,Equity Scheme - ELSS
120503,Axis ELSS Tax Saver Fund - Direct Plan - Growth Option,18-07-2013,15.4558,Axis Mutual Fund,Equity Scheme - ELSS
120503,Axis ELSS Tax Saver Fund - Direct Plan - Growth Option,17-07-2013,15.3551,Axis Mutual Fund,Equity Scheme - ELSS
120503,Axis ELSS Tax Saver Fund - Direct Plan - Growth Option,16-07-2013,15.4107,Axis Mutual Fund,Equity Scheme - ELSS
120503,Axis ELSS Tax Saver Fund - Direct Plan - Growth Option,15-07-2013,15.661,Axis Mutual Fund,Equity Scheme - ELSS
120503,Axis ELSS Tax Saver Fund - Direct Plan - Growth Option,12-07-2013,15.6022,Axis Mutual Fund,Equity Scheme - ELSS
120503,Axis ELSS Tax Saver Fund - Direct Plan - Growth Option,11-07-2013,15.4709,Axis Mutual Fund,Equity Scheme - ELSS
120503,Axis ELSS Tax Saver Fund - Direct Plan - Growth Option,10-07-2013,15.273,Axis Mutual Fund,Equity Scheme - ELSS
120503,Axis ELSS Tax Saver Fund - Direct Plan - Growth Option,09-07-2013,15.2741,Axis Mutual Fund,Equity Scheme - ELSS
120503,Axis ELSS Tax Saver Fund - Direct Plan - Growth Option,08-07-2013,15.0639,Axis Mutual Fund,Equity Scheme - ELSS
120503,Axis ELSS Tax Saver Fund - Direct Plan - Growth Option,05-07-2013,15.1472,Axis Mutual Fund,Equity Scheme - ELSS
120503,Axis ELSS Tax Saver Fund - Direct Plan - Growth Option,04-07-2013,15.0843,Axis Mutual Fund,Equity Scheme - ELSS
120503,Axis ELSS Tax Saver Fund - Direct Plan - Growth Option,03-07-2013,14.8874,Axis Mutual Fund,Equity Scheme - ELSS
120503,Axis ELSS Tax Saver Fund - Direct Plan - Growth Option,02-07-2013,15.0405,Axis Mutual Fund,Equity Scheme - ELSS
120503,Axis ELSS Tax Saver Fund - Direct Plan - Growth Option,01-07-2013,15.0643,Axis Mutual Fund,Equity Scheme - ELSS
120503,Axis ELSS Tax Saver Fund - Direct Plan - Growth Option,28-06-2013,14.9322,Axis Mutual Fund,Equity Scheme - ELSS
120503,Axis ELSS Tax Saver Fund - Direct Plan - Growth Option,27-06-2013,14.5856,Axis Mutual Fund,Equity Scheme - ELSS
120503,Axis ELSS Tax Saver Fund - Direct Plan - Growth Option,26-06-2013,14.4661,Axis Mutual Fund,Equity Scheme - ELSS
120503,Axis ELSS Tax Saver Fund - Direct Plan - Growth Option,25-06-2013,14.4939,Axis Mutual Fund,Equity Scheme - ELSS
120503,Axis ELSS Tax Saver Fund - Direct Plan - Growth Option,24-06-2013,14.4707,Axis Mutual Fund,Equity Scheme - ELSS
120503,Axis ELSS Tax Saver Fund - Direct Plan - Growth Option,21-06-2013,14.7306,Axis Mutual Fund,Equity Scheme - ELSS
120503,Axis ELSS Tax Saver Fund - Direct Plan - Growth Option,20-06-2013,14.7284,Axis Mutual Fund,Equity Scheme - ELSS
120503,Axis ELSS Tax Saver Fund - Direct Plan - Growth Option,19-06-2013,15.0209,Axis Mutual Fund,Equity Scheme - ELSS
120503,Axis ELSS Tax Saver Fund - Direct Plan - Growth Option,18-06-2013,14.9532,Axis Mutual Fund,Equity Scheme - ELSS
120503,Axis ELSS Tax Saver Fund - Direct Plan - Growth Option,17-06-2013,14.9613,Axis Mutual Fund,Equity Scheme - ELSS
120503,Axis ELSS Tax Saver Fund - Direct Plan - Growth Option,14-06-2013,14.8852,Axis Mutual Fund,Equity Scheme - ELSS
120503,Axis ELSS Tax Saver Fund - Direct Plan - Growth Option,13-06-2013,14.6936,Axis Mutual Fund,Equity Scheme - ELSS
120503,Axis ELSS Tax Saver Fund - Direct Plan - Growth Option,12-06-2013,14.8527,Axis Mutual Fund,Equity Scheme - ELSS
120503,Axis ELSS Tax Saver Fund - Direct Plan - Growth Option,11-06-2013,14.9065,Axis Mutual Fund,Equity Scheme - ELSS
120503,Axis ELSS Tax Saver Fund - Direct Plan - Growth Option,10-06-2013,15.1368,Axis Mutual Fund,Equity Scheme - ELSS
120503,Axis ELSS Tax Saver Fund - Direct Plan - Growth Option,07-06-2013,15.2015,Axis Mutual Fund,Equity Scheme - ELSS
120503,Axis ELSS Tax Saver Fund - Direct Plan - Growth Option,06-06-2013,15.2391,Axis Mutual Fund,Equity Scheme - ELSS
120503,Axis ELSS Tax Saver Fund - Direct Plan - Growth Option,05-06-2013,15.2456,Axis Mutual Fund,Equity Scheme - ELSS
120503,Axis ELSS Tax Saver Fund - Direct Plan - Growth Option,04-06-2013,15.2142,Axis Mutual Fund,Equity Scheme - ELSS
120503,Axis ELSS Tax Saver Fund - Direct Plan - Growth Option,03-06-2013,15.2578,Axis Mutual Fund,Equity Scheme - ELSS
120503,Axis ELSS Tax Saver Fund - Direct Plan - Growth Option,31-05-2013,15.4335,Axis Mutual Fund,Equity Scheme - ELSS
120503,Axis ELSS Tax Saver Fund - Direct Plan - Growth Option,30-05-2013,15.6604,Axis Mutual Fund,Equity Scheme - ELSS
120503,Axis ELSS Tax Saver Fund - Direct Plan - Growth Option,29-05-2013,15.5996,Axis Mutual Fund,Equity Scheme - ELSS
120503,Axis ELSS Tax Saver Fund - Direct Plan - Growth Option,28-05-2013,15.5632,Axis Mutual Fund,Equity Scheme - ELSS
120503,Axis ELSS Tax Saver Fund - Direct Plan - Growth Option,27-05-2013,15.508,Axis Mutual Fund,Equity Scheme - ELSS
120503,Axis ELSS Tax Saver Fund - Direct Plan - Growth Option,24-05-2013,15.3594,Axis Mutual Fund,Equity Scheme - ELSS
120503,Axis ELSS Tax Saver Fund - Direct Plan - Growth Option,23-05-2013,15.2194,Axis Mutual Fund,Equity Scheme - ELSS
120503,Axis ELSS Tax Saver Fund - Direct Plan - Growth Option,22-05-2013,15.4089,Axis Mutual Fund,Equity Scheme - ELSS
120503,Axis ELSS Tax Saver Fund - Direct Plan - Growth Option,21-05-2013,15.4753,Axis Mutual Fund,Equity Scheme - ELSS
120503,Axis ELSS Tax Saver Fund - Direct Plan - Growth Option,20-05-2013,15.5963,Axis Mutual Fund,Equity Scheme - ELSS
120503,Axis ELSS Tax Saver Fund - Direct Plan - Growth Option,17-05-2013,15.6811,Axis Mutual Fund,Equity Scheme - ELSS
120503,Axis ELSS Tax Saver Fund - Direct Plan - Growth Option,16-05-2013,15.5917,Axis Mutual Fund,Equity Scheme - ELSS
120503,Axis ELSS Tax Saver Fund - Direct Plan - Growth Option,15-05-2013,15.5617,Axis Mutual Fund,Equity Scheme - ELSS
120503,Axis ELSS Tax Saver Fund - Direct Plan - Growth Option,14-05-2013,15.2336,Axis Mutual Fund,Equity Scheme - ELSS
120503,Axis ELSS Tax Saver Fund - Direct Plan - Growth Option,13-05-2013,15.1284,Axis Mutual Fund,Equity Scheme - ELSS
120503,Axis ELSS Tax Saver Fund - Direct Plan - Growth Option,10-05-2013,15.3358,Axis Mutual Fund,Equity Scheme - ELSS
120503,Axis ELSS Tax Saver Fund - Direct Plan - Growth Option,09-05-2013,15.2634,Axis Mutual Fund,Equity Scheme - ELSS
120503,Axis ELSS Tax Saver Fund - Direct Plan - Growth Option,08-05-2013,15.3597,Axis Mutual Fund,Equity Scheme - ELSS
120503,Axis ELSS Tax Saver Fund - Direct Plan - Growth Option,07-05-2013,15.2704,Axis Mutual Fund,Equity Scheme - ELSS
120503,Axis ELSS Tax Saver Fund - Direct Plan - Growth Option,06-05-2013,15.1497,Axis Mutual Fund,Equity Scheme - ELSS
120503,Axis ELSS Tax Saver Fund - Direct Plan - Growth Option,03-05-2013,15.0518,Axis Mutual Fund,Equity Scheme - ELSS
120503,Axis ELSS Tax Saver Fund - Direct Plan - Growth Option,02-05-2013,15.1032,Axis Mutual Fund,Equity Scheme - ELSS
120503,Axis ELSS Tax Saver Fund - Direct Plan - Growth Option,30-04-2013,14.8945,Axis Mutual Fund,Equity Scheme - ELSS
120503,Axis ELSS Tax Saver Fund - Direct Plan - Growth Option,29-04-2013,14.8289,Axis Mutual Fund,Equity Scheme - ELSS
120503,Axis ELSS Tax Saver Fund - Direct Plan - Growth Option,26-04-2013,14.7058,Axis Mutual Fund,Equity Scheme - ELSS
120503,Axis ELSS Tax Saver Fund - Direct Plan - Growth Option,25-04-2013,14.7586,Axis Mutual Fund,Equity Scheme - ELSS
120503,Axis ELSS Tax Saver Fund - Direct Plan - Growth Option,23-04-2013,14.5801,Axis Mutual Fund,Equity Scheme - ELSS
120503,Axis ELSS Tax Saver Fund - Direct Plan - Growth Option,22-04-2013,14.6259,Axis Mutual Fund,Equity Scheme - ELSS
120503,Axis ELSS Tax Saver Fund - Direct Plan - Growth Option,18-04-2013,14.4401,Axis Mutual Fund,Equity Scheme - ELSS
120503,Axis ELSS Tax Saver Fund - Direct Plan - Growth Option,17-04-2013,14.267,Axis Mutual Fund,Equity Scheme - ELSS
120503,Axis ELSS Tax Saver Fund - Direct Plan - Growth Option,16-04-2013,14.2436,Axis Mutual Fund,Equity Scheme - ELSS
120503,Axis ELSS Tax Saver Fund - Direct Plan - Growth Option,15-04-2013,13.985,Axis Mutual Fund,Equity Scheme - ELSS
120503,Axis ELSS Tax Saver Fund - Direct Plan - Growth Option,12-04-2013,14.0426,Axis Mutual Fund,Equity Scheme - ELSS
120503,Axis ELSS Tax Saver Fund - Direct Plan - Growth Option,11-04-2013,14.0994,Axis Mutual Fund,Equity Scheme - ELSS
120503,Axis ELSS Tax Saver Fund - Direct Plan - Growth Option,10-04-2013,13.9826,Axis Mutual Fund,Equity Scheme - ELSS
120503,Axis ELSS Tax Saver Fund - Direct Plan - Growth Option,09-04-2013,13.9389,Axis Mutual Fund,Equity Scheme - ELSS
120503,Axis ELSS Tax Saver Fund - Direct Plan - Growth Option,08-04-2013,14.0224,Axis Mutual Fund,Equity Scheme - ELSS
120503,Axis ELSS Tax Saver Fund - Direct Plan - Growth Option,07-04-2013,0.0,Axis Mutual Fund,Equity Scheme - ELSS
120503,Axis ELSS Tax Saver Fund - Direct Plan - Growth Option,05-04-2013,14.0479,Axis Mutual Fund,Equity Scheme - ELSS
120503,Axis ELSS Tax Saver Fund - Direct Plan - Growth Option,04-04-2013,14.0601,Axis Mutual Fund,Equity Scheme - ELSS
120503,Axis ELSS Tax Saver Fund - Direct Plan - Growth Option,03-04-2013,14.2929,Axis Mutual Fund,Equity Scheme - ELSS
120503,Axis ELSS Tax Saver Fund - Direct Plan - Growth Option,02-04-2013,14.3768,Axis Mutual Fund,Equity Scheme - ELSS
120503,Axis ELSS Tax Saver Fund - Direct Plan - Growth Option,01-04-2013,14.231,Axis Mutual Fund,Equity Scheme - ELSS
120503,Axis ELSS Tax Saver Fund - Direct Plan - Growth Option,28-03-2013,14.1991,Axis Mutual Fund,Equity Scheme - ELSS
120503,Axis ELSS Tax Saver Fund - Direct Plan - Growth Option,26-03-2013,14.0945,Axis Mutual Fund,Equity Scheme - ELSS
120503,Axis ELSS Tax Saver Fund - Direct Plan - Growth Option,25-03-2013,14.0211,Axis Mutual Fund,Equity Scheme - ELSS
120503,Axis ELSS Tax Saver Fund - Direct Plan - Growth Option,22-03-2013,14.0638,Axis Mutual Fund,Equity Scheme - ELSS
120503,Axis ELSS Tax Saver Fund - Direct Plan - Growth Option,21-03-2013,14.1287,Axis Mutual Fund,Equity Scheme - ELSS
120503,Axis ELSS Tax Saver Fund - Direct Plan - Growth Option,20-03-2013,14.1918,Axis Mutual Fund,Equity Scheme - ELSS
120503,Axis ELSS Tax Saver Fund - Direct Plan - Growth Option,19-03-2013,14.3756,Axis Mutual Fund,Equity Scheme - ELSS
120503,Axis ELSS Tax Saver Fund - Direct Plan - Growth Option,18-03-2013,14.5716,Axis Mutual Fund,Equity Scheme - ELSS
120503,Axis ELSS Tax Saver Fund - Direct Plan - Growth Option,15-03-2013,14.6503,Axis Mutual Fund,Equity Scheme - ELSS
120503,Axis ELSS Tax Saver Fund - Direct Plan - Growth Option,14-03-2013,14.6688,Axis Mutual Fund,Equity Scheme - ELSS
120503,Axis ELSS Tax Saver Fund - Direct Plan - Growth Option,13-03-2013,14.5384,Axis Mutual Fund,Equity Scheme - ELSS
120503,Axis ELSS Tax Saver Fund - Direct Plan - Growth Option,12-03-2013,14.69,Axis Mutual Fund,Equity Scheme - ELSS
120503,Axis ELSS Tax Saver Fund - Direct Plan - Growth Option,11-03-2013,14.7309,Axis Mutual Fund,Equity Scheme - ELSS
120503,Axis ELSS Tax Saver Fund - Direct Plan - Growth Option,08-03-2013,14.6971,Axis Mutual Fund,Equity Scheme - ELSS
120503,Axis ELSS Tax Saver Fund - Direct Plan - Growth Option,07-03-2013,14.4921,Axis Mutual Fund,Equity Scheme - ELSS
120503,Axis ELSS Tax Saver Fund - Direct Plan - Growth Option,06-03-2013,14.3669,Axis Mutual Fund,Equity Scheme - ELSS
120503,Axis ELSS Tax Saver Fund - Direct Plan - Growth Option,05-03-2013,14.3051,Axis Mutual Fund,Equity Scheme - ELSS
120503,Axis ELSS Tax Saver Fund - Direct Plan - Growth Option,04-03-2013,14.1535,Axis Mutual Fund,Equity Scheme - ELSS
120503,Axis ELSS Tax Saver Fund - Direct Plan - Growth Option,01-03-2013,14.238,Axis Mutual Fund,Equity Scheme - ELSS
120503,Axis ELSS Tax Saver Fund - Direct Plan - Growth Option,28-02-2013,14.1092,Axis Mutual Fund,Equity Scheme - ELSS
120503,Axis ELSS Tax Saver Fund - Direct Plan - Growth Option,27-02-2013,14.2879,Axis Mutual Fund,Equity Scheme - ELSS
120503,Axis ELSS Tax Saver Fund - Direct Plan - Growth Option,26-02-2013,14.2049,Axis Mutual Fund,Equity Scheme - ELSS
120503,Axis ELSS Tax Saver Fund - Direct Plan - Growth Option,25-02-2013,14.401,Axis Mutual Fund,Equity Scheme - ELSS
120503,Axis ELSS Tax Saver Fund - Direct Plan - Growth Option,22-02-2013,14.4423,Axis Mutual Fund,Equity Scheme - ELSS
120503,Axis ELSS Tax Saver Fund - Direct Plan - Growth Option,21-02-2013,14.4163,Axis Mutual Fund,Equity Scheme - ELSS
120503,Axis ELSS Tax Saver Fund - Direct Plan - Growth Option,20-02-2013,14.6159,Axis Mutual Fund,Equity Scheme - ELSS
120503,Axis ELSS Tax Saver Fund - Direct Plan - Growth Option,19-02-2013,14.6114,Axis Mutual Fund,Equity Scheme - ELSS
120503,Axis ELSS Tax Saver Fund - Direct Plan - Growth Option,18-02-2013,14.4915,Axis Mutual Fund,Equity Scheme - ELSS
120503,Axis ELSS Tax Saver Fund - Direct Plan - Growth Option,15-02-2013,14.4666,Axis Mutual Fund,Equity Scheme - ELSS
120503,Axis ELSS Tax Saver Fund - Direct Plan - Growth Option,14-02-2013,14.5047,Axis Mutual Fund,Equity Scheme - ELSS
120503,Axis ELSS Tax Saver Fund - Direct Plan - Growth Option,13-02-2013,14.6106,Axis Mutual Fund,Equity Scheme - ELSS
120503,Axis ELSS Tax Saver Fund - Direct Plan - Growth Option,12-02-2013,14.5546,Axis Mutual Fund,Equity Scheme - ELSS
120503,Axis ELSS Tax Saver Fund - Direct Plan - Growth Option,11-02-2013,14.5489,Axis Mutual Fund,Equity Scheme - ELSS
120503,Axis ELSS Tax Saver Fund - Direct Plan - Growth Option,08-02-2013,14.6145,Axis Mutual Fund,Equity Scheme - ELSS
120503,Axis ELSS Tax Saver Fund - Direct Plan - Growth Option,07-02-2013,14.6822,Axis Mutual Fund,Equity Scheme - ELSS
120503,Axis ELSS Tax Saver Fund - Direct Plan - Growth Option,06-02-2013,14.7026,Axis Mutual Fund,Equity Scheme - ELSS
120503,Axis ELSS Tax Saver Fund - Direct Plan - Growth Option,05-02-2013,14.6435,Axis Mutual Fund,Equity Scheme - ELSS
120503,Axis ELSS Tax Saver Fund - Direct Plan - Growth Option,04-02-2013,14.7065,Axis Mutual Fund,Equity Scheme - ELSS
120503,Axis ELSS Tax Saver Fund - Direct Plan - Growth Option,01-02-2013,14.6961,Axis Mutual Fund,Equity Scheme - ELSS
120503,Axis ELSS Tax Saver Fund - Direct Plan - Growth Option,31-01-2013,14.7326,Axis Mutual Fund,Equity Scheme - ELSS
120503,Axis ELSS Tax Saver Fund - Direct Plan - Growth Option,30-01-2013,14.7706,Axis Mutual Fund,Equity Scheme - ELSS
120503,Axis ELSS Tax Saver Fund - Direct Plan - Growth Option,29-01-2013,14.7946,Axis Mutual Fund,Equity Scheme - ELSS
120503,Axis ELSS Tax Saver Fund - Direct Plan - Growth Option,28-01-2013,14.7769,Axis Mutual Fund,Equity Scheme - ELSS
120503,Axis ELSS Tax Saver Fund - Direct Plan - Growth Option,25-01-2013,14.7695,Axis Mutual Fund,Equity Scheme - ELSS
120503,Axis ELSS Tax Saver Fund - Direct Plan - Growth Option,24-01-2013,14.6124,Axis Mutual Fund,Equity Scheme - ELSS
120503,Axis ELSS Tax Saver Fund - Direct Plan - Growth Option,23-01-2013,14.6961,Axis Mutual Fund,Equity Scheme - ELSS
120503,Axis ELSS Tax Saver Fund - Direct Plan - Growth Option,22-01-2013,14.7072,Axis Mutual Fund,Equity Scheme - ELSS
120503,Axis ELSS Tax Saver Fund - Direct Plan - Growth Option,21-01-2013,14.7538,Axis Mutual Fund,Equity Scheme - ELSS
120503,Axis ELSS Tax Saver Fund - Direct Plan - Growth Option,18-01-2013,14.7954,Axis Mutual Fund,Equity Scheme - ELSS
120503,Axis ELSS Tax Saver Fund - Direct Plan - Growth Option,17-01-2013,14.8214,Axis Mutual Fund,Equity Scheme - ELSS
120503,Axis ELSS Tax Saver Fund - Direct Plan - Growth Option,16-01-2013,14.8752,Axis Mutual Fund,Equity Scheme - ELSS
120503,Axis ELSS Tax Saver Fund - Direct Plan - Growth Option,15-01-2013,14.9813,Axis Mutual Fund,Equity Scheme - ELSS
120503,Axis ELSS Tax Saver Fund - Direct Plan - Growth Option,14-01-2013,14.9767,Axis Mutual Fund,Equity Scheme - ELSS
120503,Axis ELSS Tax Saver Fund - Direct Plan - Growth Option,11-01-2013,14.8886,Axis Mutual Fund,Equity Scheme - ELSS
120503,Axis ELSS Tax Saver Fund - Direct Plan - Growth Option,10-01-2013,15.0619,Axis Mutual Fund,Equity Scheme - ELSS
120503,Axis ELSS Tax Saver Fund - Direct Plan - Growth Option,09-01-2013,15.0517,Axis Mutual Fund,Equity Scheme - ELSS
120503,Axis ELSS Tax Saver Fund - Direct Plan - Growth Option,08-01-2013,15.1146,Axis Mutual Fund,Equity Scheme - ELSS
120503,Axis ELSS Tax Saver Fund - Direct Plan - Growth Option,07-01-2013,15.0913,Axis Mutual Fund,Equity Scheme - ELSS
120503,Axis ELSS Tax Saver Fund - Direct Plan - Growth Option,04-01-2013,15.0702,Axis Mutual Fund,Equity Scheme - ELSS
120503,Axis ELSS Tax Saver Fund - Direct Plan - Growth Option,03-01-2013,15.0737,Axis Mutual Fund,Equity Scheme - ELSS
120503,Axis ELSS Tax Saver Fund - Direct Plan - Growth Option,02-01-2013,15.0253,Axis Mutual Fund,Equity Scheme - ELSS
