scheme_code,scheme_name,date,nav,fund_house,scheme_category
120841,quant Mid Cap Fund - Growth Option - Direct Plan,02-06-2026,246.8566,quant Mutual Fund,Equity Scheme - Mid Cap Fund
120841,quant Mid Cap Fund - Growth Option - Direct Plan,01-06-2026,246.9814,quant Mutual Fund,Equity Scheme - Mid Cap Fund
120841,quant Mid Cap Fund - Growth Option - Direct Plan,29-05-2026,248.6673,quant Mutual Fund,Equity Scheme - Mid Cap Fund
120841,quant Mid Cap Fund - Growth Option - Direct Plan,27-05-2026,251.2273,quant Mutual Fund,Equity Scheme - Mid Cap Fund
120841,quant Mid Cap Fund - Growth Option - Direct Plan,26-05-2026,251.2702,quant Mutual Fund,Equity Scheme - Mid Cap Fund
120841,quant Mid Cap Fund - Growth Option - Direct Plan,25-05-2026,249.2266,quant Mutual Fund,Equity Scheme - Mid Cap Fund
120841,quant Mid Cap Fund - Growth Option - Direct Plan,22-05-2026,247.8039,quant Mutual Fund,Equity Scheme - Mid Cap Fund
120841,quant Mid Cap Fund - Growth Option - Direct Plan,21-05-2026,248.8853,quant Mutual Fund,Equity Scheme - Mid Cap Fund
120841,quant Mid Cap Fund - Growth Option - Direct Plan,20-05-2026,244.7199,quant Mutual Fund,Equity Scheme - Mid Cap Fund
120841,quant Mid Cap Fund - Growth Option - Direct Plan,19-05-2026,241.6771,quant Mutual Fund,Equity Scheme - Mid Cap Fund
120841,quant Mid Cap Fund - Growth Option - Direct Plan,18-05-2026,241.2615,quant Mutual Fund,Equity Scheme - Mid Cap Fund
120841,quant Mid Cap Fund - Growth Option - Direct Plan,15-05-2026,242.0952,quant Mutual Fund,Equity Scheme - Mid Cap Fund
120841,quant Mid Cap Fund - Growth Option - Direct Plan,14-05-2026,243.5314,quant Mutual Fund,Equity Scheme - Mid Cap Fund
120841,quant Mid Cap Fund - Growth Option - Direct Plan,13-05-2026,240.0746,quant Mutual Fund,Equity Scheme - Mid Cap Fund
120841,quant Mid Cap Fund - Growth Option - Direct Plan,12-05-2026,238.1528,quant Mutual Fund,Equity Scheme - Mid Cap Fund
120841,quant Mid Cap Fund - Growth Option - Direct Plan,11-05-2026,242.7219,quant Mutual Fund,Equity Scheme - Mid Cap Fund
120841,quant Mid Cap Fund - Growth Option - Direct Plan,08-05-2026,244.6201,quant Mutual Fund,Equity Scheme - Mid Cap Fund
120841,quant Mid Cap Fund - Growth Option - Direct Plan,07-05-2026,245.6055,quant Mutual Fund,Equity Scheme - Mid Cap Fund
120841,quant Mid Cap Fund - Growth Option - Direct Plan,06-05-2026,245.3878,quant Mutual Fund,Equity Scheme - Mid Cap Fund
120841,quant Mid Cap Fund - Growth Option - Direct Plan,05-05-2026,242.9594,quant Mutual Fund,Equity Scheme - Mid Cap Fund
120841,quant Mid Cap Fund - Growth Option - Direct Plan,04-05-2026,242.7655,quant Mutual Fund,Equity Scheme - Mid Cap Fund
120841,quant Mid Cap Fund - Growth Option - Direct Plan,30-04-2026,240.5353,quant Mutual Fund,Equity Scheme - Mid Cap Fund
120841,quant Mid Cap Fund - Growth Option - Direct Plan,29-04-2026,242.345,quant Mutual Fund,Equity Scheme - Mid Cap Fund
120841,quant Mid Cap Fund - Growth Option - Direct Plan,28-04-2026,242.6241,quant Mutual Fund,Equity Scheme - Mid Cap Fund
120841,quant Mid Cap Fund - Growth Option - Direct Plan,27-04-2026,241.2517,quant Mutual Fund,Equity Scheme - Mid Cap Fund
120841,quant Mid Cap Fund - Growth Option - Direct Plan,24-04-2026,238.1456,quant Mutual Fund,Equity Scheme - Mid Cap Fund
120841,quant Mid Cap Fund - Growth Option - Direct Plan,23-04-2026,239.7583,quant Mutual Fund,Equity Scheme - Mid Cap Fund
120841,quant Mid Cap Fund - Growth Option - Direct Plan,22-04-2026,238.5702,quant Mutual Fund,Equity Scheme - Mid Cap Fund
120841,quant Mid Cap Fund - Growth Option - Direct Plan,21-04-2026,236.4598,quant Mutual Fund,Equity Scheme - Mid Cap Fund
120841,quant Mid Cap Fund - Growth Option - Direct Plan,20-04-2026,235.1961,quant Mutual Fund,Equity Scheme - Mid Cap Fund
120841,quant Mid Cap Fund - Growth Option - Direct Plan,17-04-2026,236.2133,quant Mutual Fund,Equity Scheme - Mid Cap Fund
120841,quant Mid Cap Fund - Growth Option - Direct Plan,16-04-2026,233.318,quant Mutual Fund,Equity Scheme - Mid Cap Fund
120841,quant Mid Cap Fund - Growth Option - Direct Plan,15-04-2026,231.5434,quant Mutual Fund,Equity Scheme - Mid Cap Fund
120841,quant Mid Cap Fund - Growth Option - Direct Plan,13-04-2026,226.9809,quant Mutual Fund,Equity Scheme - Mid Cap Fund
120841,quant Mid Cap Fund - Growth Option - Direct Plan,10-04-2026,228.6993,quant Mutual Fund,Equity Scheme - Mid Cap Fund
120841,quant Mid Cap Fund - Growth Option - Direct Plan,09-04-2026,224.6235,quant Mutual Fund,Equity Scheme - Mid Cap Fund
120841,quant Mid Cap Fund - Growth Option - Direct Plan,08-04-2026,224.5909,quant Mutual Fund,Equity Scheme - Mid Cap Fund
120841,quant Mid Cap Fund - Growth Option - Direct Plan,07-04-2026,217.9604,quant Mutual Fund,Equity Scheme - Mid Cap Fund
120841,quant Mid Cap Fund - Growth Option - Direct Plan,06-04-2026,217.6413,quant Mutual Fund,Equity Scheme - Mid Cap Fund
120841,quant Mid Cap Fund - Growth Option - Direct Plan,02-04-2026,216.2795,quant Mutual Fund,Equity Scheme - Mid Cap Fund
120841,quant Mid Cap Fund - Growth Option - Direct Plan,01-04-2026,216.7627,quant Mutual Fund,Equity Scheme - Mid Cap Fund
120841,quant Mid Cap Fund - Growth Option - Direct Plan,31-03-2026,212.3571,quant Mutual Fund,Equity Scheme - Mid Cap Fund
120841,quant Mid Cap Fund - Growth Option - Direct Plan,30-03-2026,212.3561,quant Mutual Fund,Equity Scheme - Mid Cap Fund
120841,quant Mid Cap Fund - Growth Option - Direct Plan,27-03-2026,215.979,quant Mutual Fund,Equity Scheme - Mid Cap Fund
120841,quant Mid Cap Fund - Growth Option - Direct Plan,25-03-2026,218.6866,quant Mutual Fund,Equity Scheme - Mid Cap Fund
120841,quant Mid Cap Fund - Growth Option - Direct Plan,24-03-2026,214.9164,quant Mutual Fund,Equity Scheme - Mid Cap Fund
120841,quant Mid Cap Fund - Growth Option - Direct Plan,23-03-2026,210.115,quant Mutual Fund,Equity Scheme - Mid Cap Fund
120841,quant Mid Cap Fund - Growth Option - Direct Plan,20-03-2026,215.8819,quant Mutual Fund,Equity Scheme - Mid Cap Fund
120841,quant Mid Cap Fund - Growth Option - Direct Plan,19-03-2026,214.0899,quant Mutual Fund,Equity Scheme - Mid Cap Fund
120841,quant Mid Cap Fund - Growth Option - Direct Plan,18-03-2026,219.4077,quant Mutual Fund,Equity Scheme - Mid Cap Fund
120841,quant Mid Cap Fund - Growth Option - Direct Plan,17-03-2026,215.8723,quant Mutual Fund,Equity Scheme - Mid Cap Fund
120841,quant Mid Cap Fund - Growth Option - Direct Plan,16-03-2026,213.4091,quant Mutual Fund,Equity Scheme - Mid Cap Fund
120841,quant Mid Cap Fund - Growth Option - Direct Plan,13-03-2026,212.7884,quant Mutual Fund,Equity Scheme - Mid Cap Fund
120841,quant Mid Cap Fund - Growth Option - Direct Plan,12-03-2026,216.8313,quant Mutual Fund,Equity Scheme - Mid Cap Fund
120841,quant Mid Cap Fund - Growth Option - Direct Plan,11-03-2026,217.2638,quant Mutual Fund,Equity Scheme - Mid Cap Fund
120841,quant Mid Cap Fund - Growth Option - Direct Plan,10-03-2026,217.2151,quant Mutual Fund,Equity Scheme - Mid Cap Fund
120841,quant Mid Cap Fund - Growth Option - Direct Plan,09-03-2026,213.7211,quant Mutual Fund,Equity Scheme - Mid Cap Fund
120841,quant Mid Cap Fund - Growth Option - Direct Plan,06-03-2026,215.1244,quant Mutual Fund,Equity Scheme - Mid Cap Fund
120841,quant Mid Cap Fund - Growth Option - Direct Plan,05-03-2026,216.0433,quant Mutual Fund,Equity Scheme - Mid Cap Fund
120841,quant Mid Cap Fund - Growth Option - Direct Plan,04-03-2026,213.8632,quant Mutual Fund,Equity Scheme - Mid Cap Fund
120841,quant Mid Cap Fund - Growth Option - Direct Plan,02-03-2026,217.4449,quant Mutual Fund,Equity Scheme - Mid Cap Fund
120841,quant Mid Cap Fund - Growth Option - Direct Plan,27-02-2026,221.2108,quant Mutual Fund,Equity Scheme - Mid Cap Fund
120841,quant Mid Cap Fund - Growth Option - Direct Plan,26-02-2026,223.828,quant Mutual Fund,Equity Scheme - Mid Cap Fund
120841,quant Mid Cap Fund - Growth Option - Direct Plan,25-02-2026,222.6482,quant Mutual Fund,Equity Scheme - Mid Cap Fund
120841,quant Mid Cap Fund - Growth Option - Direct Plan,24-02-2026,220.5605,quant Mutual Fund,Equity Scheme - Mid Cap Fund
120841,quant Mid Cap Fund - Growth Option - Direct Plan,23-02-2026,221.7051,quant Mutual Fund,Equity Scheme - Mid Cap Fund
120841,quant Mid Cap Fund - Growth Option - Direct Plan,20-02-2026,221.3408,quant Mutual Fund,Equity Scheme - Mid Cap Fund
120841,quant Mid Cap Fund - Growth Option - Direct Plan,19-02-2026,220.4132,quant Mutual Fund,Equity Scheme - Mid Cap Fund
120841,quant Mid Cap Fund - Growth Option - Direct Plan,18-02-2026,223.2608,quant Mutual Fund,Equity Scheme - Mid Cap Fund
120841,quant Mid Cap Fund - Growth Option - Direct Plan,17-02-2026,222.9773,quant Mutual Fund,Equity Scheme - Mid Cap Fund
120841,quant Mid Cap Fund - Growth Option - Direct Plan,16-02-2026,222.4954,quant Mutual Fund,Equity Scheme - Mid Cap Fund
120841,quant Mid Cap Fund - Growth Option - Direct Plan,13-02-2026,222.5748,quant Mutual Fund,Equity Scheme - Mid Cap Fund
120841,quant Mid Cap Fund - Growth Option - Direct Plan,12-02-2026,225.4245,quant Mutual Fund,Equity Scheme - Mid Cap Fund
120841,quant Mid Cap Fund - Growth Option - Direct Plan,11-02-2026,225.6929,quant Mutual Fund,Equity Scheme - Mid Cap Fund
120841,quant Mid Cap Fund - Growth Option - Direct Plan,10-02-2026,225.1996,quant Mutual Fund,Equity Scheme - Mid Cap Fund
120841,quant Mid Cap Fund - Growth Option - Direct Plan,09-02-2026,224.5198,quant Mutual Fund,Equity Scheme - Mid Cap Fund
120841,quant Mid Cap Fund - Growth Option - Direct Plan,06-02-2026,221.7398,quant Mutual Fund,Equity Scheme - Mid Cap Fund
120841,quant Mid Cap Fund - Growth Option - Direct Plan,05-02-2026,220.8275,quant Mutual Fund,Equity Scheme - Mid Cap Fund
120841,quant Mid Cap Fund - Growth Option - Direct Plan,04-02-2026,220.8543,quant Mutual Fund,Equity Scheme - Mid Cap Fund
120841,quant Mid Cap Fund - Growth Option - Direct Plan,03-02-2026,220.1536,quant Mutual Fund,Equity Scheme - Mid Cap Fund
120841,quant Mid Cap Fund - Growth Option - Direct Plan,02-02-2026,215.3687,quant Mutual Fund,Equity Scheme - Mid Cap Fund
120841,quant Mid Cap Fund - Growth Option - Direct Plan,30-01-2026,217.3627,quant Mutual Fund,Equity Scheme - Mid Cap Fund
120841,quant Mid Cap Fund - Growth Option - Direct Plan,29-01-2026,215.8206,quant Mutual Fund,Equity Scheme - Mid Cap Fund
120841,quant Mid Cap Fund - Growth Option - Direct Plan,28-01-2026,216.5481,quant Mutual Fund,Equity Scheme - Mid Cap Fund
120841,quant Mid Cap Fund - Growth Option - Direct Plan,27-01-2026,214.5324,quant Mutual Fund,Equity Scheme - Mid Cap Fund
120841,quant Mid Cap Fund - Growth Option - Direct Plan,23-01-2026,214.913,quant Mutual Fund,Equity Scheme - Mid Cap Fund
120841,quant Mid Cap Fund - Growth Option - Direct Plan,22-01-2026,218.2378,quant Mutual Fund,Equity Scheme - Mid Cap Fund
120841,quant Mid Cap Fund - Growth Option - Direct Plan,21-01-2026,216.4631,quant Mutual Fund,Equity Scheme - Mid Cap Fund
120841,quant Mid Cap Fund - Growth Option - Direct Plan,20-01-2026,220.3003,quant Mutual Fund,Equity Scheme - Mid Cap Fund
120841,quant Mid Cap Fund - Growth Option - Direct Plan,19-01-2026,224.6687,quant Mutual Fund,Equity Scheme - Mid Cap Fund
120841,quant Mid Cap Fund - Growth Option - Direct Plan,16-01-2026,224.9528,quant Mutual Fund,Equity Scheme - Mid Cap Fund
120841,quant Mid Cap Fund - Growth Option - Direct Plan,14-01-2026,225.3953,quant Mutual Fund,Equity Scheme - Mid Cap Fund
120841,quant Mid Cap Fund - Growth Option - Direct Plan,13-01-2026,225.4815,quant Mutual Fund,Equity Scheme - Mid Cap Fund
120841,quant Mid Cap Fund - Growth Option - Direct Plan,12-01-2026,226.2587,quant Mutual Fund,Equity Scheme - Mid Cap Fund
120841,quant Mid Cap Fund - Growth Option - Direct Plan,09-01-2026,227.0265,quant Mutual Fund,Equity Scheme - Mid Cap Fund
120841,quant Mid Cap Fund - Growth Option - Direct Plan,08-01-2026,229.2263,quant Mutual Fund,Equity Scheme - Mid Cap Fund
120841,quant Mid Cap Fund - Growth Option - Direct Plan,07-01-2026,233.3132,quant Mutual Fund,Equity Scheme - Mid Cap Fund
120841,quant Mid Cap Fund - Growth Option - Direct Plan,06-01-2026,233.0409,quant Mutual Fund,Equity Scheme - Mid Cap Fund
120841,quant Mid Cap Fund - Growth Option - Direct Plan,05-01-2026,234.5069,quant Mutual Fund,Equity Scheme - Mid Cap Fund
120841,quant Mid Cap Fund - Growth Option - Direct Plan,02-01-2026,236.4132,quant Mutual Fund,Equity Scheme - Mid Cap Fund
120841,quant Mid Cap Fund - Growth Option - Direct Plan,01-01-2026,235.259,quant Mutual Fund,Equity Scheme - Mid Cap Fund
120841,quant Mid Cap Fund - Growth Option - Direct Plan,31-12-2025,235.5063,quant Mutual Fund,Equity Scheme - Mid Cap Fund
120841,quant Mid Cap Fund - Growth Option - Direct Plan,30-12-2025,234.3754,quant Mutual Fund,Equity Scheme - Mid Cap Fund
120841,quant Mid Cap Fund - Growth Option - Direct Plan,29-12-2025,235.9854,quant Mutual Fund,Equity Scheme - Mid Cap Fund
120841,quant Mid Cap Fund - Growth Option - Direct Plan,26-12-2025,236.9848,quant Mutual Fund,Equity Scheme - Mid Cap Fund
120841,quant Mid Cap Fund - Growth Option - Direct Plan,24-12-2025,237.653,quant Mutual Fund,Equity Scheme - Mid Cap Fund
120841,quant Mid Cap Fund - Growth Option - Direct Plan,23-12-2025,238.7629,quant Mutual Fund,Equity Scheme - Mid Cap Fund
120841,quant Mid Cap Fund - Growth Option - Direct Plan,22-12-2025,238.0447,quant Mutual Fund,Equity Scheme - Mid Cap Fund
120841,quant Mid Cap Fund - Growth Option - Direct Plan,19-12-2025,236.9631,quant Mutual Fund,Equity Scheme - Mid Cap Fund
120841,quant Mid Cap Fund - Growth Option - Direct Plan,18-12-2025,234.7045,quant Mutual Fund,Equity Scheme - Mid Cap Fund
120841,quant Mid Cap Fund - Growth Option - Direct Plan,17-12-2025,234.3133,quant Mutual Fund,Equity Scheme - Mid Cap Fund
120841,quant Mid Cap Fund - Growth Option - Direct Plan,16-12-2025,235.7084,quant Mutual Fund,Equity Scheme - Mid Cap Fund
120841,quant Mid Cap Fund - Growth Option - Direct Plan,15-12-2025,238.3773,quant Mutual Fund,Equity Scheme - Mid Cap Fund
120841,quant Mid Cap Fund - Growth Option - Direct Plan,12-12-2025,238.1125,quant Mutual Fund,Equity Scheme - Mid Cap Fund
120841,quant Mid Cap Fund - Growth Option - Direct Plan,11-12-2025,236.1615,quant Mutual Fund,Equity Scheme - Mid Cap Fund
120841,quant Mid Cap Fund - Growth Option - Direct Plan,10-12-2025,234.2746,quant Mutual Fund,Equity Scheme - Mid Cap Fund
120841,quant Mid Cap Fund - Growth Option - Direct Plan,09-12-2025,234.7247,quant Mutual Fund,Equity Scheme - Mid Cap Fund
120841,quant Mid Cap Fund - Growth Option - Direct Plan,08-12-2025,234.3084,quant Mutual Fund,Equity Scheme - Mid Cap Fund
120841,quant Mid Cap Fund - Growth Option - Direct Plan,05-12-2025,238.011,quant Mutual Fund,Equity Scheme - Mid Cap Fund
120841,quant Mid Cap Fund - Growth Option - Direct Plan,04-12-2025,238.0141,quant Mutual Fund,Equity Scheme - Mid Cap Fund
120841,quant Mid Cap Fund - Growth Option - Direct Plan,03-12-2025,238.6028,quant Mutual Fund,Equity Scheme - Mid Cap Fund
120841,quant Mid Cap Fund - Growth Option - Direct Plan,02-12-2025,239.2874,quant Mutual Fund,Equity Scheme - Mid Cap Fund
120841,quant Mid Cap Fund - Growth Option - Direct Plan,01-12-2025,240.1195,quant Mutual Fund,Equity Scheme - Mid Cap Fund
120841,quant Mid Cap Fund - Growth Option - Direct Plan,28-11-2025,240.0428,quant Mutual Fund,Equity Scheme - Mid Cap Fund
120841,quant Mid Cap Fund - Growth Option - Direct Plan,27-11-2025,240.9565,quant Mutual Fund,Equity Scheme - Mid Cap Fund
120841,quant Mid Cap Fund - Growth Option - Direct Plan,26-11-2025,240.6092,quant Mutual Fund,Equity Scheme - Mid Cap Fund
120841,quant Mid Cap Fund - Growth Option - Direct Plan,25-11-2025,237.4439,quant Mutual Fund,Equity Scheme - Mid Cap Fund
120841,quant Mid Cap Fund - Growth Option - Direct Plan,24-11-2025,238.0858,quant Mutual Fund,Equity Scheme - Mid Cap Fund
120841,quant Mid Cap Fund - Growth Option - Direct Plan,21-11-2025,240.214,quant Mutual Fund,Equity Scheme - Mid Cap Fund
120841,quant Mid Cap Fund - Growth Option - Direct Plan,20-11-2025,242.1044,quant Mutual Fund,Equity Scheme - Mid Cap Fund
120841,quant Mid Cap Fund - Growth Option - Direct Plan,19-11-2025,241.8587,quant Mutual Fund,Equity Scheme - Mid Cap Fund
120841,quant Mid Cap Fund - Growth Option - Direct Plan,18-11-2025,241.3464,quant Mutual Fund,Equity Scheme - Mid Cap Fund
120841,quant Mid Cap Fund - Growth Option - Direct Plan,17-11-2025,242.3625,quant Mutual Fund,Equity Scheme - Mid Cap Fund
120841,quant Mid Cap Fund - Growth Option - Direct Plan,14-11-2025,240.1422,quant Mutual Fund,Equity Scheme - Mid Cap Fund
120841,quant Mid Cap Fund - Growth Option - Direct Plan,13-11-2025,240.6851,quant Mutual Fund,Equity Scheme - Mid Cap Fund
120841,quant Mid Cap Fund - Growth Option - Direct Plan,12-11-2025,240.8333,quant Mutual Fund,Equity Scheme - Mid Cap Fund
120841,quant Mid Cap Fund - Growth Option - Direct Plan,11-11-2025,239.2695,quant Mutual Fund,Equity Scheme - Mid Cap Fund
120841,quant Mid Cap Fund - Growth Option - Direct Plan,10-11-2025,239.0148,quant Mutual Fund,Equity Scheme - Mid Cap Fund
120841,quant Mid Cap Fund - Growth Option - Direct Plan,07-11-2025,238.5395,quant Mutual Fund,Equity Scheme - Mid Cap Fund
120841,quant Mid Cap Fund - Growth Option - Direct Plan,06-11-2025,238.3367,quant Mutual Fund,Equity Scheme - Mid Cap Fund
120841,quant Mid Cap Fund - Growth Option - Direct Plan,04-11-2025,241.3991,quant Mutual Fund,Equity Scheme - Mid Cap Fund
120841,quant Mid Cap Fund - Growth Option - Direct Plan,03-11-2025,242.436,quant Mutual Fund,Equity Scheme - Mid Cap Fund
120841,quant Mid Cap Fund - Growth Option - Direct Plan,31-10-2025,241.241,quant Mutual Fund,Equity Scheme - Mid Cap Fund
120841,quant Mid Cap Fund - Growth Option - Direct Plan,30-10-2025,241.5912,quant Mutual Fund,Equity Scheme - Mid Cap Fund
120841,quant Mid Cap Fund - Growth Option - Direct Plan,29-10-2025,242.1269,quant Mutual Fund,Equity Scheme - Mid Cap Fund
120841,quant Mid Cap Fund - Growth Option - Direct Plan,28-10-2025,240.5906,quant Mutual Fund,Equity Scheme - Mid Cap Fund
120841,quant Mid Cap Fund - Growth Option - Direct Plan,27-10-2025,241.1116,quant Mutual Fund,Equity Scheme - Mid Cap Fund
120841,quant Mid Cap Fund - Growth Option - Direct Plan,24-10-2025,238.5586,quant Mutual Fund,Equity Scheme - Mid Cap Fund
120841,quant Mid Cap Fund - Growth Option - Direct Plan,23-10-2025,238.1741,quant Mutual Fund,Equity Scheme - Mid Cap Fund
120841,quant Mid Cap Fund - Growth Option - Direct Plan,20-10-2025,238.5658,quant Mutual Fund,Equity Scheme - Mid Cap Fund
120841,quant Mid Cap Fund - Growth Option - Direct Plan,17-10-2025,237.9585,quant Mutual Fund,Equity Scheme - Mid Cap Fund
120841,quant Mid Cap Fund - Growth Option - Direct Plan,16-10-2025,239.7386,quant Mutual Fund,Equity Scheme - Mid Cap Fund
120841,quant Mid Cap Fund - Growth Option - Direct Plan,15-10-2025,238.4586,quant Mutual Fund,Equity Scheme - Mid Cap Fund
120841,quant Mid Cap Fund - Growth Option - Direct Plan,14-10-2025,236.6668,quant Mutual Fund,Equity Scheme - Mid Cap Fund
120841,quant Mid Cap Fund - Growth Option - Direct Plan,13-10-2025,237.2262,quant Mutual Fund,Equity Scheme - Mid Cap Fund
120841,quant Mid Cap Fund - Growth Option - Direct Plan,10-10-2025,238.7569,quant Mutual Fund,Equity Scheme - Mid Cap Fund
120841,quant Mid Cap Fund - Growth Option - Direct Plan,09-10-2025,235.938,quant Mutual Fund,Equity Scheme - Mid Cap Fund
120841,quant Mid Cap Fund - Growth Option - Direct Plan,08-10-2025,232.7811,quant Mutual Fund,Equity Scheme - Mid Cap Fund
120841,quant Mid Cap Fund - Growth Option - Direct Plan,07-10-2025,233.9591,quant Mutual Fund,Equity Scheme - Mid Cap Fund
120841,quant Mid Cap Fund - Growth Option - Direct Plan,06-10-2025,233.8185,quant Mutual Fund,Equity Scheme - Mid Cap Fund
120841,quant Mid Cap Fund - Growth Option - Direct Plan,03-10-2025,233.3789,quant Mutual Fund,Equity Scheme - Mid Cap Fund
120841,quant Mid Cap Fund - Growth Option - Direct Plan,01-10-2025,231.3691,quant Mutual Fund,Equity Scheme - Mid Cap Fund
120841,quant Mid Cap Fund - Growth Option - Direct Plan,30-09-2025,229.5282,quant Mutual Fund,Equity Scheme - Mid Cap Fund
120841,quant Mid Cap Fund - Growth Option - Direct Plan,26-09-2025,229.743,quant Mutual Fund,Equity Scheme - Mid Cap Fund
120841,quant Mid Cap Fund - Growth Option - Direct Plan,25-09-2025,233.8771,quant Mutual Fund,Equity Scheme - Mid Cap Fund
120841,quant Mid Cap Fund - Growth Option - Direct Plan,24-09-2025,235.1127,quant Mutual Fund,Equity Scheme - Mid Cap Fund
120841,quant Mid Cap Fund - Growth Option - Direct Plan,23-09-2025,236.4453,quant Mutual Fund,Equity Scheme - Mid Cap Fund
120841,quant Mid Cap Fund - Growth Option - Direct Plan,22-09-2025,236.6308,quant Mutual Fund,Equity Scheme - Mid Cap Fund
120841,quant Mid Cap Fund - Growth Option - Direct Plan,19-09-2025,238.7551,quant Mutual Fund,Equity Scheme - Mid Cap Fund
120841,quant Mid Cap Fund - Growth Option - Direct Plan,18-09-2025,239.2009,quant Mutual Fund,Equity Scheme - Mid Cap Fund
120841,quant Mid Cap Fund - Growth Option - Direct Plan,17-09-2025,238.4804,quant Mutual Fund,Equity Scheme - Mid Cap Fund
120841,quant Mid Cap Fund - Growth Option - Direct Plan,16-09-2025,238.5553,quant Mutual Fund,Equity Scheme - Mid Cap Fund
120841,quant Mid Cap Fund - Growth Option - Direct Plan,15-09-2025,236.803,quant Mutual Fund,Equity Scheme - Mid Cap Fund
120841,quant Mid Cap Fund - Growth Option - Direct Plan,12-09-2025,235.5009,quant Mutual Fund,Equity Scheme - Mid Cap Fund
120841,quant Mid Cap Fund - Growth Option - Direct Plan,11-09-2025,234.5814,quant Mutual Fund,Equity Scheme - Mid Cap Fund
120841,quant Mid Cap Fund - Growth Option - Direct Plan,10-09-2025,232.9172,quant Mutual Fund,Equity Scheme - Mid Cap Fund
120841,quant Mid Cap Fund - Growth Option - Direct Plan,09-09-2025,231.7601,quant Mutual Fund,Equity Scheme - Mid Cap Fund
120841,quant Mid Cap Fund - Growth Option - Direct Plan,08-09-2025,230.3334,quant Mutual Fund,Equity Scheme - Mid Cap Fund
120841,quant Mid Cap Fund - Growth Option - Direct Plan,05-09-2025,230.0261,quant Mutual Fund,Equity Scheme - Mid Cap Fund
120841,quant Mid Cap Fund - Growth Option - Direct Plan,04-09-2025,230.3147,quant Mutual Fund,Equity Scheme - Mid Cap Fund
120841,quant Mid Cap Fund - Growth Option - Direct Plan,03-09-2025,231.8308,quant Mutual Fund,Equity Scheme - Mid Cap Fund
120841,quant Mid Cap Fund - Growth Option - Direct Plan,02-09-2025,230.2564,quant Mutual Fund,Equity Scheme - Mid Cap Fund
120841,quant Mid Cap Fund - Growth Option - Direct Plan,01-09-2025,230.56,quant Mutual Fund,Equity Scheme - Mid Cap Fund
120841,quant Mid Cap Fund - Growth Option - Direct Plan,29-08-2025,228.1841,quant Mutual Fund,Equity Scheme - Mid Cap Fund
120841,quant Mid Cap Fund - Growth Option - Direct Plan,28-08-2025,228.6161,quant Mutual Fund,Equity Scheme - Mid Cap Fund
120841,quant Mid Cap Fund - Growth Option - Direct Plan,26-08-2025,231.5244,quant Mutual Fund,Equity Scheme - Mid Cap Fund
120841,quant Mid Cap Fund - Growth Option - Direct Plan,25-08-2025,234.8266,quant Mutual Fund,Equity Scheme - Mid Cap Fund
120841,quant Mid Cap Fund - Growth Option - Direct Plan,22-08-2025,234.6473,quant Mutual Fund,Equity Scheme - Mid Cap Fund
120841,quant Mid Cap Fund - Growth Option - Direct Plan,21-08-2025,235.9925,quant Mutual Fund,Equity Scheme - Mid Cap Fund
120841,quant Mid Cap Fund - Growth Option - Direct Plan,20-08-2025,237.6875,quant Mutual Fund,Equity Scheme - Mid Cap Fund
120841,quant Mid Cap Fund - Growth Option - Direct Plan,19-08-2025,238.1606,quant Mutual Fund,Equity Scheme - Mid Cap Fund
120841,quant Mid Cap Fund - Growth Option - Direct Plan,18-08-2025,235.8966,quant Mutual Fund,Equity Scheme - Mid Cap Fund
120841,quant Mid Cap Fund - Growth Option - Direct Plan,14-08-2025,235.4145,quant Mutual Fund,Equity Scheme - Mid Cap Fund
120841,quant Mid Cap Fund - Growth Option - Direct Plan,13-08-2025,235.0528,quant Mutual Fund,Equity Scheme - Mid Cap Fund
120841,quant Mid Cap Fund - Growth Option - Direct Plan,12-08-2025,233.816,quant Mutual Fund,Equity Scheme - Mid Cap Fund
120841,quant Mid Cap Fund - Growth Option - Direct Plan,11-08-2025,234.2709,quant Mutual Fund,Equity Scheme - Mid Cap Fund
120841,quant Mid Cap Fund - Growth Option - Direct Plan,08-08-2025,232.4897,quant Mutual Fund,Equity Scheme - Mid Cap Fund
120841,quant Mid Cap Fund - Growth Option - Direct Plan,07-08-2025,235.6791,quant Mutual Fund,Equity Scheme - Mid Cap Fund
120841,quant Mid Cap Fund - Growth Option - Direct Plan,06-08-2025,235.1393,quant Mutual Fund,Equity Scheme - Mid Cap Fund
120841,quant Mid Cap Fund - Growth Option - Direct Plan,05-08-2025,236.2507,quant Mutual Fund,Equity Scheme - Mid Cap Fund
120841,quant Mid Cap Fund - Growth Option - Direct Plan,04-08-2025,237.9836,quant Mutual Fund,Equity Scheme - Mid Cap Fund
120841,quant Mid Cap Fund - Growth Option - Direct Plan,01-08-2025,235.534,quant Mutual Fund,Equity Scheme - Mid Cap Fund
120841,quant Mid Cap Fund - Growth Option - Direct Plan,31-07-2025,240.1581,quant Mutual Fund,Equity Scheme - Mid Cap Fund
120841,quant Mid Cap Fund - Growth Option - Direct Plan,30-07-2025,243.4561,quant Mutual Fund,Equity Scheme - Mid Cap Fund
120841,quant Mid Cap Fund - Growth Option - Direct Plan,29-07-2025,243.0613,quant Mutual Fund,Equity Scheme - Mid Cap Fund
120841,quant Mid Cap Fund - Growth Option - Direct Plan,28-07-2025,240.377,quant Mutual Fund,Equity Scheme - Mid Cap Fund
120841,quant Mid Cap Fund - Growth Option - Direct Plan,25-07-2025,242.2285,quant Mutual Fund,Equity Scheme - Mid Cap Fund
120841,quant Mid Cap Fund - Growth Option - Direct Plan,24-07-2025,244.7259,quant Mutual Fund,Equity Scheme - Mid Cap Fund
120841,quant Mid Cap Fund - Growth Option - Direct Plan,23-07-2025,245.9123,quant Mutual Fund,Equity Scheme - Mid Cap Fund
120841,quant Mid Cap Fund - Growth Option - Direct Plan,22-07-2025,244.27,quant Mutual Fund,Equity Scheme - Mid Cap Fund
120841,quant Mid Cap Fund - Growth Option - Direct Plan,21-07-2025,246.4861,quant Mutual Fund,Equity Scheme - Mid Cap Fund
120841,quant Mid Cap Fund - Growth Option - Direct Plan,18-07-2025,246.0588,quant Mutual Fund,Equity Scheme - Mid Cap Fund
120841,quant Mid Cap Fund - Growth Option - Direct Plan,17-07-2025,247.6199,quant Mutual Fund,Equity Scheme - Mid Cap Fund
120841,quant Mid Cap Fund - Growth Option - Direct Plan,16-07-2025,247.8651,quant Mutual Fund,Equity Scheme - Mid Cap Fund
120841,quant Mid Cap Fund - Growth Option - Direct Plan,15-07-2025,247.6496,quant Mutual Fund,Equity Scheme - Mid Cap Fund
120841,quant Mid Cap Fund - Growth Option - Direct Plan,14-07-2025,246.3603,quant Mutual Fund,Equity Scheme - Mid Cap Fund
120841,quant Mid Cap Fund - Growth Option - Direct Plan,11-07-2025,245.4267,quant Mutual Fund,Equity Scheme - Mid Cap Fund
120841,quant Mid Cap Fund - Growth Option - Direct Plan,10-07-2025,247.9259,quant Mutual Fund,Equity Scheme - Mid Cap Fund
120841,quant Mid Cap Fund - Growth Option - Direct Plan,09-07-2025,248.2505,quant Mutual Fund,Equity Scheme - Mid Cap Fund
120841,quant Mid Cap Fund - Growth Option - Direct Plan,08-07-2025,249.0142,quant Mutual Fund,Equity Scheme - Mid Cap Fund
120841,quant Mid Cap Fund - Growth Option - Direct Plan,07-07-2025,249.6877,quant Mutual Fund,Equity Scheme - Mid Cap Fund
120841,quant Mid Cap Fund - Growth Option - Direct Plan,04-07-2025,250.2343,quant Mutual Fund,Equity Scheme - Mid Cap Fund
120841,quant Mid Cap Fund - Growth Option - Direct Plan,03-07-2025,248.6183,quant Mutual Fund,Equity Scheme - Mid Cap Fund
120841,quant Mid Cap Fund - Growth Option - Direct Plan,02-07-2025,249.1057,quant Mutual Fund,Equity Scheme - Mid Cap Fund
120841,quant Mid Cap Fund - Growth Option - Direct Plan,01-07-2025,248.2882,quant Mutual Fund,Equity Scheme - Mid Cap Fund
120841,quant Mid Cap Fund - Growth Option - Direct Plan,30-06-2025,247.8273,quant Mutual Fund,Equity Scheme - Mid Cap Fund
120841,quant Mid Cap Fund - Growth Option - Direct Plan,27-06-2025,247.1461,quant Mutual Fund,Equity Scheme - Mid Cap Fund
120841,quant Mid Cap Fund - Growth Option - Direct Plan,26-06-2025,246.3223,quant Mutual Fund,Equity Scheme - Mid Cap Fund
120841,quant Mid Cap Fund - Growth Option - Direct Plan,25-06-2025,243.8775,quant Mutual Fund,Equity Scheme - Mid Cap Fund
120841,quant Mid Cap Fund - Growth Option - Direct Plan,24-06-2025,242.5875,quant Mutual Fund,Equity Scheme - Mid Cap Fund
120841,quant Mid Cap Fund - Growth Option - Direct Plan,23-06-2025,242.2674,quant Mutual Fund,Equity Scheme - Mid Cap Fund
120841,quant Mid Cap Fund - Growth Option - Direct Plan,20-06-2025,241.4383,quant Mutual Fund,Equity Scheme - Mid Cap Fund
120841,quant Mid Cap Fund - Growth Option - Direct Plan,19-06-2025,238.563,quant Mutual Fund,Equity Scheme - Mid Cap Fund
120841,quant Mid Cap Fund - Growth Option - Direct Plan,18-06-2025,241.9956,quant Mutual Fund,Equity Scheme - Mid Cap Fund
120841,quant Mid Cap Fund - Growth Option - Direct Plan,17-06-2025,243.2315,quant Mutual Fund,Equity Scheme - Mid Cap Fund
120841,quant Mid Cap Fund - Growth Option - Direct Plan,16-06-2025,245.615,quant Mutual Fund,Equity Scheme - Mid Cap Fund
120841,quant Mid Cap Fund - Growth Option - Direct Plan,13-06-2025,243.6935,quant Mutual Fund,Equity Scheme - Mid Cap Fund
120841,quant Mid Cap Fund - Growth Option - Direct Plan,12-06-2025,245.0736,quant Mutual Fund,Equity Scheme - Mid Cap Fund
120841,quant Mid Cap Fund - Growth Option - Direct Plan,11-06-2025,248.6657,quant Mutual Fund,Equity Scheme - Mid Cap Fund
120841,quant Mid Cap Fund - Growth Option - Direct Plan,10-06-2025,248.9619,quant Mutual Fund,Equity Scheme - Mid Cap Fund
120841,quant Mid Cap Fund - Growth Option - Direct Plan,09-06-2025,249.3853,quant Mutual Fund,Equity Scheme - Mid Cap Fund
120841,quant Mid Cap Fund - Growth Option - Direct Plan,06-06-2025,246.8539,quant Mutual Fund,Equity Scheme - Mid Cap Fund
120841,quant Mid Cap Fund - Growth Option - Direct Plan,05-06-2025,246.359,quant Mutual Fund,Equity Scheme - Mid Cap Fund
120841,quant Mid Cap Fund - Growth Option - Direct Plan,04-06-2025,244.5563,quant Mutual Fund,Equity Scheme - Mid Cap Fund
120841,quant Mid Cap Fund - Growth Option - Direct Plan,03-06-2025,242.9149,quant Mutual Fund,Equity Scheme - Mid Cap Fund
120841,quant Mid Cap Fund - Growth Option - Direct Plan,02-06-2025,242.9849,quant Mutual Fund,Equity Scheme - Mid Cap Fund
120841,quant Mid Cap Fund - Growth Option - Direct Plan,30-05-2025,243.2881,quant Mutual Fund,Equity Scheme - Mid Cap Fund
120841,quant Mid Cap Fund - Growth Option - Direct Plan,29-05-2025,245.5956,quant Mutual Fund,Equity Scheme - Mid Cap Fund
120841,quant Mid Cap Fund - Growth Option - Direct Plan,28-05-2025,244.1898,quant Mutual Fund,Equity Scheme - Mid Cap Fund
120841,quant Mid Cap Fund - Growth Option - Direct Plan,27-05-2025,244.8471,quant Mutual Fund,Equity Scheme - Mid Cap Fund
120841,quant Mid Cap Fund - Growth Option - Direct Plan,26-05-2025,244.6617,quant Mutual Fund,Equity Scheme - Mid Cap Fund
120841,quant Mid Cap Fund - Growth Option - Direct Plan,23-05-2025,243.1778,quant Mutual Fund,Equity Scheme - Mid Cap Fund
120841,quant Mid Cap Fund - Growth Option - Direct Plan,22-05-2025,242.5125,quant Mutual Fund,Equity Scheme - Mid Cap Fund
120841,quant Mid Cap Fund - Growth Option - Direct Plan,21-05-2025,243.7466,quant Mutual Fund,Equity Scheme - Mid Cap Fund
120841,quant Mid Cap Fund - Growth Option - Direct Plan,20-05-2025,241.4405,quant Mutual Fund,Equity Scheme - Mid Cap Fund
120841,quant Mid Cap Fund - Growth Option - Direct Plan,19-05-2025,244.8396,quant Mutual Fund,Equity Scheme - Mid Cap Fund
120841,quant Mid Cap Fund - Growth Option - Direct Plan,16-05-2025,245.9744,quant Mutual Fund,Equity Scheme - Mid Cap Fund
120841,quant Mid Cap Fund - Growth Option - Direct Plan,15-05-2025,244.8228,quant Mutual Fund,Equity Scheme - Mid Cap Fund
120841,quant Mid Cap Fund - Growth Option - Direct Plan,14-05-2025,242.8323,quant Mutual Fund,Equity Scheme - Mid Cap Fund
120841,quant Mid Cap Fund - Growth Option - Direct Plan,13-05-2025,239.3958,quant Mutual Fund,Equity Scheme - Mid Cap Fund
120841,quant Mid Cap Fund - Growth Option - Direct Plan,12-05-2025,239.4642,quant Mutual Fund,Equity Scheme - Mid Cap Fund
120841,quant Mid Cap Fund - Growth Option - Direct Plan,09-05-2025,231.1589,quant Mutual Fund,Equity Scheme - Mid Cap Fund
120841,quant Mid Cap Fund - Growth Option - Direct Plan,08-05-2025,231.2396,quant Mutual Fund,Equity Scheme - Mid Cap Fund
120841,quant Mid Cap Fund - Growth Option - Direct Plan,07-05-2025,235.412,quant Mutual Fund,Equity Scheme - Mid Cap Fund
120841,quant Mid Cap Fund - Growth Option - Direct Plan,06-05-2025,233.2886,quant Mutual Fund,Equity Scheme - Mid Cap Fund
120841,quant Mid Cap Fund - Growth Option - Direct Plan,05-05-2025,238.1259,quant Mutual Fund,Equity Scheme - Mid Cap Fund
120841,quant Mid Cap Fund - Growth Option - Direct Plan,02-05-2025,234.7715,quant Mutual Fund,Equity Scheme - Mid Cap Fund
120841,quant Mid Cap Fund - Growth Option - Direct Plan,30-04-2025,236.4184,quant Mutual Fund,Equity Scheme - Mid Cap Fund
120841,quant Mid Cap Fund - Growth Option - Direct Plan,29-04-2025,237.5659,quant Mutual Fund,Equity Scheme - Mid Cap Fund
120841,quant Mid Cap Fund - Growth Option - Direct Plan,28-04-2025,237.8403,quant Mutual Fund,Equity Scheme - Mid Cap Fund
120841,quant Mid Cap Fund - Growth Option - Direct Plan,25-04-2025,234.1117,quant Mutual Fund,Equity Scheme - Mid Cap Fund
120841,quant Mid Cap Fund - Growth Option - Direct Plan,24-04-2025,239.2636,quant Mutual Fund,Equity Scheme - Mid Cap Fund
120841,quant Mid Cap Fund - Growth Option - Direct Plan,23-04-2025,239.1752,quant Mutual Fund,Equity Scheme - Mid Cap Fund
120841,quant Mid Cap Fund - Growth Option - Direct Plan,22-04-2025,237.2151,quant Mutual Fund,Equity Scheme - Mid Cap Fund
120841,quant Mid Cap Fund - Growth Option - Direct Plan,21-04-2025,236.1813,quant Mutual Fund,Equity Scheme - Mid Cap Fund
120841,quant Mid Cap Fund - Growth Option - Direct Plan,17-04-2025,233.07,quant Mutual Fund,Equity Scheme - Mid Cap Fund
120841,quant Mid Cap Fund - Growth Option - Direct Plan,16-04-2025,231.0771,quant Mutual Fund,Equity Scheme - Mid Cap Fund
120841,quant Mid Cap Fund - Growth Option - Direct Plan,15-04-2025,229.1942,quant Mutual Fund,Equity Scheme - Mid Cap Fund
120841,quant Mid Cap Fund - Growth Option - Direct Plan,11-04-2025,223.7678,quant Mutual Fund,Equity Scheme - Mid Cap Fund
120841,quant Mid Cap Fund - Growth Option - Direct Plan,09-04-2025,220.3787,quant Mutual Fund,Equity Scheme - Mid Cap Fund
120841,quant Mid Cap Fund - Growth Option - Direct Plan,08-04-2025,221.4525,quant Mutual Fund,Equity Scheme - Mid Cap Fund
120841,quant Mid Cap Fund - Growth Option - Direct Plan,07-04-2025,216.2363,quant Mutual Fund,Equity Scheme - Mid Cap Fund
120841,quant Mid Cap Fund - Growth Option - Direct Plan,04-04-2025,223.1421,quant Mutual Fund,Equity Scheme - Mid Cap Fund
120841,quant Mid Cap Fund - Growth Option - Direct Plan,03-04-2025,230.6728,quant Mutual Fund,Equity Scheme - Mid Cap Fund
120841,quant Mid Cap Fund - Growth Option - Direct Plan,02-04-2025,229.4658,quant Mutual Fund,Equity Scheme - Mid Cap Fund
120841,quant Mid Cap Fund - Growth Option - Direct Plan,01-04-2025,226.6597,quant Mutual Fund,Equity Scheme - Mid Cap Fund
120841,quant Mid Cap Fund - Growth Option - Direct Plan,31-03-2025,227.7234,quant Mutual Fund,Equity Scheme - Mid Cap Fund
120841,quant Mid Cap Fund - Growth Option - Direct Plan,28-03-2025,227.7198,quant Mutual Fund,Equity Scheme - Mid Cap Fund
120841,quant Mid Cap Fund - Growth Option - Direct Plan,27-03-2025,228.4303,quant Mutual Fund,Equity Scheme - Mid Cap Fund
120841,quant Mid Cap Fund - Growth Option - Direct Plan,26-03-2025,226.7785,quant Mutual Fund,Equity Scheme - Mid Cap Fund
120841,quant Mid Cap Fund - Growth Option - Direct Plan,25-03-2025,228.5638,quant Mutual Fund,Equity Scheme - Mid Cap Fund
120841,quant Mid Cap Fund - Growth Option - Direct Plan,24-03-2025,231.563,quant Mutual Fund,Equity Scheme - Mid Cap Fund
120841,quant Mid Cap Fund - Growth Option - Direct Plan,21-03-2025,228.9535,quant Mutual Fund,Equity Scheme - Mid Cap Fund
120841,quant Mid Cap Fund - Growth Option - Direct Plan,20-03-2025,226.422,quant Mutual Fund,Equity Scheme - Mid Cap Fund
120841,quant Mid Cap Fund - Growth Option - Direct Plan,19-03-2025,224.1758,quant Mutual Fund,Equity Scheme - Mid Cap Fund
120841,quant Mid Cap Fund - Growth Option - Direct Plan,18-03-2025,219.8179,quant Mutual Fund,Equity Scheme - Mid Cap Fund
120841,quant Mid Cap Fund - Growth Option - Direct Plan,17-03-2025,216.0426,quant Mutual Fund,Equity Scheme - Mid Cap Fund
120841,quant Mid Cap Fund - Growth Option - Direct Plan,13-03-2025,215.2816,quant Mutual Fund,Equity Scheme - Mid Cap Fund
120841,quant Mid Cap Fund - Growth Option - Direct Plan,12-03-2025,216.5917,quant Mutual Fund,Equity Scheme - Mid Cap Fund
120841,quant Mid Cap Fund - Growth Option - Direct Plan,11-03-2025,215.8426,quant Mutual Fund,Equity Scheme - Mid Cap Fund
120841,quant Mid Cap Fund - Growth Option - Direct Plan,10-03-2025,215.3282,quant Mutual Fund,Equity Scheme - Mid Cap Fund
120841,quant Mid Cap Fund - Growth Option - Direct Plan,07-03-2025,217.7349,quant Mutual Fund,Equity Scheme - Mid Cap Fund
120841,quant Mid Cap Fund - Growth Option - Direct Plan,06-03-2025,217.3614,quant Mutual Fund,Equity Scheme - Mid Cap Fund
120841,quant Mid Cap Fund - Growth Option - Direct Plan,05-03-2025,214.3513,quant Mutual Fund,Equity Scheme - Mid Cap Fund
120841,quant Mid Cap Fund - Growth Option - Direct Plan,04-03-2025,208.1479,quant Mutual Fund,Equity Scheme - Mid Cap Fund
120841,quant Mid Cap Fund - Growth Option - Direct Plan,03-03-2025,208.6743,quant Mutual Fund,Equity Scheme - Mid Cap Fund
120841,quant Mid Cap Fund - Growth Option - Direct Plan,28-02-2025,209.9337,quant Mutual Fund,Equity Scheme - Mid Cap Fund
120841,quant Mid Cap Fund - Growth Option - Direct Plan,27-02-2025,215.2527,quant Mutual Fund,Equity Scheme - Mid Cap Fund
120841,quant Mid Cap Fund - Growth Option - Direct Plan,25-02-2025,217.6951,quant Mutual Fund,Equity Scheme - Mid Cap Fund
120841,quant Mid Cap Fund - Growth Option - Direct Plan,24-02-2025,219.5091,quant Mutual Fund,Equity Scheme - Mid Cap Fund
120841,quant Mid Cap Fund - Growth Option - Direct Plan,21-02-2025,222.1916,quant Mutual Fund,Equity Scheme - Mid Cap Fund
120841,quant Mid Cap Fund - Growth Option - Direct Plan,20-02-2025,223.4854,quant Mutual Fund,Equity Scheme - Mid Cap Fund
120841,quant Mid Cap Fund - Growth Option - Direct Plan,19-02-2025,221.7637,quant Mutual Fund,Equity Scheme - Mid Cap Fund
120841,quant Mid Cap Fund - Growth Option - Direct Plan,18-02-2025,219.7878,quant Mutual Fund,Equity Scheme - Mid Cap Fund
120841,quant Mid Cap Fund - Growth Option - Direct Plan,17-02-2025,221.5414,quant Mutual Fund,Equity Scheme - Mid Cap Fund
120841,quant Mid Cap Fund - Growth Option - Direct Plan,14-02-2025,220.1629,quant Mutual Fund,Equity Scheme - Mid Cap Fund
120841,quant Mid Cap Fund - Growth Option - Direct Plan,13-02-2025,224.7555,quant Mutual Fund,Equity Scheme - Mid Cap Fund
120841,quant Mid Cap Fund - Growth Option - Direct Plan,12-02-2025,223.747,quant Mutual Fund,Equity Scheme - Mid Cap Fund
120841,quant Mid Cap Fund - Growth Option - Direct Plan,11-02-2025,223.6698,quant Mutual Fund,Equity Scheme - Mid Cap Fund
120841,quant Mid Cap Fund - Growth Option - Direct Plan,10-02-2025,228.5437,quant Mutual Fund,Equity Scheme - Mid Cap Fund
120841,quant Mid Cap Fund - Growth Option - Direct Plan,07-02-2025,232.7949,quant Mutual Fund,Equity Scheme - Mid Cap Fund
120841,quant Mid Cap Fund - Growth Option - Direct Plan,06-02-2025,233.5121,quant Mutual Fund,Equity Scheme - Mid Cap Fund
120841,quant Mid Cap Fund - Growth Option - Direct Plan,05-02-2025,234.77,quant Mutual Fund,Equity Scheme - Mid Cap Fund
120841,quant Mid Cap Fund - Growth Option - Direct Plan,04-02-2025,233.8514,quant Mutual Fund,Equity Scheme - Mid Cap Fund
120841,quant Mid Cap Fund - Growth Option - Direct Plan,03-02-2025,229.5876,quant Mutual Fund,Equity Scheme - Mid Cap Fund
120841,quant Mid Cap Fund - Growth Option - Direct Plan,31-01-2025,238.7459,quant Mutual Fund,Equity Scheme - Mid Cap Fund
120841,quant Mid Cap Fund - Growth Option - Direct Plan,30-01-2025,234.0211,quant Mutual Fund,Equity Scheme - Mid Cap Fund
120841,quant Mid Cap Fund - Growth Option - Direct Plan,29-01-2025,232.2161,quant Mutual Fund,Equity Scheme - Mid Cap Fund
120841,quant Mid Cap Fund - Growth Option - Direct Plan,28-01-2025,228.974,quant Mutual Fund,Equity Scheme - Mid Cap Fund
120841,quant Mid Cap Fund - Growth Option - Direct Plan,27-01-2025,230.121,quant Mutual Fund,Equity Scheme - Mid Cap Fund
120841,quant Mid Cap Fund - Growth Option - Direct Plan,24-01-2025,236.8418,quant Mutual Fund,Equity Scheme - Mid Cap Fund
120841,quant Mid Cap Fund - Growth Option - Direct Plan,23-01-2025,240.142,quant Mutual Fund,Equity Scheme - Mid Cap Fund
120841,quant Mid Cap Fund - Growth Option - Direct Plan,22-01-2025,238.0652,quant Mutual Fund,Equity Scheme - Mid Cap Fund
120841,quant Mid Cap Fund - Growth Option - Direct Plan,21-01-2025,240.1773,quant Mutual Fund,Equity Scheme - Mid Cap Fund
120841,quant Mid Cap Fund - Growth Option - Direct Plan,20-01-2025,243.3888,quant Mutual Fund,Equity Scheme - Mid Cap Fund
120841,quant Mid Cap Fund - Growth Option - Direct Plan,17-01-2025,241.8513,quant Mutual Fund,Equity Scheme - Mid Cap Fund
120841,quant Mid Cap Fund - Growth Option - Direct Plan,16-01-2025,239.087,quant Mutual Fund,Equity Scheme - Mid Cap Fund
120841,quant Mid Cap Fund - Growth Option - Direct Plan,15-01-2025,236.8193,quant Mutual Fund,Equity Scheme - Mid Cap Fund
120841,quant Mid Cap Fund - Growth Option - Direct Plan,14-01-2025,237.2368,quant Mutual Fund,Equity Scheme - Mid Cap Fund
120841,quant Mid Cap Fund - Growth Option - Direct Plan,13-01-2025,232.2336,quant Mutual Fund,Equity Scheme - Mid Cap Fund
120841,quant Mid Cap Fund - Growth Option - Direct Plan,10-01-2025,240.3735,quant Mutual Fund,Equity Scheme - Mid Cap Fund
120841,quant Mid Cap Fund - Growth Option - Direct Plan,09-01-2025,243.7067,quant Mutual Fund,Equity Scheme - Mid Cap Fund
120841,quant Mid Cap Fund - Growth Option - Direct Plan,08-01-2025,245.6596,quant Mutual Fund,Equity Scheme - Mid Cap Fund
120841,quant Mid Cap Fund - Growth Option - Direct Plan,07-01-2025,246.128,quant Mutual Fund,Equity Scheme - Mid Cap Fund
120841,quant Mid Cap Fund - Growth Option - Direct Plan,06-01-2025,245.1046,quant Mutual Fund,Equity Scheme - Mid Cap Fund
120841,quant Mid Cap Fund - Growth Option - Direct Plan,03-01-2025,251.7558,quant Mutual Fund,Equity Scheme - Mid Cap Fund
120841,quant Mid Cap Fund - Growth Option - Direct Plan,02-01-2025,251.2933,quant Mutual Fund,Equity Scheme - Mid Cap Fund
120841,quant Mid Cap Fund - Growth Option - Direct Plan,01-01-2025,248.1978,quant Mutual Fund,Equity Scheme - Mid Cap Fund
120841,quant Mid Cap Fund - Growth Option - Direct Plan,31-12-2024,246.4922,quant Mutual Fund,Equity Scheme - Mid Cap Fund
120841,quant Mid Cap Fund - Growth Option - Direct Plan,30-12-2024,243.4722,quant Mutual Fund,Equity Scheme - Mid Cap Fund
120841,quant Mid Cap Fund - Growth Option - Direct Plan,27-12-2024,244.066,quant Mutual Fund,Equity Scheme - Mid Cap Fund
120841,quant Mid Cap Fund - Growth Option - Direct Plan,26-12-2024,244.0038,quant Mutual Fund,Equity Scheme - Mid Cap Fund
120841,quant Mid Cap Fund - Growth Option - Direct Plan,24-12-2024,244.3331,quant Mutual Fund,Equity Scheme - Mid Cap Fund
120841,quant Mid Cap Fund - Growth Option - Direct Plan,23-12-2024,244.1149,quant Mutual Fund,Equity Scheme - Mid Cap Fund
120841,quant Mid Cap Fund - Growth Option - Direct Plan,20-12-2024,242.1542,quant Mutual Fund,Equity Scheme - Mid Cap Fund
120841,quant Mid Cap Fund - Growth Option - Direct Plan,19-12-2024,247.0122,quant Mutual Fund,Equity Scheme - Mid Cap Fund
120841,quant Mid Cap Fund - Growth Option - Direct Plan,18-12-2024,249.1512,quant Mutual Fund,Equity Scheme - Mid Cap Fund
120841,quant Mid Cap Fund - Growth Option - Direct Plan,17-12-2024,250.2968,quant Mutual Fund,Equity Scheme - Mid Cap Fund
120841,quant Mid Cap Fund - Growth Option - Direct Plan,16-12-2024,253.2194,quant Mutual Fund,Equity Scheme - Mid Cap Fund
120841,quant Mid Cap Fund - Growth Option - Direct Plan,13-12-2024,252.2245,quant Mutual Fund,Equity Scheme - Mid Cap Fund
120841,quant Mid Cap Fund - Growth Option - Direct Plan,12-12-2024,252.263,quant Mutual Fund,Equity Scheme - Mid Cap Fund
120841,quant Mid Cap Fund - Growth Option - Direct Plan,11-12-2024,254.5099,quant Mutual Fund,Equity Scheme - Mid Cap Fund
120841,quant Mid Cap Fund - Growth Option - Direct Plan,10-12-2024,253.2317,quant Mutual Fund,Equity Scheme - Mid Cap Fund
120841,quant Mid Cap Fund - Growth Option - Direct Plan,09-12-2024,253.7464,quant Mutual Fund,Equity Scheme - Mid Cap Fund
120841,quant Mid Cap Fund - Growth Option - Direct Plan,06-12-2024,253.4045,quant Mutual Fund,Equity Scheme - Mid Cap Fund
120841,quant Mid Cap Fund - Growth Option - Direct Plan,05-12-2024,253.0051,quant Mutual Fund,Equity Scheme - Mid Cap Fund
120841,quant Mid Cap Fund - Growth Option - Direct Plan,04-12-2024,252.6181,quant Mutual Fund,Equity Scheme - Mid Cap Fund
120841,quant Mid Cap Fund - Growth Option - Direct Plan,03-12-2024,252.2592,quant Mutual Fund,Equity Scheme - Mid Cap Fund
120841,quant Mid Cap Fund - Growth Option - Direct Plan,02-12-2024,250.6584,quant Mutual Fund,Equity Scheme - Mid Cap Fund
120841,quant Mid Cap Fund - Growth Option - Direct Plan,29-11-2024,249.1551,quant Mutual Fund,Equity Scheme - Mid Cap Fund
120841,quant Mid Cap Fund - Growth Option - Direct Plan,28-11-2024,247.0727,quant Mutual Fund,Equity Scheme - Mid Cap Fund
120841,quant Mid Cap Fund - Growth Option - Direct Plan,27-11-2024,246.6074,quant Mutual Fund,Equity Scheme - Mid Cap Fund
120841,quant Mid Cap Fund - Growth Option - Direct Plan,26-11-2024,245.178,quant Mutual Fund,Equity Scheme - Mid Cap Fund
120841,quant Mid Cap Fund - Growth Option - Direct Plan,25-11-2024,244.5513,quant Mutual Fund,Equity Scheme - Mid Cap Fund
120841,quant Mid Cap Fund - Growth Option - Direct Plan,22-11-2024,240.6317,quant Mutual Fund,Equity Scheme - Mid Cap Fund
120841,quant Mid Cap Fund - Growth Option - Direct Plan,21-11-2024,236.6909,quant Mutual Fund,Equity Scheme - Mid Cap Fund
120841,quant Mid Cap Fund - Growth Option - Direct Plan,19-11-2024,240.0088,quant Mutual Fund,Equity Scheme - Mid Cap Fund
120841,quant Mid Cap Fund - Growth Option - Direct Plan,18-11-2024,239.481,quant Mutual Fund,Equity Scheme - Mid Cap Fund
120841,quant Mid Cap Fund - Growth Option - Direct Plan,14-11-2024,240.3952,quant Mutual Fund,Equity Scheme - Mid Cap Fund
120841,quant Mid Cap Fund - Growth Option - Direct Plan,13-11-2024,240.373,quant Mutual Fund,Equity Scheme - Mid Cap Fund
120841,quant Mid Cap Fund - Growth Option - Direct Plan,12-11-2024,244.9038,quant Mutual Fund,Equity Scheme - Mid Cap Fund
120841,quant Mid Cap Fund - Growth Option - Direct Plan,11-11-2024,248.0054,quant Mutual Fund,Equity Scheme - Mid Cap Fund
120841,quant Mid Cap Fund - Growth Option - Direct Plan,08-11-2024,250.1345,quant Mutual Fund,Equity Scheme - Mid Cap Fund
120841,quant Mid Cap Fund - Growth Option - Direct Plan,07-11-2024,253.7427,quant Mutual Fund,Equity Scheme - Mid Cap Fund
120841,quant Mid Cap Fund - Growth Option - Direct Plan,06-11-2024,256.9198,quant Mutual Fund,Equity Scheme - Mid Cap Fund
120841,quant Mid Cap Fund - Growth Option - Direct Plan,05-11-2024,252.3112,quant Mutual Fund,Equity Scheme - Mid Cap Fund
120841,quant Mid Cap Fund - Growth Option - Direct Plan,04-11-2024,251.6918,quant Mutual Fund,Equity Scheme - Mid Cap Fund
120841,quant Mid Cap Fund - Growth Option - Direct Plan,31-10-2024,253.5332,quant Mutual Fund,Equity Scheme - Mid Cap Fund
120841,quant Mid Cap Fund - Growth Option - Direct Plan,30-10-2024,255.0505,quant Mutual Fund,Equity Scheme - Mid Cap Fund
120841,quant Mid Cap Fund - Growth Option - Direct Plan,29-10-2024,251.7044,quant Mutual Fund,Equity Scheme - Mid Cap Fund
120841,quant Mid Cap Fund - Growth Option - Direct Plan,28-10-2024,250.392,quant Mutual Fund,Equity Scheme - Mid Cap Fund
120841,quant Mid Cap Fund - Growth Option - Direct Plan,25-10-2024,249.7438,quant Mutual Fund,Equity Scheme - Mid Cap Fund
120841,quant Mid Cap Fund - Growth Option - Direct Plan,24-10-2024,254.332,quant Mutual Fund,Equity Scheme - Mid Cap Fund
120841,quant Mid Cap Fund - Growth Option - Direct Plan,23-10-2024,254.7688,quant Mutual Fund,Equity Scheme - Mid Cap Fund
120841,quant Mid Cap Fund - Growth Option - Direct Plan,22-10-2024,254.9976,quant Mutual Fund,Equity Scheme - Mid Cap Fund
120841,quant Mid Cap Fund - Growth Option - Direct Plan,21-10-2024,260.1379,quant Mutual Fund,Equity Scheme - Mid Cap Fund
120841,quant Mid Cap Fund - Growth Option - Direct Plan,18-10-2024,263.2812,quant Mutual Fund,Equity Scheme - Mid Cap Fund
120841,quant Mid Cap Fund - Growth Option - Direct Plan,17-10-2024,262.7987,quant Mutual Fund,Equity Scheme - Mid Cap Fund
120841,quant Mid Cap Fund - Growth Option - Direct Plan,16-10-2024,265.5359,quant Mutual Fund,Equity Scheme - Mid Cap Fund
120841,quant Mid Cap Fund - Growth Option - Direct Plan,15-10-2024,265.9668,quant Mutual Fund,Equity Scheme - Mid Cap Fund
120841,quant Mid Cap Fund - Growth Option - Direct Plan,14-10-2024,266.9509,quant Mutual Fund,Equity Scheme - Mid Cap Fund
120841,quant Mid Cap Fund - Growth Option - Direct Plan,11-10-2024,266.9949,quant Mutual Fund,Equity Scheme - Mid Cap Fund
120841,quant Mid Cap Fund - Growth Option - Direct Plan,10-10-2024,265.5001,quant Mutual Fund,Equity Scheme - Mid Cap Fund
120841,quant Mid Cap Fund - Growth Option - Direct Plan,09-10-2024,267.5266,quant Mutual Fund,Equity Scheme - Mid Cap Fund
120841,quant Mid Cap Fund - Growth Option - Direct Plan,08-10-2024,266.6238,quant Mutual Fund,Equity Scheme - Mid Cap Fund
120841,quant Mid Cap Fund - Growth Option - Direct Plan,07-10-2024,262.0336,quant Mutual Fund,Equity Scheme - Mid Cap Fund
120841,quant Mid Cap Fund - Growth Option - Direct Plan,04-10-2024,268.0292,quant Mutual Fund,Equity Scheme - Mid Cap Fund
120841,quant Mid Cap Fund - Growth Option - Direct Plan,03-10-2024,270.3234,quant Mutual Fund,Equity Scheme - Mid Cap Fund
120841,quant Mid Cap Fund - Growth Option - Direct Plan,01-10-2024,274.7178,quant Mutual Fund,Equity Scheme - Mid Cap Fund
120841,quant Mid Cap Fund - Growth Option - Direct Plan,30-09-2024,274.5914,quant Mutual Fund,Equity Scheme - Mid Cap Fund
120841,quant Mid Cap Fund - Growth Option - Direct Plan,27-09-2024,276.8504,quant Mutual Fund,Equity Scheme - Mid Cap Fund
120841,quant Mid Cap Fund - Growth Option - Direct Plan,26-09-2024,275.1799,quant Mutual Fund,Equity Scheme - Mid Cap Fund
120841,quant Mid Cap Fund - Growth Option - Direct Plan,25-09-2024,273.8049,quant Mutual Fund,Equity Scheme - Mid Cap Fund
120841,quant Mid Cap Fund - Growth Option - Direct Plan,24-09-2024,273.07,quant Mutual Fund,Equity Scheme - Mid Cap Fund
120841,quant Mid Cap Fund - Growth Option - Direct Plan,23-09-2024,272.0416,quant Mutual Fund,Equity Scheme - Mid Cap Fund
120841,quant Mid Cap Fund - Growth Option - Direct Plan,20-09-2024,270.5107,quant Mutual Fund,Equity Scheme - Mid Cap Fund
120841,quant Mid Cap Fund - Growth Option - Direct Plan,19-09-2024,268.5655,quant Mutual Fund,Equity Scheme - Mid Cap Fund
120841,quant Mid Cap Fund - Growth Option - Direct Plan,18-09-2024,270.8616,quant Mutual Fund,Equity Scheme - Mid Cap Fund
120841,quant Mid Cap Fund - Growth Option - Direct Plan,17-09-2024,272.8506,quant Mutual Fund,Equity Scheme - Mid Cap Fund
120841,quant Mid Cap Fund - Growth Option - Direct Plan,16-09-2024,273.4417,quant Mutual Fund,Equity Scheme - Mid Cap Fund
120841,quant Mid Cap Fund - Growth Option - Direct Plan,13-09-2024,274.1736,quant Mutual Fund,Equity Scheme - Mid Cap Fund
120841,quant Mid Cap Fund - Growth Option - Direct Plan,12-09-2024,271.53,quant Mutual Fund,Equity Scheme - Mid Cap Fund
120841,quant Mid Cap Fund - Growth Option - Direct Plan,11-09-2024,268.7056,quant Mutual Fund,Equity Scheme - Mid Cap Fund
120841,quant Mid Cap Fund - Growth Option - Direct Plan,10-09-2024,270.5326,quant Mutual Fund,Equity Scheme - Mid Cap Fund
120841,quant Mid Cap Fund - Growth Option - Direct Plan,09-09-2024,268.7608,quant Mutual Fund,Equity Scheme - Mid Cap Fund
120841,quant Mid Cap Fund - Growth Option - Direct Plan,06-09-2024,269.5129,quant Mutual Fund,Equity Scheme - Mid Cap Fund
120841,quant Mid Cap Fund - Growth Option - Direct Plan,05-09-2024,270.8388,quant Mutual Fund,Equity Scheme - Mid Cap Fund
120841,quant Mid Cap Fund - Growth Option - Direct Plan,04-09-2024,271.3858,quant Mutual Fund,Equity Scheme - Mid Cap Fund
120841,quant Mid Cap Fund - Growth Option - Direct Plan,03-09-2024,271.965,quant Mutual Fund,Equity Scheme - Mid Cap Fund
120841,quant Mid Cap Fund - Growth Option - Direct Plan,02-09-2024,271.6547,quant Mutual Fund,Equity Scheme - Mid Cap Fund
120841,quant Mid Cap Fund - Growth Option - Direct Plan,30-08-2024,271.8752,quant Mutual Fund,Equity Scheme - Mid Cap Fund
120841,quant Mid Cap Fund - Growth Option - Direct Plan,29-08-2024,272.5436,quant Mutual Fund,Equity Scheme - Mid Cap Fund
120841,quant Mid Cap Fund - Growth Option - Direct Plan,28-08-2024,273.5284,quant Mutual Fund,Equity Scheme - Mid Cap Fund
120841,quant Mid Cap Fund - Growth Option - Direct Plan,27-08-2024,274.5194,quant Mutual Fund,Equity Scheme - Mid Cap Fund
120841,quant Mid Cap Fund - Growth Option - Direct Plan,26-08-2024,275.7407,quant Mutual Fund,Equity Scheme - Mid Cap Fund
120841,quant Mid Cap Fund - Growth Option - Direct Plan,23-08-2024,273.0467,quant Mutual Fund,Equity Scheme - Mid Cap Fund
120841,quant Mid Cap Fund - Growth Option - Direct Plan,22-08-2024,274.1903,quant Mutual Fund,Equity Scheme - Mid Cap Fund
120841,quant Mid Cap Fund - Growth Option - Direct Plan,21-08-2024,273.4851,quant Mutual Fund,Equity Scheme - Mid Cap Fund
120841,quant Mid Cap Fund - Growth Option - Direct Plan,20-08-2024,272.1785,quant Mutual Fund,Equity Scheme - Mid Cap Fund
120841,quant Mid Cap Fund - Growth Option - Direct Plan,19-08-2024,270.7532,quant Mutual Fund,Equity Scheme - Mid Cap Fund
120841,quant Mid Cap Fund - Growth Option - Direct Plan,16-08-2024,268.1138,quant Mutual Fund,Equity Scheme - Mid Cap Fund
120841,quant Mid Cap Fund - Growth Option - Direct Plan,14-08-2024,264.9184,quant Mutual Fund,Equity Scheme - Mid Cap Fund
120841,quant Mid Cap Fund - Growth Option - Direct Plan,13-08-2024,266.6449,quant Mutual Fund,Equity Scheme - Mid Cap Fund
120841,quant Mid Cap Fund - Growth Option - Direct Plan,12-08-2024,267.8991,quant Mutual Fund,Equity Scheme - Mid Cap Fund
120841,quant Mid Cap Fund - Growth Option - Direct Plan,09-08-2024,267.936,quant Mutual Fund,Equity Scheme - Mid Cap Fund
120841,quant Mid Cap Fund - Growth Option - Direct Plan,08-08-2024,269.6324,quant Mutual Fund,Equity Scheme - Mid Cap Fund
120841,quant Mid Cap Fund - Growth Option - Direct Plan,07-08-2024,269.1662,quant Mutual Fund,Equity Scheme - Mid Cap Fund
120841,quant Mid Cap Fund - Growth Option - Direct Plan,06-08-2024,263.3229,quant Mutual Fund,Equity Scheme - Mid Cap Fund
120841,quant Mid Cap Fund - Growth Option - Direct Plan,05-08-2024,265.4979,quant Mutual Fund,Equity Scheme - Mid Cap Fund
120841,quant Mid Cap Fund - Growth Option - Direct Plan,02-08-2024,274.6382,quant Mutual Fund,Equity Scheme - Mid Cap Fund
120841,quant Mid Cap Fund - Growth Option - Direct Plan,01-08-2024,277.2299,quant Mutual Fund,Equity Scheme - Mid Cap Fund
120841,quant Mid Cap Fund - Growth Option - Direct Plan,31-07-2024,278.0632,quant Mutual Fund,Equity Scheme - Mid Cap Fund
120841,quant Mid Cap Fund - Growth Option - Direct Plan,30-07-2024,276.394,quant Mutual Fund,Equity Scheme - Mid Cap Fund
120841,quant Mid Cap Fund - Growth Option - Direct Plan,29-07-2024,276.5895,quant Mutual Fund,Equity Scheme - Mid Cap Fund
120841,quant Mid Cap Fund - Growth Option - Direct Plan,26-07-2024,275.7654,quant Mutual Fund,Equity Scheme - Mid Cap Fund
120841,quant Mid Cap Fund - Growth Option - Direct Plan,25-07-2024,271.9495,quant Mutual Fund,Equity Scheme - Mid Cap Fund
120841,quant Mid Cap Fund - Growth Option - Direct Plan,24-07-2024,272.8352,quant Mutual Fund,Equity Scheme - Mid Cap Fund
120841,quant Mid Cap Fund - Growth Option - Direct Plan,23-07-2024,271.8225,quant Mutual Fund,Equity Scheme - Mid Cap Fund
120841,quant Mid Cap Fund - Growth Option - Direct Plan,22-07-2024,273.1838,quant Mutual Fund,Equity Scheme - Mid Cap Fund
120841,quant Mid Cap Fund - Growth Option - Direct Plan,19-07-2024,272.5587,quant Mutual Fund,Equity Scheme - Mid Cap Fund
120841,quant Mid Cap Fund - Growth Option - Direct Plan,18-07-2024,278.1595,quant Mutual Fund,Equity Scheme - Mid Cap Fund
120841,quant Mid Cap Fund - Growth Option - Direct Plan,16-07-2024,281.0543,quant Mutual Fund,Equity Scheme - Mid Cap Fund
120841,quant Mid Cap Fund - Growth Option - Direct Plan,15-07-2024,281.1083,quant Mutual Fund,Equity Scheme - Mid Cap Fund
120841,quant Mid Cap Fund - Growth Option - Direct Plan,12-07-2024,278.2819,quant Mutual Fund,Equity Scheme - Mid Cap Fund
120841,quant Mid Cap Fund - Growth Option - Direct Plan,11-07-2024,278.2463,quant Mutual Fund,Equity Scheme - Mid Cap Fund
120841,quant Mid Cap Fund - Growth Option - Direct Plan,10-07-2024,277.7518,quant Mutual Fund,Equity Scheme - Mid Cap Fund
120841,quant Mid Cap Fund - Growth Option - Direct Plan,09-07-2024,279.5706,quant Mutual Fund,Equity Scheme - Mid Cap Fund
120841,quant Mid Cap Fund - Growth Option - Direct Plan,08-07-2024,277.6996,quant Mutual Fund,Equity Scheme - Mid Cap Fund
120841,quant Mid Cap Fund - Growth Option - Direct Plan,05-07-2024,278.4743,quant Mutual Fund,Equity Scheme - Mid Cap Fund
120841,quant Mid Cap Fund - Growth Option - Direct Plan,04-07-2024,276.7635,quant Mutual Fund,Equity Scheme - Mid Cap Fund
120841,quant Mid Cap Fund - Growth Option - Direct Plan,03-07-2024,275.9579,quant Mutual Fund,Equity Scheme - Mid Cap Fund
120841,quant Mid Cap Fund - Growth Option - Direct Plan,02-07-2024,273.4437,quant Mutual Fund,Equity Scheme - Mid Cap Fund
120841,quant Mid Cap Fund - Growth Option - Direct Plan,01-07-2024,272.8824,quant Mutual Fund,Equity Scheme - Mid Cap Fund
120841,quant Mid Cap Fund - Growth Option - Direct Plan,28-06-2024,270.8515,quant Mutual Fund,Equity Scheme - Mid Cap Fund
120841,quant Mid Cap Fund - Growth Option - Direct Plan,27-06-2024,269.7836,quant Mutual Fund,Equity Scheme - Mid Cap Fund
120841,quant Mid Cap Fund - Growth Option - Direct Plan,26-06-2024,269.6398,quant Mutual Fund,Equity Scheme - Mid Cap Fund
120841,quant Mid Cap Fund - Growth Option - Direct Plan,25-06-2024,270.0778,quant Mutual Fund,Equity Scheme - Mid Cap Fund
120841,quant Mid Cap Fund - Growth Option - Direct Plan,24-06-2024,269.8448,quant Mutual Fund,Equity Scheme - Mid Cap Fund
120841,quant Mid Cap Fund - Growth Option - Direct Plan,21-06-2024,272.385,quant Mutual Fund,Equity Scheme - Mid Cap Fund
120841,quant Mid Cap Fund - Growth Option - Direct Plan,20-06-2024,273.0696,quant Mutual Fund,Equity Scheme - Mid Cap Fund
120841,quant Mid Cap Fund - Growth Option - Direct Plan,19-06-2024,271.0897,quant Mutual Fund,Equity Scheme - Mid Cap Fund
120841,quant Mid Cap Fund - Growth Option - Direct Plan,18-06-2024,273.3525,quant Mutual Fund,Equity Scheme - Mid Cap Fund
120841,quant Mid Cap Fund - Growth Option - Direct Plan,14-06-2024,272.7989,quant Mutual Fund,Equity Scheme - Mid Cap Fund
120841,quant Mid Cap Fund - Growth Option - Direct Plan,13-06-2024,271.1238,quant Mutual Fund,Equity Scheme - Mid Cap Fund
120841,quant Mid Cap Fund - Growth Option - Direct Plan,12-06-2024,270.1379,quant Mutual Fund,Equity Scheme - Mid Cap Fund
120841,quant Mid Cap Fund - Growth Option - Direct Plan,11-06-2024,266.9125,quant Mutual Fund,Equity Scheme - Mid Cap Fund
120841,quant Mid Cap Fund - Growth Option - Direct Plan,10-06-2024,264.3561,quant Mutual Fund,Equity Scheme - Mid Cap Fund
120841,quant Mid Cap Fund - Growth Option - Direct Plan,07-06-2024,264.4803,quant Mutual Fund,Equity Scheme - Mid Cap Fund
120841,quant Mid Cap Fund - Growth Option - Direct Plan,06-06-2024,260.5948,quant Mutual Fund,Equity Scheme - Mid Cap Fund
120841,quant Mid Cap Fund - Growth Option - Direct Plan,05-06-2024,256.1055,quant Mutual Fund,Equity Scheme - Mid Cap Fund
120841,quant Mid Cap Fund - Growth Option - Direct Plan,04-06-2024,246.1066,quant Mutual Fund,Equity Scheme - Mid Cap Fund
120841,quant Mid Cap Fund - Growth Option - Direct Plan,03-06-2024,269.8003,quant Mutual Fund,Equity Scheme - Mid Cap Fund
120841,quant Mid Cap Fund - Growth Option - Direct Plan,31-05-2024,260.132,quant Mutual Fund,Equity Scheme - Mid Cap Fund
120841,quant Mid Cap Fund - Growth Option - Direct Plan,30-05-2024,258.6151,quant Mutual Fund,Equity Scheme - Mid Cap Fund
120841,quant Mid Cap Fund - Growth Option - Direct Plan,29-05-2024,259.0983,quant Mutual Fund,Equity Scheme - Mid Cap Fund
120841,quant Mid Cap Fund - Growth Option - Direct Plan,28-05-2024,259.1987,quant Mutual Fund,Equity Scheme - Mid Cap Fund
120841,quant Mid Cap Fund - Growth Option - Direct Plan,27-05-2024,261.4705,quant Mutual Fund,Equity Scheme - Mid Cap Fund
120841,quant Mid Cap Fund - Growth Option - Direct Plan,24-05-2024,264.4223,quant Mutual Fund,Equity Scheme - Mid Cap Fund
120841,quant Mid Cap Fund - Growth Option - Direct Plan,23-05-2024,264.2809,quant Mutual Fund,Equity Scheme - Mid Cap Fund
120841,quant Mid Cap Fund - Growth Option - Direct Plan,22-05-2024,262.3579,quant Mutual Fund,Equity Scheme - Mid Cap Fund
120841,quant Mid Cap Fund - Growth Option - Direct Plan,21-05-2024,263.7411,quant Mutual Fund,Equity Scheme - Mid Cap Fund
120841,quant Mid Cap Fund - Growth Option - Direct Plan,17-05-2024,258.8589,quant Mutual Fund,Equity Scheme - Mid Cap Fund
120841,quant Mid Cap Fund - Growth Option - Direct Plan,16-05-2024,254.8362,quant Mutual Fund,Equity Scheme - Mid Cap Fund
120841,quant Mid Cap Fund - Growth Option - Direct Plan,15-05-2024,253.3955,quant Mutual Fund,Equity Scheme - Mid Cap Fund
120841,quant Mid Cap Fund - Growth Option - Direct Plan,14-05-2024,252.3782,quant Mutual Fund,Equity Scheme - Mid Cap Fund
120841,quant Mid Cap Fund - Growth Option - Direct Plan,13-05-2024,247.7744,quant Mutual Fund,Equity Scheme - Mid Cap Fund
120841,quant Mid Cap Fund - Growth Option - Direct Plan,10-05-2024,246.5479,quant Mutual Fund,Equity Scheme - Mid Cap Fund
120841,quant Mid Cap Fund - Growth Option - Direct Plan,09-05-2024,243.9372,quant Mutual Fund,Equity Scheme - Mid Cap Fund
120841,quant Mid Cap Fund - Growth Option - Direct Plan,08-05-2024,248.6217,quant Mutual Fund,Equity Scheme - Mid Cap Fund
120841,quant Mid Cap Fund - Growth Option - Direct Plan,07-05-2024,246.4945,quant Mutual Fund,Equity Scheme - Mid Cap Fund
120841,quant Mid Cap Fund - Growth Option - Direct Plan,06-05-2024,252.0095,quant Mutual Fund,Equity Scheme - Mid Cap Fund
120841,quant Mid Cap Fund - Growth Option - Direct Plan,03-05-2024,254.9479,quant Mutual Fund,Equity Scheme - Mid Cap Fund
120841,quant Mid Cap Fund - Growth Option - Direct Plan,02-05-2024,255.2092,quant Mutual Fund,Equity Scheme - Mid Cap Fund
120841,quant Mid Cap Fund - Growth Option - Direct Plan,30-04-2024,252.92,quant Mutual Fund,Equity Scheme - Mid Cap Fund
120841,quant Mid Cap Fund - Growth Option - Direct Plan,29-04-2024,252.8921,quant Mutual Fund,Equity Scheme - Mid Cap Fund
120841,quant Mid Cap Fund - Growth Option - Direct Plan,26-04-2024,254.0366,quant Mutual Fund,Equity Scheme - Mid Cap Fund
120841,quant Mid Cap Fund - Growth Option - Direct Plan,25-04-2024,249.7039,quant Mutual Fund,Equity Scheme - Mid Cap Fund
120841,quant Mid Cap Fund - Growth Option - Direct Plan,24-04-2024,247.1766,quant Mutual Fund,Equity Scheme - Mid Cap Fund
120841,quant Mid Cap Fund - Growth Option - Direct Plan,23-04-2024,244.5888,quant Mutual Fund,Equity Scheme - Mid Cap Fund
120841,quant Mid Cap Fund - Growth Option - Direct Plan,22-04-2024,242.4256,quant Mutual Fund,Equity Scheme - Mid Cap Fund
120841,quant Mid Cap Fund - Growth Option - Direct Plan,19-04-2024,240.6565,quant Mutual Fund,Equity Scheme - Mid Cap Fund
120841,quant Mid Cap Fund - Growth Option - Direct Plan,18-04-2024,241.6394,quant Mutual Fund,Equity Scheme - Mid Cap Fund
120841,quant Mid Cap Fund - Growth Option - Direct Plan,16-04-2024,240.657,quant Mutual Fund,Equity Scheme - Mid Cap Fund
120841,quant Mid Cap Fund - Growth Option - Direct Plan,15-04-2024,239.8675,quant Mutual Fund,Equity Scheme - Mid Cap Fund
120841,quant Mid Cap Fund - Growth Option - Direct Plan,12-04-2024,242.7975,quant Mutual Fund,Equity Scheme - Mid Cap Fund
120841,quant Mid Cap Fund - Growth Option - Direct Plan,10-04-2024,244.7396,quant Mutual Fund,Equity Scheme - Mid Cap Fund
120841,quant Mid Cap Fund - Growth Option - Direct Plan,09-04-2024,242.3212,quant Mutual Fund,Equity Scheme - Mid Cap Fund
120841,quant Mid Cap Fund - Growth Option - Direct Plan,08-04-2024,242.6806,quant Mutual Fund,Equity Scheme - Mid Cap Fund
120841,quant Mid Cap Fund - Growth Option - Direct Plan,05-04-2024,242.7884,quant Mutual Fund,Equity Scheme - Mid Cap Fund
120841,quant Mid Cap Fund - Growth Option - Direct Plan,04-04-2024,242.4742,quant Mutual Fund,Equity Scheme - Mid Cap Fund
120841,quant Mid Cap Fund - Growth Option - Direct Plan,03-04-2024,243.228,quant Mutual Fund,Equity Scheme - Mid Cap Fund
120841,quant Mid Cap Fund - Growth Option - Direct Plan,02-04-2024,240.2601,quant Mutual Fund,Equity Scheme - Mid Cap Fund
120841,quant Mid Cap Fund - Growth Option - Direct Plan,01-04-2024,237.4406,quant Mutual Fund,Equity Scheme - Mid Cap Fund
120841,quant Mid Cap Fund - Growth Option - Direct Plan,31-03-2024,233.2192,quant Mutual Fund,Equity Scheme - Mid Cap Fund
120841,quant Mid Cap Fund - Growth Option - Direct Plan,28-03-2024,233.2261,quant Mutual Fund,Equity Scheme - Mid Cap Fund
120841,quant Mid Cap Fund - Growth Option - Direct Plan,27-03-2024,231.2945,quant Mutual Fund,Equity Scheme - Mid Cap Fund
120841,quant Mid Cap Fund - Growth Option - Direct Plan,26-03-2024,230.4922,quant Mutual Fund,Equity Scheme - Mid Cap Fund
120841,quant Mid Cap Fund - Growth Option - Direct Plan,22-03-2024,228.6795,quant Mutual Fund,Equity Scheme - Mid Cap Fund
120841,quant Mid Cap Fund - Growth Option - Direct Plan,21-03-2024,228.5007,quant Mutual Fund,Equity Scheme - Mid Cap Fund
120841,quant Mid Cap Fund - Growth Option - Direct Plan,20-03-2024,224.0817,quant Mutual Fund,Equity Scheme - Mid Cap Fund
120841,quant Mid Cap Fund - Growth Option - Direct Plan,19-03-2024,223.281,quant Mutual Fund,Equity Scheme - Mid Cap Fund
120841,quant Mid Cap Fund - Growth Option - Direct Plan,18-03-2024,227.5049,quant Mutual Fund,Equity Scheme - Mid Cap Fund
120841,quant Mid Cap Fund - Growth Option - Direct Plan,15-03-2024,223.9447,quant Mutual Fund,Equity Scheme - Mid Cap Fund
120841,quant Mid Cap Fund - Growth Option - Direct Plan,14-03-2024,226.1193,quant Mutual Fund,Equity Scheme - Mid Cap Fund
120841,quant Mid Cap Fund - Growth Option - Direct Plan,13-03-2024,222.2214,quant Mutual Fund,Equity Scheme - Mid Cap Fund
120841,quant Mid Cap Fund - Growth Option - Direct Plan,12-03-2024,233.8408,quant Mutual Fund,Equity Scheme - Mid Cap Fund
120841,quant Mid Cap Fund - Growth Option - Direct Plan,11-03-2024,235.0175,quant Mutual Fund,Equity Scheme - Mid Cap Fund
120841,quant Mid Cap Fund - Growth Option - Direct Plan,07-03-2024,236.2258,quant Mutual Fund,Equity Scheme - Mid Cap Fund
120841,quant Mid Cap Fund - Growth Option - Direct Plan,06-03-2024,235.9664,quant Mutual Fund,Equity Scheme - Mid Cap Fund
120841,quant Mid Cap Fund - Growth Option - Direct Plan,05-03-2024,237.785,quant Mutual Fund,Equity Scheme - Mid Cap Fund
120841,quant Mid Cap Fund - Growth Option - Direct Plan,04-03-2024,237.4278,quant Mutual Fund,Equity Scheme - Mid Cap Fund
120841,quant Mid Cap Fund - Growth Option - Direct Plan,01-03-2024,231.8163,quant Mutual Fund,Equity Scheme - Mid Cap Fund
120841,quant Mid Cap Fund - Growth Option - Direct Plan,29-02-2024,228.3154,quant Mutual Fund,Equity Scheme - Mid Cap Fund
120841,quant Mid Cap Fund - Growth Option - Direct Plan,28-02-2024,227.1551,quant Mutual Fund,Equity Scheme - Mid Cap Fund
120841,quant Mid Cap Fund - Growth Option - Direct Plan,27-02-2024,230.4211,quant Mutual Fund,Equity Scheme - Mid Cap Fund
120841,quant Mid Cap Fund - Growth Option - Direct Plan,26-02-2024,231.8795,quant Mutual Fund,Equity Scheme - Mid Cap Fund
120841,quant Mid Cap Fund - Growth Option - Direct Plan,23-02-2024,233.061,quant Mutual Fund,Equity Scheme - Mid Cap Fund
120841,quant Mid Cap Fund - Growth Option - Direct Plan,22-02-2024,232.5025,quant Mutual Fund,Equity Scheme - Mid Cap Fund
120841,quant Mid Cap Fund - Growth Option - Direct Plan,21-02-2024,229.8352,quant Mutual Fund,Equity Scheme - Mid Cap Fund
120841,quant Mid Cap Fund - Growth Option - Direct Plan,20-02-2024,232.8586,quant Mutual Fund,Equity Scheme - Mid Cap Fund
120841,quant Mid Cap Fund - Growth Option - Direct Plan,19-02-2024,233.2058,quant Mutual Fund,Equity Scheme - Mid Cap Fund
120841,quant Mid Cap Fund - Growth Option - Direct Plan,16-02-2024,231.4292,quant Mutual Fund,Equity Scheme - Mid Cap Fund
120841,quant Mid Cap Fund - Growth Option - Direct Plan,15-02-2024,230.8369,quant Mutual Fund,Equity Scheme - Mid Cap Fund
120841,quant Mid Cap Fund - Growth Option - Direct Plan,14-02-2024,226.8667,quant Mutual Fund,Equity Scheme - Mid Cap Fund
120841,quant Mid Cap Fund - Growth Option - Direct Plan,13-02-2024,224.633,quant Mutual Fund,Equity Scheme - Mid Cap Fund
120841,quant Mid Cap Fund - Growth Option - Direct Plan,12-02-2024,223.6698,quant Mutual Fund,Equity Scheme - Mid Cap Fund
120841,quant Mid Cap Fund - Growth Option - Direct Plan,09-02-2024,229.718,quant Mutual Fund,Equity Scheme - Mid Cap Fund
120841,quant Mid Cap Fund - Growth Option - Direct Plan,08-02-2024,230.7531,quant Mutual Fund,Equity Scheme - Mid Cap Fund
120841,quant Mid Cap Fund - Growth Option - Direct Plan,07-02-2024,230.5055,quant Mutual Fund,Equity Scheme - Mid Cap Fund
120841,quant Mid Cap Fund - Growth Option - Direct Plan,06-02-2024,229.7084,quant Mutual Fund,Equity Scheme - Mid Cap Fund
120841,quant Mid Cap Fund - Growth Option - Direct Plan,05-02-2024,227.471,quant Mutual Fund,Equity Scheme - Mid Cap Fund
120841,quant Mid Cap Fund - Growth Option - Direct Plan,02-02-2024,224.8078,quant Mutual Fund,Equity Scheme - Mid Cap Fund
120841,quant Mid Cap Fund - Growth Option - Direct Plan,01-02-2024,221.5425,quant Mutual Fund,Equity Scheme - Mid Cap Fund
120841,quant Mid Cap Fund - Growth Option - Direct Plan,31-01-2024,222.4922,quant Mutual Fund,Equity Scheme - Mid Cap Fund
120841,quant Mid Cap Fund - Growth Option - Direct Plan,30-01-2024,220.0328,quant Mutual Fund,Equity Scheme - Mid Cap Fund
120841,quant Mid Cap Fund - Growth Option - Direct Plan,29-01-2024,221.2243,quant Mutual Fund,Equity Scheme - Mid Cap Fund
120841,quant Mid Cap Fund - Growth Option - Direct Plan,25-01-2024,216.4988,quant Mutual Fund,Equity Scheme - Mid Cap Fund
120841,quant Mid Cap Fund - Growth Option - Direct Plan,24-01-2024,214.264,quant Mutual Fund,Equity Scheme - Mid Cap Fund
120841,quant Mid Cap Fund - Growth Option - Direct Plan,23-01-2024,210.7529,quant Mutual Fund,Equity Scheme - Mid Cap Fund
120841,quant Mid Cap Fund - Growth Option - Direct Plan,19-01-2024,217.1791,quant Mutual Fund,Equity Scheme - Mid Cap Fund
120841,quant Mid Cap Fund - Growth Option - Direct Plan,18-01-2024,212.8968,quant Mutual Fund,Equity Scheme - Mid Cap Fund
120841,quant Mid Cap Fund - Growth Option - Direct Plan,17-01-2024,209.5256,quant Mutual Fund,Equity Scheme - Mid Cap Fund
120841,quant Mid Cap Fund - Growth Option - Direct Plan,16-01-2024,212.2606,quant Mutual Fund,Equity Scheme - Mid Cap Fund
120841,quant Mid Cap Fund - Growth Option - Direct Plan,15-01-2024,213.8548,quant Mutual Fund,Equity Scheme - Mid Cap Fund
120841,quant Mid Cap Fund - Growth Option - Direct Plan,12-01-2024,211.1379,quant Mutual Fund,Equity Scheme - Mid Cap Fund
120841,quant Mid Cap Fund - Growth Option - Direct Plan,11-01-2024,210.0325,quant Mutual Fund,Equity Scheme - Mid Cap Fund
120841,quant Mid Cap Fund - Growth Option - Direct Plan,10-01-2024,208.8334,quant Mutual Fund,Equity Scheme - Mid Cap Fund
120841,quant Mid Cap Fund - Growth Option - Direct Plan,09-01-2024,208.2746,quant Mutual Fund,Equity Scheme - Mid Cap Fund
120841,quant Mid Cap Fund - Growth Option - Direct Plan,08-01-2024,207.5449,quant Mutual Fund,Equity Scheme - Mid Cap Fund
120841,quant Mid Cap Fund - Growth Option - Direct Plan,05-01-2024,210.1649,quant Mutual Fund,Equity Scheme - Mid Cap Fund
120841,quant Mid Cap Fund - Growth Option - Direct Plan,04-01-2024,210.044,quant Mutual Fund,Equity Scheme - Mid Cap Fund
120841,quant Mid Cap Fund - Growth Option - Direct Plan,03-01-2024,207.2425,quant Mutual Fund,Equity Scheme - Mid Cap Fund
120841,quant Mid Cap Fund - Growth Option - Direct Plan,02-01-2024,206.992,quant Mutual Fund,Equity Scheme - Mid Cap Fund
120841,quant Mid Cap Fund - Growth Option - Direct Plan,01-01-2024,205.9027,quant Mutual Fund,Equity Scheme - Mid Cap Fund
120841,quant Mid Cap Fund - Growth Option - Direct Plan,29-12-2023,204.9528,quant Mutual Fund,Equity Scheme - Mid Cap Fund
120841,quant Mid Cap Fund - Growth Option - Direct Plan,28-12-2023,204.9905,quant Mutual Fund,Equity Scheme - Mid Cap Fund
120841,quant Mid Cap Fund - Growth Option - Direct Plan,27-12-2023,201.6236,quant Mutual Fund,Equity Scheme - Mid Cap Fund
120841,quant Mid Cap Fund - Growth Option - Direct Plan,26-12-2023,201.2701,quant Mutual Fund,Equity Scheme - Mid Cap Fund
120841,quant Mid Cap Fund - Growth Option - Direct Plan,22-12-2023,200.7116,quant Mutual Fund,Equity Scheme - Mid Cap Fund
120841,quant Mid Cap Fund - Growth Option - Direct Plan,21-12-2023,200.3601,quant Mutual Fund,Equity Scheme - Mid Cap Fund
120841,quant Mid Cap Fund - Growth Option - Direct Plan,20-12-2023,195.5966,quant Mutual Fund,Equity Scheme - Mid Cap Fund
120841,quant Mid Cap Fund - Growth Option - Direct Plan,19-12-2023,202.1036,quant Mutual Fund,Equity Scheme - Mid Cap Fund
120841,quant Mid Cap Fund - Growth Option - Direct Plan,18-12-2023,202.5117,quant Mutual Fund,Equity Scheme - Mid Cap Fund
120841,quant Mid Cap Fund - Growth Option - Direct Plan,15-12-2023,201.5599,quant Mutual Fund,Equity Scheme - Mid Cap Fund
120841,quant Mid Cap Fund - Growth Option - Direct Plan,14-12-2023,200.3266,quant Mutual Fund,Equity Scheme - Mid Cap Fund
120841,quant Mid Cap Fund - Growth Option - Direct Plan,13-12-2023,198.1083,quant Mutual Fund,Equity Scheme - Mid Cap Fund
120841,quant Mid Cap Fund - Growth Option - Direct Plan,12-12-2023,197.3596,quant Mutual Fund,Equity Scheme - Mid Cap Fund
120841,quant Mid Cap Fund - Growth Option - Direct Plan,11-12-2023,199.035,quant Mutual Fund,Equity Scheme - Mid Cap Fund
120841,quant Mid Cap Fund - Growth Option - Direct Plan,08-12-2023,197.9955,quant Mutual Fund,Equity Scheme - Mid Cap Fund
120841,quant Mid Cap Fund - Growth Option - Direct Plan,07-12-2023,200.4017,quant Mutual Fund,Equity Scheme - Mid Cap Fund
120841,quant Mid Cap Fund - Growth Option - Direct Plan,06-12-2023,198.8836,quant Mutual Fund,Equity Scheme - Mid Cap Fund
120841,quant Mid Cap Fund - Growth Option - Direct Plan,05-12-2023,198.5721,quant Mutual Fund,Equity Scheme - Mid Cap Fund
120841,quant Mid Cap Fund - Growth Option - Direct Plan,04-12-2023,197.1594,quant Mutual Fund,Equity Scheme - Mid Cap Fund
120841,quant Mid Cap Fund - Growth Option - Direct Plan,01-12-2023,195.4307,quant Mutual Fund,Equity Scheme - Mid Cap Fund
120841,quant Mid Cap Fund - Growth Option - Direct Plan,30-11-2023,193.1175,quant Mutual Fund,Equity Scheme - Mid Cap Fund
120841,quant Mid Cap Fund - Growth Option - Direct Plan,29-11-2023,191.4374,quant Mutual Fund,Equity Scheme - Mid Cap Fund
120841,quant Mid Cap Fund - Growth Option - Direct Plan,28-11-2023,190.1236,quant Mutual Fund,Equity Scheme - Mid Cap Fund
120841,quant Mid Cap Fund - Growth Option - Direct Plan,24-11-2023,188.3907,quant Mutual Fund,Equity Scheme - Mid Cap Fund
120841,quant Mid Cap Fund - Growth Option - Direct Plan,23-11-2023,187.2964,quant Mutual Fund,Equity Scheme - Mid Cap Fund
120841,quant Mid Cap Fund - Growth Option - Direct Plan,22-11-2023,187.7058,quant Mutual Fund,Equity Scheme - Mid Cap Fund
120841,quant Mid Cap Fund - Growth Option - Direct Plan,21-11-2023,187.9369,quant Mutual Fund,Equity Scheme - Mid Cap Fund
120841,quant Mid Cap Fund - Growth Option - Direct Plan,20-11-2023,187.4619,quant Mutual Fund,Equity Scheme - Mid Cap Fund
120841,quant Mid Cap Fund - Growth Option - Direct Plan,17-11-2023,187.8988,quant Mutual Fund,Equity Scheme - Mid Cap Fund
120841,quant Mid Cap Fund - Growth Option - Direct Plan,16-11-2023,188.056,quant Mutual Fund,Equity Scheme - Mid Cap Fund
120841,quant Mid Cap Fund - Growth Option - Direct Plan,15-11-2023,186.2844,quant Mutual Fund,Equity Scheme - Mid Cap Fund
120841,quant Mid Cap Fund - Growth Option - Direct Plan,13-11-2023,185.9812,quant Mutual Fund,Equity Scheme - Mid Cap Fund
120841,quant Mid Cap Fund - Growth Option - Direct Plan,10-11-2023,184.5793,quant Mutual Fund,Equity Scheme - Mid Cap Fund
120841,quant Mid Cap Fund - Growth Option - Direct Plan,09-11-2023,184.0495,quant Mutual Fund,Equity Scheme - Mid Cap Fund
120841,quant Mid Cap Fund - Growth Option - Direct Plan,08-11-2023,184.4927,quant Mutual Fund,Equity Scheme - Mid Cap Fund
120841,quant Mid Cap Fund - Growth Option - Direct Plan,07-11-2023,182.9201,quant Mutual Fund,Equity Scheme - Mid Cap Fund
120841,quant Mid Cap Fund - Growth Option - Direct Plan,06-11-2023,182.0635,quant Mutual Fund,Equity Scheme - Mid Cap Fund
120841,quant Mid Cap Fund - Growth Option - Direct Plan,03-11-2023,180.4761,quant Mutual Fund,Equity Scheme - Mid Cap Fund
120841,quant Mid Cap Fund - Growth Option - Direct Plan,02-11-2023,179.9886,quant Mutual Fund,Equity Scheme - Mid Cap Fund
120841,quant Mid Cap Fund - Growth Option - Direct Plan,01-11-2023,176.6655,quant Mutual Fund,Equity Scheme - Mid Cap Fund
120841,quant Mid Cap Fund - Growth Option - Direct Plan,31-10-2023,176.4723,quant Mutual Fund,Equity Scheme - Mid Cap Fund
120841,quant Mid Cap Fund - Growth Option - Direct Plan,30-10-2023,176.3726,quant Mutual Fund,Equity Scheme - Mid Cap Fund
120841,quant Mid Cap Fund - Growth Option - Direct Plan,27-10-2023,175.7887,quant Mutual Fund,Equity Scheme - Mid Cap Fund
120841,quant Mid Cap Fund - Growth Option - Direct Plan,26-10-2023,173.6302,quant Mutual Fund,Equity Scheme - Mid Cap Fund
120841,quant Mid Cap Fund - Growth Option - Direct Plan,25-10-2023,174.6533,quant Mutual Fund,Equity Scheme - Mid Cap Fund
120841,quant Mid Cap Fund - Growth Option - Direct Plan,23-10-2023,175.6322,quant Mutual Fund,Equity Scheme - Mid Cap Fund
120841,quant Mid Cap Fund - Growth Option - Direct Plan,20-10-2023,180.2728,quant Mutual Fund,Equity Scheme - Mid Cap Fund
120841,quant Mid Cap Fund - Growth Option - Direct Plan,19-10-2023,182.8728,quant Mutual Fund,Equity Scheme - Mid Cap Fund
120841,quant Mid Cap Fund - Growth Option - Direct Plan,18-10-2023,182.6142,quant Mutual Fund,Equity Scheme - Mid Cap Fund
120841,quant Mid Cap Fund - Growth Option - Direct Plan,17-10-2023,184.7153,quant Mutual Fund,Equity Scheme - Mid Cap Fund
120841,quant Mid Cap Fund - Growth Option - Direct Plan,16-10-2023,184.1322,quant Mutual Fund,Equity Scheme - Mid Cap Fund
120841,quant Mid Cap Fund - Growth Option - Direct Plan,13-10-2023,183.7232,quant Mutual Fund,Equity Scheme - Mid Cap Fund
120841,quant Mid Cap Fund - Growth Option - Direct Plan,12-10-2023,184.6935,quant Mutual Fund,Equity Scheme - Mid Cap Fund
120841,quant Mid Cap Fund - Growth Option - Direct Plan,11-10-2023,181.7082,quant Mutual Fund,Equity Scheme - Mid Cap Fund
120841,quant Mid Cap Fund - Growth Option - Direct Plan,10-10-2023,180.4485,quant Mutual Fund,Equity Scheme - Mid Cap Fund
120841,quant Mid Cap Fund - Growth Option - Direct Plan,09-10-2023,177.6778,quant Mutual Fund,Equity Scheme - Mid Cap Fund
120841,quant Mid Cap Fund - Growth Option - Direct Plan,06-10-2023,180.1273,quant Mutual Fund,Equity Scheme - Mid Cap Fund
120841,quant Mid Cap Fund - Growth Option - Direct Plan,05-10-2023,179.3514,quant Mutual Fund,Equity Scheme - Mid Cap Fund
120841,quant Mid Cap Fund - Growth Option - Direct Plan,04-10-2023,179.6064,quant Mutual Fund,Equity Scheme - Mid Cap Fund
120841,quant Mid Cap Fund - Growth Option - Direct Plan,03-10-2023,182.3246,quant Mutual Fund,Equity Scheme - Mid Cap Fund
120841,quant Mid Cap Fund - Growth Option - Direct Plan,29-09-2023,182.3211,quant Mutual Fund,Equity Scheme - Mid Cap Fund
120841,quant Mid Cap Fund - Growth Option - Direct Plan,27-09-2023,182.1994,quant Mutual Fund,Equity Scheme - Mid Cap Fund
120841,quant Mid Cap Fund - Growth Option - Direct Plan,26-09-2023,180.7082,quant Mutual Fund,Equity Scheme - Mid Cap Fund
120841,quant Mid Cap Fund - Growth Option - Direct Plan,25-09-2023,180.2127,quant Mutual Fund,Equity Scheme - Mid Cap Fund
120841,quant Mid Cap Fund - Growth Option - Direct Plan,22-09-2023,178.4228,quant Mutual Fund,Equity Scheme - Mid Cap Fund
120841,quant Mid Cap Fund - Growth Option - Direct Plan,21-09-2023,178.7128,quant Mutual Fund,Equity Scheme - Mid Cap Fund
120841,quant Mid Cap Fund - Growth Option - Direct Plan,20-09-2023,179.8008,quant Mutual Fund,Equity Scheme - Mid Cap Fund
120841,quant Mid Cap Fund - Growth Option - Direct Plan,18-09-2023,181.3955,quant Mutual Fund,Equity Scheme - Mid Cap Fund
120841,quant Mid Cap Fund - Growth Option - Direct Plan,15-09-2023,181.8206,quant Mutual Fund,Equity Scheme - Mid Cap Fund
120841,quant Mid Cap Fund - Growth Option - Direct Plan,14-09-2023,181.7795,quant Mutual Fund,Equity Scheme - Mid Cap Fund
120841,quant Mid Cap Fund - Growth Option - Direct Plan,13-09-2023,180.7573,quant Mutual Fund,Equity Scheme - Mid Cap Fund
120841,quant Mid Cap Fund - Growth Option - Direct Plan,12-09-2023,178.5377,quant Mutual Fund,Equity Scheme - Mid Cap Fund
120841,quant Mid Cap Fund - Growth Option - Direct Plan,11-09-2023,182.7023,quant Mutual Fund,Equity Scheme - Mid Cap Fund
120841,quant Mid Cap Fund - Growth Option - Direct Plan,08-09-2023,180.5312,quant Mutual Fund,Equity Scheme - Mid Cap Fund
120841,quant Mid Cap Fund - Growth Option - Direct Plan,07-09-2023,179.0615,quant Mutual Fund,Equity Scheme - Mid Cap Fund
120841,quant Mid Cap Fund - Growth Option - Direct Plan,06-09-2023,178.4506,quant Mutual Fund,Equity Scheme - Mid Cap Fund
120841,quant Mid Cap Fund - Growth Option - Direct Plan,05-09-2023,179.1531,quant Mutual Fund,Equity Scheme - Mid Cap Fund
120841,quant Mid Cap Fund - Growth Option - Direct Plan,04-09-2023,177.596,quant Mutual Fund,Equity Scheme - Mid Cap Fund
120841,quant Mid Cap Fund - Growth Option - Direct Plan,01-09-2023,175.3529,quant Mutual Fund,Equity Scheme - Mid Cap Fund
120841,quant Mid Cap Fund - Growth Option - Direct Plan,31-08-2023,172.7257,quant Mutual Fund,Equity Scheme - Mid Cap Fund
120841,quant Mid Cap Fund - Growth Option - Direct Plan,30-08-2023,172.8789,quant Mutual Fund,Equity Scheme - Mid Cap Fund
120841,quant Mid Cap Fund - Growth Option - Direct Plan,29-08-2023,171.7431,quant Mutual Fund,Equity Scheme - Mid Cap Fund
120841,quant Mid Cap Fund - Growth Option - Direct Plan,28-08-2023,171.586,quant Mutual Fund,Equity Scheme - Mid Cap Fund
120841,quant Mid Cap Fund - Growth Option - Direct Plan,25-08-2023,170.4103,quant Mutual Fund,Equity Scheme - Mid Cap Fund
120841,quant Mid Cap Fund - Growth Option - Direct Plan,24-08-2023,171.3185,quant Mutual Fund,Equity Scheme - Mid Cap Fund
120841,quant Mid Cap Fund - Growth Option - Direct Plan,23-08-2023,172.3817,quant Mutual Fund,Equity Scheme - Mid Cap Fund
120841,quant Mid Cap Fund - Growth Option - Direct Plan,22-08-2023,172.4517,quant Mutual Fund,Equity Scheme - Mid Cap Fund
120841,quant Mid Cap Fund - Growth Option - Direct Plan,21-08-2023,171.144,quant Mutual Fund,Equity Scheme - Mid Cap Fund
120841,quant Mid Cap Fund - Growth Option - Direct Plan,18-08-2023,170.2542,quant Mutual Fund,Equity Scheme - Mid Cap Fund
120841,quant Mid Cap Fund - Growth Option - Direct Plan,17-08-2023,170.2875,quant Mutual Fund,Equity Scheme - Mid Cap Fund
120841,quant Mid Cap Fund - Growth Option - Direct Plan,16-08-2023,169.9728,quant Mutual Fund,Equity Scheme - Mid Cap Fund
120841,quant Mid Cap Fund - Growth Option - Direct Plan,14-08-2023,169.3751,quant Mutual Fund,Equity Scheme - Mid Cap Fund
120841,quant Mid Cap Fund - Growth Option - Direct Plan,11-08-2023,170.0636,quant Mutual Fund,Equity Scheme - Mid Cap Fund
120841,quant Mid Cap Fund - Growth Option - Direct Plan,10-08-2023,170.7599,quant Mutual Fund,Equity Scheme - Mid Cap Fund
120841,quant Mid Cap Fund - Growth Option - Direct Plan,09-08-2023,170.3286,quant Mutual Fund,Equity Scheme - Mid Cap Fund
120841,quant Mid Cap Fund - Growth Option - Direct Plan,08-08-2023,169.607,quant Mutual Fund,Equity Scheme - Mid Cap Fund
120841,quant Mid Cap Fund - Growth Option - Direct Plan,07-08-2023,168.9046,quant Mutual Fund,Equity Scheme - Mid Cap Fund
120841,quant Mid Cap Fund - Growth Option - Direct Plan,04-08-2023,168.0284,quant Mutual Fund,Equity Scheme - Mid Cap Fund
120841,quant Mid Cap Fund - Growth Option - Direct Plan,03-08-2023,167.6171,quant Mutual Fund,Equity Scheme - Mid Cap Fund
120841,quant Mid Cap Fund - Growth Option - Direct Plan,02-08-2023,167.2217,quant Mutual Fund,Equity Scheme - Mid Cap Fund
120841,quant Mid Cap Fund - Growth Option - Direct Plan,01-08-2023,170.487,quant Mutual Fund,Equity Scheme - Mid Cap Fund
120841,quant Mid Cap Fund - Growth Option - Direct Plan,31-07-2023,171.122,quant Mutual Fund,Equity Scheme - Mid Cap Fund
120841,quant Mid Cap Fund - Growth Option - Direct Plan,28-07-2023,170.6053,quant Mutual Fund,Equity Scheme - Mid Cap Fund
120841,quant Mid Cap Fund - Growth Option - Direct Plan,27-07-2023,169.3005,quant Mutual Fund,Equity Scheme - Mid Cap Fund
120841,quant Mid Cap Fund - Growth Option - Direct Plan,26-07-2023,168.3166,quant Mutual Fund,Equity Scheme - Mid Cap Fund
120841,quant Mid Cap Fund - Growth Option - Direct Plan,25-07-2023,165.269,quant Mutual Fund,Equity Scheme - Mid Cap Fund
120841,quant Mid Cap Fund - Growth Option - Direct Plan,24-07-2023,164.4436,quant Mutual Fund,Equity Scheme - Mid Cap Fund
120841,quant Mid Cap Fund - Growth Option - Direct Plan,21-07-2023,164.2707,quant Mutual Fund,Equity Scheme - Mid Cap Fund
120841,quant Mid Cap Fund - Growth Option - Direct Plan,20-07-2023,164.8306,quant Mutual Fund,Equity Scheme - Mid Cap Fund
120841,quant Mid Cap Fund - Growth Option - Direct Plan,19-07-2023,164.0955,quant Mutual Fund,Equity Scheme - Mid Cap Fund
120841,quant Mid Cap Fund - Growth Option - Direct Plan,18-07-2023,162.7716,quant Mutual Fund,Equity Scheme - Mid Cap Fund
120841,quant Mid Cap Fund - Growth Option - Direct Plan,17-07-2023,163.2076,quant Mutual Fund,Equity Scheme - Mid Cap Fund
120841,quant Mid Cap Fund - Growth Option - Direct Plan,14-07-2023,161.9301,quant Mutual Fund,Equity Scheme - Mid Cap Fund
120841,quant Mid Cap Fund - Growth Option - Direct Plan,13-07-2023,159.8087,quant Mutual Fund,Equity Scheme - Mid Cap Fund
120841,quant Mid Cap Fund - Growth Option - Direct Plan,12-07-2023,161.5415,quant Mutual Fund,Equity Scheme - Mid Cap Fund
120841,quant Mid Cap Fund - Growth Option - Direct Plan,11-07-2023,161.057,quant Mutual Fund,Equity Scheme - Mid Cap Fund
120841,quant Mid Cap Fund - Growth Option - Direct Plan,10-07-2023,160.0343,quant Mutual Fund,Equity Scheme - Mid Cap Fund
120841,quant Mid Cap Fund - Growth Option - Direct Plan,07-07-2023,160.1835,quant Mutual Fund,Equity Scheme - Mid Cap Fund
120841,quant Mid Cap Fund - Growth Option - Direct Plan,06-07-2023,160.4979,quant Mutual Fund,Equity Scheme - Mid Cap Fund
120841,quant Mid Cap Fund - Growth Option - Direct Plan,05-07-2023,159.31,quant Mutual Fund,Equity Scheme - Mid Cap Fund
120841,quant Mid Cap Fund - Growth Option - Direct Plan,04-07-2023,158.4254,quant Mutual Fund,Equity Scheme - Mid Cap Fund
120841,quant Mid Cap Fund - Growth Option - Direct Plan,03-07-2023,158.3986,quant Mutual Fund,Equity Scheme - Mid Cap Fund
120841,quant Mid Cap Fund - Growth Option - Direct Plan,30-06-2023,156.8776,quant Mutual Fund,Equity Scheme - Mid Cap Fund
120841,quant Mid Cap Fund - Growth Option - Direct Plan,28-06-2023,155.6911,quant Mutual Fund,Equity Scheme - Mid Cap Fund
120841,quant Mid Cap Fund - Growth Option - Direct Plan,27-06-2023,154.6907,quant Mutual Fund,Equity Scheme - Mid Cap Fund
120841,quant Mid Cap Fund - Growth Option - Direct Plan,26-06-2023,153.8963,quant Mutual Fund,Equity Scheme - Mid Cap Fund
120841,quant Mid Cap Fund - Growth Option - Direct Plan,23-06-2023,153.1875,quant Mutual Fund,Equity Scheme - Mid Cap Fund
120841,quant Mid Cap Fund - Growth Option - Direct Plan,22-06-2023,154.5586,quant Mutual Fund,Equity Scheme - Mid Cap Fund
120841,quant Mid Cap Fund - Growth Option - Direct Plan,21-06-2023,156.3535,quant Mutual Fund,Equity Scheme - Mid Cap Fund
120841,quant Mid Cap Fund - Growth Option - Direct Plan,20-06-2023,154.9588,quant Mutual Fund,Equity Scheme - Mid Cap Fund
120841,quant Mid Cap Fund - Growth Option - Direct Plan,19-06-2023,154.5752,quant Mutual Fund,Equity Scheme - Mid Cap Fund
120841,quant Mid Cap Fund - Growth Option - Direct Plan,16-06-2023,154.8056,quant Mutual Fund,Equity Scheme - Mid Cap Fund
120841,quant Mid Cap Fund - Growth Option - Direct Plan,15-06-2023,153.6912,quant Mutual Fund,Equity Scheme - Mid Cap Fund
120841,quant Mid Cap Fund - Growth Option - Direct Plan,14-06-2023,154.3517,quant Mutual Fund,Equity Scheme - Mid Cap Fund
120841,quant Mid Cap Fund - Growth Option - Direct Plan,13-06-2023,153.7676,quant Mutual Fund,Equity Scheme - Mid Cap Fund
120841,quant Mid Cap Fund - Growth Option - Direct Plan,12-06-2023,151.3219,quant Mutual Fund,Equity Scheme - Mid Cap Fund
120841,quant Mid Cap Fund - Growth Option - Direct Plan,09-06-2023,150.4985,quant Mutual Fund,Equity Scheme - Mid Cap Fund
120841,quant Mid Cap Fund - Growth Option - Direct Plan,08-06-2023,150.4792,quant Mutual Fund,Equity Scheme - Mid Cap Fund
120841,quant Mid Cap Fund - Growth Option - Direct Plan,07-06-2023,151.5583,quant Mutual Fund,Equity Scheme - Mid Cap Fund
120841,quant Mid Cap Fund - Growth Option - Direct Plan,06-06-2023,149.9541,quant Mutual Fund,Equity Scheme - Mid Cap Fund
120841,quant Mid Cap Fund - Growth Option - Direct Plan,05-06-2023,149.8771,quant Mutual Fund,Equity Scheme - Mid Cap Fund
120841,quant Mid Cap Fund - Growth Option - Direct Plan,02-06-2023,149.2749,quant Mutual Fund,Equity Scheme - Mid Cap Fund
120841,quant Mid Cap Fund - Growth Option - Direct Plan,01-06-2023,148.8214,quant Mutual Fund,Equity Scheme - Mid Cap Fund
120841,quant Mid Cap Fund - Growth Option - Direct Plan,31-05-2023,148.2521,quant Mutual Fund,Equity Scheme - Mid Cap Fund
120841,quant Mid Cap Fund - Growth Option - Direct Plan,30-05-2023,148.2581,quant Mutual Fund,Equity Scheme - Mid Cap Fund
120841,quant Mid Cap Fund - Growth Option - Direct Plan,29-05-2023,147.2131,quant Mutual Fund,Equity Scheme - Mid Cap Fund
120841,quant Mid Cap Fund - Growth Option - Direct Plan,26-05-2023,146.9907,quant Mutual Fund,Equity Scheme - Mid Cap Fund
120841,quant Mid Cap Fund - Growth Option - Direct Plan,25-05-2023,145.579,quant Mutual Fund,Equity Scheme - Mid Cap Fund
120841,quant Mid Cap Fund - Growth Option - Direct Plan,24-05-2023,145.2001,quant Mutual Fund,Equity Scheme - Mid Cap Fund
120841,quant Mid Cap Fund - Growth Option - Direct Plan,23-05-2023,145.2943,quant Mutual Fund,Equity Scheme - Mid Cap Fund
120841,quant Mid Cap Fund - Growth Option - Direct Plan,22-05-2023,145.2982,quant Mutual Fund,Equity Scheme - Mid Cap Fund
120841,quant Mid Cap Fund - Growth Option - Direct Plan,19-05-2023,144.5852,quant Mutual Fund,Equity Scheme - Mid Cap Fund
120841,quant Mid Cap Fund - Growth Option - Direct Plan,18-05-2023,144.5564,quant Mutual Fund,Equity Scheme - Mid Cap Fund
120841,quant Mid Cap Fund - Growth Option - Direct Plan,17-05-2023,145.5436,quant Mutual Fund,Equity Scheme - Mid Cap Fund
120841,quant Mid Cap Fund - Growth Option - Direct Plan,16-05-2023,146.0016,quant Mutual Fund,Equity Scheme - Mid Cap Fund
120841,quant Mid Cap Fund - Growth Option - Direct Plan,15-05-2023,146.1892,quant Mutual Fund,Equity Scheme - Mid Cap Fund
120841,quant Mid Cap Fund - Growth Option - Direct Plan,12-05-2023,145.3671,quant Mutual Fund,Equity Scheme - Mid Cap Fund
120841,quant Mid Cap Fund - Growth Option - Direct Plan,11-05-2023,146.0869,quant Mutual Fund,Equity Scheme - Mid Cap Fund
120841,quant Mid Cap Fund - Growth Option - Direct Plan,10-05-2023,146.4076,quant Mutual Fund,Equity Scheme - Mid Cap Fund
120841,quant Mid Cap Fund - Growth Option - Direct Plan,09-05-2023,146.9646,quant Mutual Fund,Equity Scheme - Mid Cap Fund
120841,quant Mid Cap Fund - Growth Option - Direct Plan,08-05-2023,147.3298,quant Mutual Fund,Equity Scheme - Mid Cap Fund
120841,quant Mid Cap Fund - Growth Option - Direct Plan,05-05-2023,146.2396,quant Mutual Fund,Equity Scheme - Mid Cap Fund
120841,quant Mid Cap Fund - Growth Option - Direct Plan,04-05-2023,148.1713,quant Mutual Fund,Equity Scheme - Mid Cap Fund
120841,quant Mid Cap Fund - Growth Option - Direct Plan,03-05-2023,146.9304,quant Mutual Fund,Equity Scheme - Mid Cap Fund
120841,quant Mid Cap Fund - Growth Option - Direct Plan,02-05-2023,147.4707,quant Mutual Fund,Equity Scheme - Mid Cap Fund
120841,quant Mid Cap Fund - Growth Option - Direct Plan,28-04-2023,146.3658,quant Mutual Fund,Equity Scheme - Mid Cap Fund
120841,quant Mid Cap Fund - Growth Option - Direct Plan,27-04-2023,143.9685,quant Mutual Fund,Equity Scheme - Mid Cap Fund
120841,quant Mid Cap Fund - Growth Option - Direct Plan,26-04-2023,143.8899,quant Mutual Fund,Equity Scheme - Mid Cap Fund
120841,quant Mid Cap Fund - Growth Option - Direct Plan,25-04-2023,143.2685,quant Mutual Fund,Equity Scheme - Mid Cap Fund
120841,quant Mid Cap Fund - Growth Option - Direct Plan,24-04-2023,143.0605,quant Mutual Fund,Equity Scheme - Mid Cap Fund
120841,quant Mid Cap Fund - Growth Option - Direct Plan,21-04-2023,142.112,quant Mutual Fund,Equity Scheme - Mid Cap Fund
120841,quant Mid Cap Fund - Growth Option - Direct Plan,20-04-2023,142.8697,quant Mutual Fund,Equity Scheme - Mid Cap Fund
120841,quant Mid Cap Fund - Growth Option - Direct Plan,19-04-2023,142.7704,quant Mutual Fund,Equity Scheme - Mid Cap Fund
120841,quant Mid Cap Fund - Growth Option - Direct Plan,18-04-2023,142.8466,quant Mutual Fund,Equity Scheme - Mid Cap Fund
120841,quant Mid Cap Fund - Growth Option - Direct Plan,17-04-2023,142.8324,quant Mutual Fund,Equity Scheme - Mid Cap Fund
120841,quant Mid Cap Fund - Growth Option - Direct Plan,13-04-2023,142.5051,quant Mutual Fund,Equity Scheme - Mid Cap Fund
120841,quant Mid Cap Fund - Growth Option - Direct Plan,12-04-2023,142.1034,quant Mutual Fund,Equity Scheme - Mid Cap Fund
120841,quant Mid Cap Fund - Growth Option - Direct Plan,11-04-2023,141.9336,quant Mutual Fund,Equity Scheme - Mid Cap Fund
120841,quant Mid Cap Fund - Growth Option - Direct Plan,10-04-2023,141.253,quant Mutual Fund,Equity Scheme - Mid Cap Fund
120841,quant Mid Cap Fund - Growth Option - Direct Plan,06-04-2023,140.8973,quant Mutual Fund,Equity Scheme - Mid Cap Fund
120841,quant Mid Cap Fund - Growth Option - Direct Plan,05-04-2023,140.1858,quant Mutual Fund,Equity Scheme - Mid Cap Fund
120841,quant Mid Cap Fund - Growth Option - Direct Plan,03-04-2023,140.0803,quant Mutual Fund,Equity Scheme - Mid Cap Fund
120841,quant Mid Cap Fund - Growth Option - Direct Plan,31-03-2023,139.1977,quant Mutual Fund,Equity Scheme - Mid Cap Fund
120841,quant Mid Cap Fund - Growth Option - Direct Plan,29-03-2023,137.2099,quant Mutual Fund,Equity Scheme - Mid Cap Fund
120841,quant Mid Cap Fund - Growth Option - Direct Plan,28-03-2023,134.8072,quant Mutual Fund,Equity Scheme - Mid Cap Fund
120841,quant Mid Cap Fund - Growth Option - Direct Plan,27-03-2023,135.0155,quant Mutual Fund,Equity Scheme - Mid Cap Fund
120841,quant Mid Cap Fund - Growth Option - Direct Plan,24-03-2023,135.3902,quant Mutual Fund,Equity Scheme - Mid Cap Fund
120841,quant Mid Cap Fund - Growth Option - Direct Plan,23-03-2023,136.7699,quant Mutual Fund,Equity Scheme - Mid Cap Fund
120841,quant Mid Cap Fund - Growth Option - Direct Plan,22-03-2023,137.8024,quant Mutual Fund,Equity Scheme - Mid Cap Fund
120841,quant Mid Cap Fund - Growth Option - Direct Plan,21-03-2023,137.424,quant Mutual Fund,Equity Scheme - Mid Cap Fund
120841,quant Mid Cap Fund - Growth Option - Direct Plan,20-03-2023,136.2904,quant Mutual Fund,Equity Scheme - Mid Cap Fund
120841,quant Mid Cap Fund - Growth Option - Direct Plan,17-03-2023,137.9719,quant Mutual Fund,Equity Scheme - Mid Cap Fund
120841,quant Mid Cap Fund - Growth Option - Direct Plan,16-03-2023,137.7193,quant Mutual Fund,Equity Scheme - Mid Cap Fund
120841,quant Mid Cap Fund - Growth Option - Direct Plan,15-03-2023,137.8601,quant Mutual Fund,Equity Scheme - Mid Cap Fund
120841,quant Mid Cap Fund - Growth Option - Direct Plan,14-03-2023,137.9846,quant Mutual Fund,Equity Scheme - Mid Cap Fund
120841,quant Mid Cap Fund - Growth Option - Direct Plan,13-03-2023,139.6585,quant Mutual Fund,Equity Scheme - Mid Cap Fund
120841,quant Mid Cap Fund - Growth Option - Direct Plan,10-03-2023,142.5247,quant Mutual Fund,Equity Scheme - Mid Cap Fund
120841,quant Mid Cap Fund - Growth Option - Direct Plan,09-03-2023,144.0023,quant Mutual Fund,Equity Scheme - Mid Cap Fund
120841,quant Mid Cap Fund - Growth Option - Direct Plan,08-03-2023,144.8362,quant Mutual Fund,Equity Scheme - Mid Cap Fund
120841,quant Mid Cap Fund - Growth Option - Direct Plan,06-03-2023,143.9738,quant Mutual Fund,Equity Scheme - Mid Cap Fund
120841,quant Mid Cap Fund - Growth Option - Direct Plan,03-03-2023,143.2378,quant Mutual Fund,Equity Scheme - Mid Cap Fund
120841,quant Mid Cap Fund - Growth Option - Direct Plan,02-03-2023,141.2125,quant Mutual Fund,Equity Scheme - Mid Cap Fund
120841,quant Mid Cap Fund - Growth Option - Direct Plan,01-03-2023,141.0957,quant Mutual Fund,Equity Scheme - Mid Cap Fund
120841,quant Mid Cap Fund - Growth Option - Direct Plan,28-02-2023,139.4266,quant Mutual Fund,Equity Scheme - Mid Cap Fund
120841,quant Mid Cap Fund - Growth Option - Direct Plan,27-02-2023,139.1144,quant Mutual Fund,Equity Scheme - Mid Cap Fund
120841,quant Mid Cap Fund - Growth Option - Direct Plan,24-02-2023,139.7942,quant Mutual Fund,Equity Scheme - Mid Cap Fund
120841,quant Mid Cap Fund - Growth Option - Direct Plan,23-02-2023,141.2408,quant Mutual Fund,Equity Scheme - Mid Cap Fund
120841,quant Mid Cap Fund - Growth Option - Direct Plan,22-02-2023,141.1745,quant Mutual Fund,Equity Scheme - Mid Cap Fund
120841,quant Mid Cap Fund - Growth Option - Direct Plan,21-02-2023,142.6417,quant Mutual Fund,Equity Scheme - Mid Cap Fund
120841,quant Mid Cap Fund - Growth Option - Direct Plan,20-02-2023,143.177,quant Mutual Fund,Equity Scheme - Mid Cap Fund
120841,quant Mid Cap Fund - Growth Option - Direct Plan,17-02-2023,143.2164,quant Mutual Fund,Equity Scheme - Mid Cap Fund
120841,quant Mid Cap Fund - Growth Option - Direct Plan,16-02-2023,144.3178,quant Mutual Fund,Equity Scheme - Mid Cap Fund
120841,quant Mid Cap Fund - Growth Option - Direct Plan,15-02-2023,143.1622,quant Mutual Fund,Equity Scheme - Mid Cap Fund
120841,quant Mid Cap Fund - Growth Option - Direct Plan,14-02-2023,141.9587,quant Mutual Fund,Equity Scheme - Mid Cap Fund
120841,quant Mid Cap Fund - Growth Option - Direct Plan,13-02-2023,141.6187,quant Mutual Fund,Equity Scheme - Mid Cap Fund
120841,quant Mid Cap Fund - Growth Option - Direct Plan,10-02-2023,142.8888,quant Mutual Fund,Equity Scheme - Mid Cap Fund
120841,quant Mid Cap Fund - Growth Option - Direct Plan,09-02-2023,142.1272,quant Mutual Fund,Equity Scheme - Mid Cap Fund
120841,quant Mid Cap Fund - Growth Option - Direct Plan,08-02-2023,142.2113,quant Mutual Fund,Equity Scheme - Mid Cap Fund
120841,quant Mid Cap Fund - Growth Option - Direct Plan,07-02-2023,141.3997,quant Mutual Fund,Equity Scheme - Mid Cap Fund
120841,quant Mid Cap Fund - Growth Option - Direct Plan,06-02-2023,142.1399,quant Mutual Fund,Equity Scheme - Mid Cap Fund
120841,quant Mid Cap Fund - Growth Option - Direct Plan,03-02-2023,141.8329,quant Mutual Fund,Equity Scheme - Mid Cap Fund
120841,quant Mid Cap Fund - Growth Option - Direct Plan,02-02-2023,141.4343,quant Mutual Fund,Equity Scheme - Mid Cap Fund
120841,quant Mid Cap Fund - Growth Option - Direct Plan,01-02-2023,141.189,quant Mutual Fund,Equity Scheme - Mid Cap Fund
120841,quant Mid Cap Fund - Growth Option - Direct Plan,31-01-2023,144.6578,quant Mutual Fund,Equity Scheme - Mid Cap Fund
120841,quant Mid Cap Fund - Growth Option - Direct Plan,30-01-2023,141.1836,quant Mutual Fund,Equity Scheme - Mid Cap Fund
120841,quant Mid Cap Fund - Growth Option - Direct Plan,27-01-2023,141.3707,quant Mutual Fund,Equity Scheme - Mid Cap Fund
120841,quant Mid Cap Fund - Growth Option - Direct Plan,25-01-2023,146.0043,quant Mutual Fund,Equity Scheme - Mid Cap Fund
120841,quant Mid Cap Fund - Growth Option - Direct Plan,24-01-2023,149.1414,quant Mutual Fund,Equity Scheme - Mid Cap Fund
120841,quant Mid Cap Fund - Growth Option - Direct Plan,23-01-2023,150.2557,quant Mutual Fund,Equity Scheme - Mid Cap Fund
120841,quant Mid Cap Fund - Growth Option - Direct Plan,20-01-2023,150.0517,quant Mutual Fund,Equity Scheme - Mid Cap Fund
120841,quant Mid Cap Fund - Growth Option - Direct Plan,19-01-2023,150.8009,quant Mutual Fund,Equity Scheme - Mid Cap Fund
120841,quant Mid Cap Fund - Growth Option - Direct Plan,18-01-2023,150.7411,quant Mutual Fund,Equity Scheme - Mid Cap Fund
120841,quant Mid Cap Fund - Growth Option - Direct Plan,17-01-2023,150.919,quant Mutual Fund,Equity Scheme - Mid Cap Fund
120841,quant Mid Cap Fund - Growth Option - Direct Plan,16-01-2023,151.418,quant Mutual Fund,Equity Scheme - Mid Cap Fund
120841,quant Mid Cap Fund - Growth Option - Direct Plan,13-01-2023,151.2559,quant Mutual Fund,Equity Scheme - Mid Cap Fund
120841,quant Mid Cap Fund - Growth Option - Direct Plan,12-01-2023,150.5384,quant Mutual Fund,Equity Scheme - Mid Cap Fund
120841,quant Mid Cap Fund - Growth Option - Direct Plan,11-01-2023,151.3555,quant Mutual Fund,Equity Scheme - Mid Cap Fund
120841,quant Mid Cap Fund - Growth Option - Direct Plan,10-01-2023,150.9817,quant Mutual Fund,Equity Scheme - Mid Cap Fund
120841,quant Mid Cap Fund - Growth Option - Direct Plan,09-01-2023,152.2843,quant Mutual Fund,Equity Scheme - Mid Cap Fund
120841,quant Mid Cap Fund - Growth Option - Direct Plan,06-01-2023,150.5603,quant Mutual Fund,Equity Scheme - Mid Cap Fund
120841,quant Mid Cap Fund - Growth Option - Direct Plan,05-01-2023,151.8208,quant Mutual Fund,Equity Scheme - Mid Cap Fund
120841,quant Mid Cap Fund - Growth Option - Direct Plan,04-01-2023,150.964,quant Mutual Fund,Equity Scheme - Mid Cap Fund
120841,quant Mid Cap Fund - Growth Option - Direct Plan,03-01-2023,152.9569,quant Mutual Fund,Equity Scheme - Mid Cap Fund
120841,quant Mid Cap Fund - Growth Option - Direct Plan,02-01-2023,152.1024,quant Mutual Fund,Equity Scheme - Mid Cap Fund
120841,quant Mid Cap Fund - Growth Option - Direct Plan,30-12-2022,150.2585,quant Mutual Fund,Equity Scheme - Mid Cap Fund
120841,quant Mid Cap Fund - Growth Option - Direct Plan,29-12-2022,148.6537,quant Mutual Fund,Equity Scheme - Mid Cap Fund
120841,quant Mid Cap Fund - Growth Option - Direct Plan,28-12-2022,148.2089,quant Mutual Fund,Equity Scheme - Mid Cap Fund
120841,quant Mid Cap Fund - Growth Option - Direct Plan,27-12-2022,148.0385,quant Mutual Fund,Equity Scheme - Mid Cap Fund
120841,quant Mid Cap Fund - Growth Option - Direct Plan,26-12-2022,145.8291,quant Mutual Fund,Equity Scheme - Mid Cap Fund
120841,quant Mid Cap Fund - Growth Option - Direct Plan,23-12-2022,140.3861,quant Mutual Fund,Equity Scheme - Mid Cap Fund
120841,quant Mid Cap Fund - Growth Option - Direct Plan,22-12-2022,146.8345,quant Mutual Fund,Equity Scheme - Mid Cap Fund
120841,quant Mid Cap Fund - Growth Option - Direct Plan,21-12-2022,148.566,quant Mutual Fund,Equity Scheme - Mid Cap Fund
120841,quant Mid Cap Fund - Growth Option - Direct Plan,20-12-2022,152.0756,quant Mutual Fund,Equity Scheme - Mid Cap Fund
120841,quant Mid Cap Fund - Growth Option - Direct Plan,19-12-2022,152.521,quant Mutual Fund,Equity Scheme - Mid Cap Fund
120841,quant Mid Cap Fund - Growth Option - Direct Plan,16-12-2022,151.1821,quant Mutual Fund,Equity Scheme - Mid Cap Fund
120841,quant Mid Cap Fund - Growth Option - Direct Plan,15-12-2022,153.8581,quant Mutual Fund,Equity Scheme - Mid Cap Fund
120841,quant Mid Cap Fund - Growth Option - Direct Plan,14-12-2022,155.6215,quant Mutual Fund,Equity Scheme - Mid Cap Fund
120841,quant Mid Cap Fund - Growth Option - Direct Plan,13-12-2022,155.1466,quant Mutual Fund,Equity Scheme - Mid Cap Fund
120841,quant Mid Cap Fund - Growth Option - Direct Plan,12-12-2022,153.6017,quant Mutual Fund,Equity Scheme - Mid Cap Fund
120841,quant Mid Cap Fund - Growth Option - Direct Plan,09-12-2022,152.6343,quant Mutual Fund,Equity Scheme - Mid Cap Fund
120841,quant Mid Cap Fund - Growth Option - Direct Plan,08-12-2022,154.7371,quant Mutual Fund,Equity Scheme - Mid Cap Fund
120841,quant Mid Cap Fund - Growth Option - Direct Plan,07-12-2022,152.6613,quant Mutual Fund,Equity Scheme - Mid Cap Fund
120841,quant Mid Cap Fund - Growth Option - Direct Plan,06-12-2022,152.9156,quant Mutual Fund,Equity Scheme - Mid Cap Fund
120841,quant Mid Cap Fund - Growth Option - Direct Plan,05-12-2022,153.079,quant Mutual Fund,Equity Scheme - Mid Cap Fund
120841,quant Mid Cap Fund - Growth Option - Direct Plan,02-12-2022,152.3886,quant Mutual Fund,Equity Scheme - Mid Cap Fund
120841,quant Mid Cap Fund - Growth Option - Direct Plan,01-12-2022,151.3128,quant Mutual Fund,Equity Scheme - Mid Cap Fund
120841,quant Mid Cap Fund - Growth Option - Direct Plan,30-11-2022,149.665,quant Mutual Fund,Equity Scheme - Mid Cap Fund
120841,quant Mid Cap Fund - Growth Option - Direct Plan,29-11-2022,149.7115,quant Mutual Fund,Equity Scheme - Mid Cap Fund
120841,quant Mid Cap Fund - Growth Option - Direct Plan,28-11-2022,149.9924,quant Mutual Fund,Equity Scheme - Mid Cap Fund
120841,quant Mid Cap Fund - Growth Option - Direct Plan,25-11-2022,149.2333,quant Mutual Fund,Equity Scheme - Mid Cap Fund
120841,quant Mid Cap Fund - Growth Option - Direct Plan,24-11-2022,147.5941,quant Mutual Fund,Equity Scheme - Mid Cap Fund
120841,quant Mid Cap Fund - Growth Option - Direct Plan,23-11-2022,147.0259,quant Mutual Fund,Equity Scheme - Mid Cap Fund
120841,quant Mid Cap Fund - Growth Option - Direct Plan,22-11-2022,146.2966,quant Mutual Fund,Equity Scheme - Mid Cap Fund
120841,quant Mid Cap Fund - Growth Option - Direct Plan,21-11-2022,145.1487,quant Mutual Fund,Equity Scheme - Mid Cap Fund
120841,quant Mid Cap Fund - Growth Option - Direct Plan,18-11-2022,144.3165,quant Mutual Fund,Equity Scheme - Mid Cap Fund
120841,quant Mid Cap Fund - Growth Option - Direct Plan,17-11-2022,144.0831,quant Mutual Fund,Equity Scheme - Mid Cap Fund
120841,quant Mid Cap Fund - Growth Option - Direct Plan,16-11-2022,144.3685,quant Mutual Fund,Equity Scheme - Mid Cap Fund
120841,quant Mid Cap Fund - Growth Option - Direct Plan,15-11-2022,145.8004,quant Mutual Fund,Equity Scheme - Mid Cap Fund
120841,quant Mid Cap Fund - Growth Option - Direct Plan,14-11-2022,145.9642,quant Mutual Fund,Equity Scheme - Mid Cap Fund
120841,quant Mid Cap Fund - Growth Option - Direct Plan,11-11-2022,146.303,quant Mutual Fund,Equity Scheme - Mid Cap Fund
120841,quant Mid Cap Fund - Growth Option - Direct Plan,10-11-2022,146.8062,quant Mutual Fund,Equity Scheme - Mid Cap Fund
120841,quant Mid Cap Fund - Growth Option - Direct Plan,09-11-2022,147.5742,quant Mutual Fund,Equity Scheme - Mid Cap Fund
120841,quant Mid Cap Fund - Growth Option - Direct Plan,07-11-2022,146.1047,quant Mutual Fund,Equity Scheme - Mid Cap Fund
120841,quant Mid Cap Fund - Growth Option - Direct Plan,04-11-2022,145.65,quant Mutual Fund,Equity Scheme - Mid Cap Fund
120841,quant Mid Cap Fund - Growth Option - Direct Plan,03-11-2022,145.4311,quant Mutual Fund,Equity Scheme - Mid Cap Fund
120841,quant Mid Cap Fund - Growth Option - Direct Plan,02-11-2022,144.3572,quant Mutual Fund,Equity Scheme - Mid Cap Fund
120841,quant Mid Cap Fund - Growth Option - Direct Plan,01-11-2022,144.4554,quant Mutual Fund,Equity Scheme - Mid Cap Fund
120841,quant Mid Cap Fund - Growth Option - Direct Plan,31-10-2022,144.5066,quant Mutual Fund,Equity Scheme - Mid Cap Fund
120841,quant Mid Cap Fund - Growth Option - Direct Plan,28-10-2022,143.3029,quant Mutual Fund,Equity Scheme - Mid Cap Fund
120841,quant Mid Cap Fund - Growth Option - Direct Plan,27-10-2022,143.6154,quant Mutual Fund,Equity Scheme - Mid Cap Fund
120841,quant Mid Cap Fund - Growth Option - Direct Plan,25-10-2022,142.4703,quant Mutual Fund,Equity Scheme - Mid Cap Fund
120841,quant Mid Cap Fund - Growth Option - Direct Plan,21-10-2022,141.3402,quant Mutual Fund,Equity Scheme - Mid Cap Fund
120841,quant Mid Cap Fund - Growth Option - Direct Plan,20-10-2022,142.4291,quant Mutual Fund,Equity Scheme - Mid Cap Fund
120841,quant Mid Cap Fund - Growth Option - Direct Plan,19-10-2022,142.1461,quant Mutual Fund,Equity Scheme - Mid Cap Fund
120841,quant Mid Cap Fund - Growth Option - Direct Plan,18-10-2022,142.0911,quant Mutual Fund,Equity Scheme - Mid Cap Fund
120841,quant Mid Cap Fund - Growth Option - Direct Plan,17-10-2022,140.1157,quant Mutual Fund,Equity Scheme - Mid Cap Fund
120841,quant Mid Cap Fund - Growth Option - Direct Plan,14-10-2022,139.0192,quant Mutual Fund,Equity Scheme - Mid Cap Fund
120841,quant Mid Cap Fund - Growth Option - Direct Plan,13-10-2022,139.159,quant Mutual Fund,Equity Scheme - Mid Cap Fund
120841,quant Mid Cap Fund - Growth Option - Direct Plan,12-10-2022,140.5843,quant Mutual Fund,Equity Scheme - Mid Cap Fund
120841,quant Mid Cap Fund - Growth Option - Direct Plan,11-10-2022,139.2999,quant Mutual Fund,Equity Scheme - Mid Cap Fund
120841,quant Mid Cap Fund - Growth Option - Direct Plan,10-10-2022,142.0986,quant Mutual Fund,Equity Scheme - Mid Cap Fund
120841,quant Mid Cap Fund - Growth Option - Direct Plan,07-10-2022,142.9606,quant Mutual Fund,Equity Scheme - Mid Cap Fund
120841,quant Mid Cap Fund - Growth Option - Direct Plan,06-10-2022,142.8724,quant Mutual Fund,Equity Scheme - Mid Cap Fund
120841,quant Mid Cap Fund - Growth Option - Direct Plan,04-10-2022,141.5815,quant Mutual Fund,Equity Scheme - Mid Cap Fund
120841,quant Mid Cap Fund - Growth Option - Direct Plan,03-10-2022,137.917,quant Mutual Fund,Equity Scheme - Mid Cap Fund
120841,quant Mid Cap Fund - Growth Option - Direct Plan,30-09-2022,140.7102,quant Mutual Fund,Equity Scheme - Mid Cap Fund
120841,quant Mid Cap Fund - Growth Option - Direct Plan,29-09-2022,138.4288,quant Mutual Fund,Equity Scheme - Mid Cap Fund
120841,quant Mid Cap Fund - Growth Option - Direct Plan,28-09-2022,137.5252,quant Mutual Fund,Equity Scheme - Mid Cap Fund
120841,quant Mid Cap Fund - Growth Option - Direct Plan,27-09-2022,139.239,quant Mutual Fund,Equity Scheme - Mid Cap Fund
120841,quant Mid Cap Fund - Growth Option - Direct Plan,26-09-2022,138.9011,quant Mutual Fund,Equity Scheme - Mid Cap Fund
120841,quant Mid Cap Fund - Growth Option - Direct Plan,23-09-2022,143.7564,quant Mutual Fund,Equity Scheme - Mid Cap Fund
120841,quant Mid Cap Fund - Growth Option - Direct Plan,22-09-2022,147.0275,quant Mutual Fund,Equity Scheme - Mid Cap Fund
120841,quant Mid Cap Fund - Growth Option - Direct Plan,21-09-2022,147.089,quant Mutual Fund,Equity Scheme - Mid Cap Fund
120841,quant Mid Cap Fund - Growth Option - Direct Plan,20-09-2022,148.0999,quant Mutual Fund,Equity Scheme - Mid Cap Fund
120841,quant Mid Cap Fund - Growth Option - Direct Plan,19-09-2022,146.4419,quant Mutual Fund,Equity Scheme - Mid Cap Fund
120841,quant Mid Cap Fund - Growth Option - Direct Plan,16-09-2022,144.6279,quant Mutual Fund,Equity Scheme - Mid Cap Fund
120841,quant Mid Cap Fund - Growth Option - Direct Plan,15-09-2022,148.0874,quant Mutual Fund,Equity Scheme - Mid Cap Fund
120841,quant Mid Cap Fund - Growth Option - Direct Plan,14-09-2022,147.7233,quant Mutual Fund,Equity Scheme - Mid Cap Fund
120841,quant Mid Cap Fund - Growth Option - Direct Plan,13-09-2022,147.0281,quant Mutual Fund,Equity Scheme - Mid Cap Fund
120841,quant Mid Cap Fund - Growth Option - Direct Plan,12-09-2022,146.6505,quant Mutual Fund,Equity Scheme - Mid Cap Fund
120841,quant Mid Cap Fund - Growth Option - Direct Plan,09-09-2022,145.2952,quant Mutual Fund,Equity Scheme - Mid Cap Fund
120841,quant Mid Cap Fund - Growth Option - Direct Plan,08-09-2022,144.5818,quant Mutual Fund,Equity Scheme - Mid Cap Fund
120841,quant Mid Cap Fund - Growth Option - Direct Plan,07-09-2022,143.2948,quant Mutual Fund,Equity Scheme - Mid Cap Fund
120841,quant Mid Cap Fund - Growth Option - Direct Plan,06-09-2022,142.6098,quant Mutual Fund,Equity Scheme - Mid Cap Fund
120841,quant Mid Cap Fund - Growth Option - Direct Plan,05-09-2022,142.5414,quant Mutual Fund,Equity Scheme - Mid Cap Fund
120841,quant Mid Cap Fund - Growth Option - Direct Plan,02-09-2022,141.5479,quant Mutual Fund,Equity Scheme - Mid Cap Fund
120841,quant Mid Cap Fund - Growth Option - Direct Plan,01-09-2022,140.3487,quant Mutual Fund,Equity Scheme - Mid Cap Fund
120841,quant Mid Cap Fund - Growth Option - Direct Plan,30-08-2022,139.8072,quant Mutual Fund,Equity Scheme - Mid Cap Fund
120841,quant Mid Cap Fund - Growth Option - Direct Plan,29-08-2022,137.4254,quant Mutual Fund,Equity Scheme - Mid Cap Fund
120841,quant Mid Cap Fund - Growth Option - Direct Plan,26-08-2022,138.0588,quant Mutual Fund,Equity Scheme - Mid Cap Fund
120841,quant Mid Cap Fund - Growth Option - Direct Plan,25-08-2022,136.5525,quant Mutual Fund,Equity Scheme - Mid Cap Fund
120841,quant Mid Cap Fund - Growth Option - Direct Plan,24-08-2022,137.2337,quant Mutual Fund,Equity Scheme - Mid Cap Fund
120841,quant Mid Cap Fund - Growth Option - Direct Plan,23-08-2022,135.7256,quant Mutual Fund,Equity Scheme - Mid Cap Fund
120841,quant Mid Cap Fund - Growth Option - Direct Plan,22-08-2022,134.4195,quant Mutual Fund,Equity Scheme - Mid Cap Fund
120841,quant Mid Cap Fund - Growth Option - Direct Plan,19-08-2022,135.94,quant Mutual Fund,Equity Scheme - Mid Cap Fund
120841,quant Mid Cap Fund - Growth Option - Direct Plan,18-08-2022,136.2458,quant Mutual Fund,Equity Scheme - Mid Cap Fund
120841,quant Mid Cap Fund - Growth Option - Direct Plan,17-08-2022,136.0795,quant Mutual Fund,Equity Scheme - Mid Cap Fund
120841,quant Mid Cap Fund - Growth Option - Direct Plan,16-08-2022,136.1543,quant Mutual Fund,Equity Scheme - Mid Cap Fund
120841,quant Mid Cap Fund - Growth Option - Direct Plan,12-08-2022,134.4421,quant Mutual Fund,Equity Scheme - Mid Cap Fund
120841,quant Mid Cap Fund - Growth Option - Direct Plan,11-08-2022,134.6731,quant Mutual Fund,Equity Scheme - Mid Cap Fund
120841,quant Mid Cap Fund - Growth Option - Direct Plan,10-08-2022,133.684,quant Mutual Fund,Equity Scheme - Mid Cap Fund
120841,quant Mid Cap Fund - Growth Option - Direct Plan,08-08-2022,134.0048,quant Mutual Fund,Equity Scheme - Mid Cap Fund
120841,quant Mid Cap Fund - Growth Option - Direct Plan,05-08-2022,133.3098,quant Mutual Fund,Equity Scheme - Mid Cap Fund
120841,quant Mid Cap Fund - Growth Option - Direct Plan,04-08-2022,132.7787,quant Mutual Fund,Equity Scheme - Mid Cap Fund
120841,quant Mid Cap Fund - Growth Option - Direct Plan,03-08-2022,133.9674,quant Mutual Fund,Equity Scheme - Mid Cap Fund
120841,quant Mid Cap Fund - Growth Option - Direct Plan,02-08-2022,134.5169,quant Mutual Fund,Equity Scheme - Mid Cap Fund
120841,quant Mid Cap Fund - Growth Option - Direct Plan,01-08-2022,134.3873,quant Mutual Fund,Equity Scheme - Mid Cap Fund
120841,quant Mid Cap Fund - Growth Option - Direct Plan,29-07-2022,132.6375,quant Mutual Fund,Equity Scheme - Mid Cap Fund
120841,quant Mid Cap Fund - Growth Option - Direct Plan,28-07-2022,131.0739,quant Mutual Fund,Equity Scheme - Mid Cap Fund
120841,quant Mid Cap Fund - Growth Option - Direct Plan,27-07-2022,130.9163,quant Mutual Fund,Equity Scheme - Mid Cap Fund
120841,quant Mid Cap Fund - Growth Option - Direct Plan,26-07-2022,129.8095,quant Mutual Fund,Equity Scheme - Mid Cap Fund
120841,quant Mid Cap Fund - Growth Option - Direct Plan,25-07-2022,130.5051,quant Mutual Fund,Equity Scheme - Mid Cap Fund
120841,quant Mid Cap Fund - Growth Option - Direct Plan,22-07-2022,130.4869,quant Mutual Fund,Equity Scheme - Mid Cap Fund
120841,quant Mid Cap Fund - Growth Option - Direct Plan,21-07-2022,130.3175,quant Mutual Fund,Equity Scheme - Mid Cap Fund
120841,quant Mid Cap Fund - Growth Option - Direct Plan,20-07-2022,128.3494,quant Mutual Fund,Equity Scheme - Mid Cap Fund
120841,quant Mid Cap Fund - Growth Option - Direct Plan,19-07-2022,128.5486,quant Mutual Fund,Equity Scheme - Mid Cap Fund
120841,quant Mid Cap Fund - Growth Option - Direct Plan,18-07-2022,127.6418,quant Mutual Fund,Equity Scheme - Mid Cap Fund
120841,quant Mid Cap Fund - Growth Option - Direct Plan,15-07-2022,125.9286,quant Mutual Fund,Equity Scheme - Mid Cap Fund
120841,quant Mid Cap Fund - Growth Option - Direct Plan,14-07-2022,125.1583,quant Mutual Fund,Equity Scheme - Mid Cap Fund
120841,quant Mid Cap Fund - Growth Option - Direct Plan,13-07-2022,125.9255,quant Mutual Fund,Equity Scheme - Mid Cap Fund
120841,quant Mid Cap Fund - Growth Option - Direct Plan,12-07-2022,126.1713,quant Mutual Fund,Equity Scheme - Mid Cap Fund
120841,quant Mid Cap Fund - Growth Option - Direct Plan,11-07-2022,126.5195,quant Mutual Fund,Equity Scheme - Mid Cap Fund
120841,quant Mid Cap Fund - Growth Option - Direct Plan,08-07-2022,125.3723,quant Mutual Fund,Equity Scheme - Mid Cap Fund
120841,quant Mid Cap Fund - Growth Option - Direct Plan,07-07-2022,125.0387,quant Mutual Fund,Equity Scheme - Mid Cap Fund
120841,quant Mid Cap Fund - Growth Option - Direct Plan,06-07-2022,123.1503,quant Mutual Fund,Equity Scheme - Mid Cap Fund
120841,quant Mid Cap Fund - Growth Option - Direct Plan,05-07-2022,121.5446,quant Mutual Fund,Equity Scheme - Mid Cap Fund
120841,quant Mid Cap Fund - Growth Option - Direct Plan,04-07-2022,121.6048,quant Mutual Fund,Equity Scheme - Mid Cap Fund
120841,quant Mid Cap Fund - Growth Option - Direct Plan,01-07-2022,120.3586,quant Mutual Fund,Equity Scheme - Mid Cap Fund
120841,quant Mid Cap Fund - Growth Option - Direct Plan,30-06-2022,119.9835,quant Mutual Fund,Equity Scheme - Mid Cap Fund
120841,quant Mid Cap Fund - Growth Option - Direct Plan,29-06-2022,121.3045,quant Mutual Fund,Equity Scheme - Mid Cap Fund
120841,quant Mid Cap Fund - Growth Option - Direct Plan,28-06-2022,121.3901,quant Mutual Fund,Equity Scheme - Mid Cap Fund
120841,quant Mid Cap Fund - Growth Option - Direct Plan,27-06-2022,120.9324,quant Mutual Fund,Equity Scheme - Mid Cap Fund
120841,quant Mid Cap Fund - Growth Option - Direct Plan,24-06-2022,119.9259,quant Mutual Fund,Equity Scheme - Mid Cap Fund
120841,quant Mid Cap Fund - Growth Option - Direct Plan,23-06-2022,118.0699,quant Mutual Fund,Equity Scheme - Mid Cap Fund
120841,quant Mid Cap Fund - Growth Option - Direct Plan,22-06-2022,116.656,quant Mutual Fund,Equity Scheme - Mid Cap Fund
120841,quant Mid Cap Fund - Growth Option - Direct Plan,21-06-2022,119.1233,quant Mutual Fund,Equity Scheme - Mid Cap Fund
120841,quant Mid Cap Fund - Growth Option - Direct Plan,20-06-2022,115.4594,quant Mutual Fund,Equity Scheme - Mid Cap Fund
120841,quant Mid Cap Fund - Growth Option - Direct Plan,17-06-2022,117.286,quant Mutual Fund,Equity Scheme - Mid Cap Fund
120841,quant Mid Cap Fund - Growth Option - Direct Plan,16-06-2022,117.8647,quant Mutual Fund,Equity Scheme - Mid Cap Fund
120841,quant Mid Cap Fund - Growth Option - Direct Plan,15-06-2022,120.9835,quant Mutual Fund,Equity Scheme - Mid Cap Fund
120841,quant Mid Cap Fund - Growth Option - Direct Plan,14-06-2022,121.4934,quant Mutual Fund,Equity Scheme - Mid Cap Fund
120841,quant Mid Cap Fund - Growth Option - Direct Plan,13-06-2022,121.5062,quant Mutual Fund,Equity Scheme - Mid Cap Fund
120841,quant Mid Cap Fund - Growth Option - Direct Plan,10-06-2022,125.7057,quant Mutual Fund,Equity Scheme - Mid Cap Fund
120841,quant Mid Cap Fund - Growth Option - Direct Plan,09-06-2022,126.4198,quant Mutual Fund,Equity Scheme - Mid Cap Fund
120841,quant Mid Cap Fund - Growth Option - Direct Plan,08-06-2022,125.6039,quant Mutual Fund,Equity Scheme - Mid Cap Fund
120841,quant Mid Cap Fund - Growth Option - Direct Plan,07-06-2022,126.1756,quant Mutual Fund,Equity Scheme - Mid Cap Fund
120841,quant Mid Cap Fund - Growth Option - Direct Plan,06-06-2022,126.8011,quant Mutual Fund,Equity Scheme - Mid Cap Fund
120841,quant Mid Cap Fund - Growth Option - Direct Plan,03-06-2022,127.1436,quant Mutual Fund,Equity Scheme - Mid Cap Fund
120841,quant Mid Cap Fund - Growth Option - Direct Plan,02-06-2022,128.9305,quant Mutual Fund,Equity Scheme - Mid Cap Fund
120841,quant Mid Cap Fund - Growth Option - Direct Plan,01-06-2022,127.7555,quant Mutual Fund,Equity Scheme - Mid Cap Fund
120841,quant Mid Cap Fund - Growth Option - Direct Plan,31-05-2022,127.6661,quant Mutual Fund,Equity Scheme - Mid Cap Fund
120841,quant Mid Cap Fund - Growth Option - Direct Plan,30-05-2022,128.3099,quant Mutual Fund,Equity Scheme - Mid Cap Fund
120841,quant Mid Cap Fund - Growth Option - Direct Plan,27-05-2022,125.3669,quant Mutual Fund,Equity Scheme - Mid Cap Fund
120841,quant Mid Cap Fund - Growth Option - Direct Plan,26-05-2022,123.7339,quant Mutual Fund,Equity Scheme - Mid Cap Fund
120841,quant Mid Cap Fund - Growth Option - Direct Plan,25-05-2022,122.4912,quant Mutual Fund,Equity Scheme - Mid Cap Fund
120841,quant Mid Cap Fund - Growth Option - Direct Plan,24-05-2022,125.0677,quant Mutual Fund,Equity Scheme - Mid Cap Fund
120841,quant Mid Cap Fund - Growth Option - Direct Plan,23-05-2022,126.5524,quant Mutual Fund,Equity Scheme - Mid Cap Fund
120841,quant Mid Cap Fund - Growth Option - Direct Plan,20-05-2022,127.5141,quant Mutual Fund,Equity Scheme - Mid Cap Fund
120841,quant Mid Cap Fund - Growth Option - Direct Plan,19-05-2022,123.9027,quant Mutual Fund,Equity Scheme - Mid Cap Fund
120841,quant Mid Cap Fund - Growth Option - Direct Plan,18-05-2022,127.1144,quant Mutual Fund,Equity Scheme - Mid Cap Fund
120841,quant Mid Cap Fund - Growth Option - Direct Plan,17-05-2022,126.9614,quant Mutual Fund,Equity Scheme - Mid Cap Fund
120841,quant Mid Cap Fund - Growth Option - Direct Plan,16-05-2022,123.2696,quant Mutual Fund,Equity Scheme - Mid Cap Fund
120841,quant Mid Cap Fund - Growth Option - Direct Plan,13-05-2022,120.7455,quant Mutual Fund,Equity Scheme - Mid Cap Fund
120841,quant Mid Cap Fund - Growth Option - Direct Plan,12-05-2022,120.1196,quant Mutual Fund,Equity Scheme - Mid Cap Fund
120841,quant Mid Cap Fund - Growth Option - Direct Plan,11-05-2022,122.6652,quant Mutual Fund,Equity Scheme - Mid Cap Fund
120841,quant Mid Cap Fund - Growth Option - Direct Plan,10-05-2022,124.5986,quant Mutual Fund,Equity Scheme - Mid Cap Fund
120841,quant Mid Cap Fund - Growth Option - Direct Plan,09-05-2022,127.1131,quant Mutual Fund,Equity Scheme - Mid Cap Fund
120841,quant Mid Cap Fund - Growth Option - Direct Plan,06-05-2022,129.5722,quant Mutual Fund,Equity Scheme - Mid Cap Fund
120841,quant Mid Cap Fund - Growth Option - Direct Plan,05-05-2022,130.9687,quant Mutual Fund,Equity Scheme - Mid Cap Fund
120841,quant Mid Cap Fund - Growth Option - Direct Plan,04-05-2022,130.5776,quant Mutual Fund,Equity Scheme - Mid Cap Fund
120841,quant Mid Cap Fund - Growth Option - Direct Plan,02-05-2022,135.1252,quant Mutual Fund,Equity Scheme - Mid Cap Fund
120841,quant Mid Cap Fund - Growth Option - Direct Plan,29-04-2022,135.4238,quant Mutual Fund,Equity Scheme - Mid Cap Fund
120841,quant Mid Cap Fund - Growth Option - Direct Plan,28-04-2022,136.1467,quant Mutual Fund,Equity Scheme - Mid Cap Fund
120841,quant Mid Cap Fund - Growth Option - Direct Plan,27-04-2022,135.4855,quant Mutual Fund,Equity Scheme - Mid Cap Fund
120841,quant Mid Cap Fund - Growth Option - Direct Plan,26-04-2022,135.9278,quant Mutual Fund,Equity Scheme - Mid Cap Fund
120841,quant Mid Cap Fund - Growth Option - Direct Plan,25-04-2022,133.3753,quant Mutual Fund,Equity Scheme - Mid Cap Fund
120841,quant Mid Cap Fund - Growth Option - Direct Plan,22-04-2022,136.7078,quant Mutual Fund,Equity Scheme - Mid Cap Fund
120841,quant Mid Cap Fund - Growth Option - Direct Plan,21-04-2022,138.0841,quant Mutual Fund,Equity Scheme - Mid Cap Fund
120841,quant Mid Cap Fund - Growth Option - Direct Plan,20-04-2022,136.0407,quant Mutual Fund,Equity Scheme - Mid Cap Fund
120841,quant Mid Cap Fund - Growth Option - Direct Plan,19-04-2022,136.215,quant Mutual Fund,Equity Scheme - Mid Cap Fund
120841,quant Mid Cap Fund - Growth Option - Direct Plan,18-04-2022,138.4153,quant Mutual Fund,Equity Scheme - Mid Cap Fund
120841,quant Mid Cap Fund - Growth Option - Direct Plan,13-04-2022,139.5462,quant Mutual Fund,Equity Scheme - Mid Cap Fund
120841,quant Mid Cap Fund - Growth Option - Direct Plan,12-04-2022,140.066,quant Mutual Fund,Equity Scheme - Mid Cap Fund
120841,quant Mid Cap Fund - Growth Option - Direct Plan,11-04-2022,141.742,quant Mutual Fund,Equity Scheme - Mid Cap Fund
120841,quant Mid Cap Fund - Growth Option - Direct Plan,08-04-2022,141.3035,quant Mutual Fund,Equity Scheme - Mid Cap Fund
120841,quant Mid Cap Fund - Growth Option - Direct Plan,07-04-2022,138.7343,quant Mutual Fund,Equity Scheme - Mid Cap Fund
120841,quant Mid Cap Fund - Growth Option - Direct Plan,06-04-2022,139.2868,quant Mutual Fund,Equity Scheme - Mid Cap Fund
120841,quant Mid Cap Fund - Growth Option - Direct Plan,05-04-2022,138.396,quant Mutual Fund,Equity Scheme - Mid Cap Fund
120841,quant Mid Cap Fund - Growth Option - Direct Plan,04-04-2022,138.1757,quant Mutual Fund,Equity Scheme - Mid Cap Fund
120841,quant Mid Cap Fund - Growth Option - Direct Plan,01-04-2022,137.1696,quant Mutual Fund,Equity Scheme - Mid Cap Fund
120841,quant Mid Cap Fund - Growth Option - Direct Plan,31-03-2022,135.6836,quant Mutual Fund,Equity Scheme - Mid Cap Fund
120841,quant Mid Cap Fund - Growth Option - Direct Plan,30-03-2022,134.3213,quant Mutual Fund,Equity Scheme - Mid Cap Fund
120841,quant Mid Cap Fund - Growth Option - Direct Plan,29-03-2022,132.7146,quant Mutual Fund,Equity Scheme - Mid Cap Fund
120841,quant Mid Cap Fund - Growth Option - Direct Plan,28-03-2022,130.1468,quant Mutual Fund,Equity Scheme - Mid Cap Fund
120841,quant Mid Cap Fund - Growth Option - Direct Plan,25-03-2022,130.6546,quant Mutual Fund,Equity Scheme - Mid Cap Fund
120841,quant Mid Cap Fund - Growth Option - Direct Plan,24-03-2022,130.0787,quant Mutual Fund,Equity Scheme - Mid Cap Fund
120841,quant Mid Cap Fund - Growth Option - Direct Plan,23-03-2022,127.2515,quant Mutual Fund,Equity Scheme - Mid Cap Fund
120841,quant Mid Cap Fund - Growth Option - Direct Plan,22-03-2022,126.368,quant Mutual Fund,Equity Scheme - Mid Cap Fund
120841,quant Mid Cap Fund - Growth Option - Direct Plan,21-03-2022,126.3259,quant Mutual Fund,Equity Scheme - Mid Cap Fund
120841,quant Mid Cap Fund - Growth Option - Direct Plan,17-03-2022,125.8022,quant Mutual Fund,Equity Scheme - Mid Cap Fund
120841,quant Mid Cap Fund - Growth Option - Direct Plan,16-03-2022,124.5593,quant Mutual Fund,Equity Scheme - Mid Cap Fund
120841,quant Mid Cap Fund - Growth Option - Direct Plan,15-03-2022,122.4305,quant Mutual Fund,Equity Scheme - Mid Cap Fund
120841,quant Mid Cap Fund - Growth Option - Direct Plan,14-03-2022,122.8303,quant Mutual Fund,Equity Scheme - Mid Cap Fund
120841,quant Mid Cap Fund - Growth Option - Direct Plan,11-03-2022,122.6214,quant Mutual Fund,Equity Scheme - Mid Cap Fund
120841,quant Mid Cap Fund - Growth Option - Direct Plan,10-03-2022,122.1145,quant Mutual Fund,Equity Scheme - Mid Cap Fund
120841,quant Mid Cap Fund - Growth Option - Direct Plan,09-03-2022,121.8261,quant Mutual Fund,Equity Scheme - Mid Cap Fund
120841,quant Mid Cap Fund - Growth Option - Direct Plan,08-03-2022,118.3143,quant Mutual Fund,Equity Scheme - Mid Cap Fund
120841,quant Mid Cap Fund - Growth Option - Direct Plan,07-03-2022,116.5848,quant Mutual Fund,Equity Scheme - Mid Cap Fund
120841,quant Mid Cap Fund - Growth Option - Direct Plan,04-03-2022,118.5841,quant Mutual Fund,Equity Scheme - Mid Cap Fund
120841,quant Mid Cap Fund - Growth Option - Direct Plan,03-03-2022,121.306,quant Mutual Fund,Equity Scheme - Mid Cap Fund
120841,quant Mid Cap Fund - Growth Option - Direct Plan,02-03-2022,120.9498,quant Mutual Fund,Equity Scheme - Mid Cap Fund
120841,quant Mid Cap Fund - Growth Option - Direct Plan,28-02-2022,121.3314,quant Mutual Fund,Equity Scheme - Mid Cap Fund
120841,quant Mid Cap Fund - Growth Option - Direct Plan,25-02-2022,120.143,quant Mutual Fund,Equity Scheme - Mid Cap Fund
120841,quant Mid Cap Fund - Growth Option - Direct Plan,24-02-2022,115.354,quant Mutual Fund,Equity Scheme - Mid Cap Fund
120841,quant Mid Cap Fund - Growth Option - Direct Plan,23-02-2022,122.4841,quant Mutual Fund,Equity Scheme - Mid Cap Fund
120841,quant Mid Cap Fund - Growth Option - Direct Plan,22-02-2022,122.14,quant Mutual Fund,Equity Scheme - Mid Cap Fund
120841,quant Mid Cap Fund - Growth Option - Direct Plan,21-02-2022,124.0226,quant Mutual Fund,Equity Scheme - Mid Cap Fund
120841,quant Mid Cap Fund - Growth Option - Direct Plan,18-02-2022,125.0481,quant Mutual Fund,Equity Scheme - Mid Cap Fund
120841,quant Mid Cap Fund - Growth Option - Direct Plan,17-02-2022,126.1227,quant Mutual Fund,Equity Scheme - Mid Cap Fund
120841,quant Mid Cap Fund - Growth Option - Direct Plan,16-02-2022,126.5886,quant Mutual Fund,Equity Scheme - Mid Cap Fund
120841,quant Mid Cap Fund - Growth Option - Direct Plan,15-02-2022,126.5317,quant Mutual Fund,Equity Scheme - Mid Cap Fund
120841,quant Mid Cap Fund - Growth Option - Direct Plan,14-02-2022,123.3325,quant Mutual Fund,Equity Scheme - Mid Cap Fund
120841,quant Mid Cap Fund - Growth Option - Direct Plan,11-02-2022,128.1104,quant Mutual Fund,Equity Scheme - Mid Cap Fund
120841,quant Mid Cap Fund - Growth Option - Direct Plan,10-02-2022,130.321,quant Mutual Fund,Equity Scheme - Mid Cap Fund
120841,quant Mid Cap Fund - Growth Option - Direct Plan,09-02-2022,129.718,quant Mutual Fund,Equity Scheme - Mid Cap Fund
120841,quant Mid Cap Fund - Growth Option - Direct Plan,08-02-2022,128.2557,quant Mutual Fund,Equity Scheme - Mid Cap Fund
120841,quant Mid Cap Fund - Growth Option - Direct Plan,07-02-2022,129.3986,quant Mutual Fund,Equity Scheme - Mid Cap Fund
120841,quant Mid Cap Fund - Growth Option - Direct Plan,04-02-2022,130.6492,quant Mutual Fund,Equity Scheme - Mid Cap Fund
120841,quant Mid Cap Fund - Growth Option - Direct Plan,03-02-2022,131.6462,quant Mutual Fund,Equity Scheme - Mid Cap Fund
120841,quant Mid Cap Fund - Growth Option - Direct Plan,02-02-2022,132.0523,quant Mutual Fund,Equity Scheme - Mid Cap Fund
120841,quant Mid Cap Fund - Growth Option - Direct Plan,01-02-2022,129.7313,quant Mutual Fund,Equity Scheme - Mid Cap Fund
120841,quant Mid Cap Fund - Growth Option - Direct Plan,31-01-2022,128.1208,quant Mutual Fund,Equity Scheme - Mid Cap Fund
120841,quant Mid Cap Fund - Growth Option - Direct Plan,28-01-2022,126.2127,quant Mutual Fund,Equity Scheme - Mid Cap Fund
120841,quant Mid Cap Fund - Growth Option - Direct Plan,27-01-2022,124.5614,quant Mutual Fund,Equity Scheme - Mid Cap Fund
120841,quant Mid Cap Fund - Growth Option - Direct Plan,25-01-2022,124.1798,quant Mutual Fund,Equity Scheme - Mid Cap Fund
120841,quant Mid Cap Fund - Growth Option - Direct Plan,24-01-2022,122.3992,quant Mutual Fund,Equity Scheme - Mid Cap Fund
120841,quant Mid Cap Fund - Growth Option - Direct Plan,21-01-2022,126.9673,quant Mutual Fund,Equity Scheme - Mid Cap Fund
120841,quant Mid Cap Fund - Growth Option - Direct Plan,20-01-2022,129.1206,quant Mutual Fund,Equity Scheme - Mid Cap Fund
120841,quant Mid Cap Fund - Growth Option - Direct Plan,19-01-2022,129.4117,quant Mutual Fund,Equity Scheme - Mid Cap Fund
120841,quant Mid Cap Fund - Growth Option - Direct Plan,18-01-2022,129.7285,quant Mutual Fund,Equity Scheme - Mid Cap Fund
120841,quant Mid Cap Fund - Growth Option - Direct Plan,17-01-2022,131.6676,quant Mutual Fund,Equity Scheme - Mid Cap Fund
120841,quant Mid Cap Fund - Growth Option - Direct Plan,14-01-2022,131.3247,quant Mutual Fund,Equity Scheme - Mid Cap Fund
120841,quant Mid Cap Fund - Growth Option - Direct Plan,13-01-2022,130.9552,quant Mutual Fund,Equity Scheme - Mid Cap Fund
120841,quant Mid Cap Fund - Growth Option - Direct Plan,12-01-2022,130.4142,quant Mutual Fund,Equity Scheme - Mid Cap Fund
120841,quant Mid Cap Fund - Growth Option - Direct Plan,11-01-2022,128.9376,quant Mutual Fund,Equity Scheme - Mid Cap Fund
120841,quant Mid Cap Fund - Growth Option - Direct Plan,10-01-2022,128.6834,quant Mutual Fund,Equity Scheme - Mid Cap Fund
120841,quant Mid Cap Fund - Growth Option - Direct Plan,07-01-2022,126.9977,quant Mutual Fund,Equity Scheme - Mid Cap Fund
120841,quant Mid Cap Fund - Growth Option - Direct Plan,06-01-2022,127.2091,quant Mutual Fund,Equity Scheme - Mid Cap Fund
120841,quant Mid Cap Fund - Growth Option - Direct Plan,05-01-2022,127.2368,quant Mutual Fund,Equity Scheme - Mid Cap Fund
120841,quant Mid Cap Fund - Growth Option - Direct Plan,04-01-2022,126.4906,quant Mutual Fund,Equity Scheme - Mid Cap Fund
120841,quant Mid Cap Fund - Growth Option - Direct Plan,03-01-2022,126.5068,quant Mutual Fund,Equity Scheme - Mid Cap Fund
120841,quant Mid Cap Fund - Growth Option - Direct Plan,31-12-2021,125.2807,quant Mutual Fund,Equity Scheme - Mid Cap Fund
120841,quant Mid Cap Fund - Growth Option - Direct Plan,30-12-2021,123.8013,quant Mutual Fund,Equity Scheme - Mid Cap Fund
120841,quant Mid Cap Fund - Growth Option - Direct Plan,29-12-2021,124.4717,quant Mutual Fund,Equity Scheme - Mid Cap Fund
120841,quant Mid Cap Fund - Growth Option - Direct Plan,28-12-2021,124.576,quant Mutual Fund,Equity Scheme - Mid Cap Fund
120841,quant Mid Cap Fund - Growth Option - Direct Plan,27-12-2021,123.3188,quant Mutual Fund,Equity Scheme - Mid Cap Fund
120841,quant Mid Cap Fund - Growth Option - Direct Plan,24-12-2021,122.874,quant Mutual Fund,Equity Scheme - Mid Cap Fund
120841,quant Mid Cap Fund - Growth Option - Direct Plan,23-12-2021,124.1931,quant Mutual Fund,Equity Scheme - Mid Cap Fund
120841,quant Mid Cap Fund - Growth Option - Direct Plan,22-12-2021,123.2628,quant Mutual Fund,Equity Scheme - Mid Cap Fund
120841,quant Mid Cap Fund - Growth Option - Direct Plan,21-12-2021,121.795,quant Mutual Fund,Equity Scheme - Mid Cap Fund
120841,quant Mid Cap Fund - Growth Option - Direct Plan,20-12-2021,119.71,quant Mutual Fund,Equity Scheme - Mid Cap Fund
120841,quant Mid Cap Fund - Growth Option - Direct Plan,17-12-2021,123.6749,quant Mutual Fund,Equity Scheme - Mid Cap Fund
120841,quant Mid Cap Fund - Growth Option - Direct Plan,16-12-2021,127.2077,quant Mutual Fund,Equity Scheme - Mid Cap Fund
120841,quant Mid Cap Fund - Growth Option - Direct Plan,15-12-2021,128.0305,quant Mutual Fund,Equity Scheme - Mid Cap Fund
120841,quant Mid Cap Fund - Growth Option - Direct Plan,14-12-2021,129.4064,quant Mutual Fund,Equity Scheme - Mid Cap Fund
120841,quant Mid Cap Fund - Growth Option - Direct Plan,13-12-2021,130.5165,quant Mutual Fund,Equity Scheme - Mid Cap Fund
120841,quant Mid Cap Fund - Growth Option - Direct Plan,10-12-2021,130.5146,quant Mutual Fund,Equity Scheme - Mid Cap Fund
120841,quant Mid Cap Fund - Growth Option - Direct Plan,09-12-2021,128.936,quant Mutual Fund,Equity Scheme - Mid Cap Fund
120841,quant Mid Cap Fund - Growth Option - Direct Plan,08-12-2021,127.8777,quant Mutual Fund,Equity Scheme - Mid Cap Fund
120841,quant Mid Cap Fund - Growth Option - Direct Plan,07-12-2021,125.9046,quant Mutual Fund,Equity Scheme - Mid Cap Fund
120841,quant Mid Cap Fund - Growth Option - Direct Plan,06-12-2021,123.5684,quant Mutual Fund,Equity Scheme - Mid Cap Fund
120841,quant Mid Cap Fund - Growth Option - Direct Plan,03-12-2021,125.6791,quant Mutual Fund,Equity Scheme - Mid Cap Fund
120841,quant Mid Cap Fund - Growth Option - Direct Plan,02-12-2021,126.1115,quant Mutual Fund,Equity Scheme - Mid Cap Fund
120841,quant Mid Cap Fund - Growth Option - Direct Plan,01-12-2021,125.2689,quant Mutual Fund,Equity Scheme - Mid Cap Fund
120841,quant Mid Cap Fund - Growth Option - Direct Plan,30-11-2021,123.2882,quant Mutual Fund,Equity Scheme - Mid Cap Fund
120841,quant Mid Cap Fund - Growth Option - Direct Plan,29-11-2021,123.4947,quant Mutual Fund,Equity Scheme - Mid Cap Fund
120841,quant Mid Cap Fund - Growth Option - Direct Plan,26-11-2021,124.5182,quant Mutual Fund,Equity Scheme - Mid Cap Fund
120841,quant Mid Cap Fund - Growth Option - Direct Plan,25-11-2021,127.3085,quant Mutual Fund,Equity Scheme - Mid Cap Fund
120841,quant Mid Cap Fund - Growth Option - Direct Plan,24-11-2021,126.7601,quant Mutual Fund,Equity Scheme - Mid Cap Fund
120841,quant Mid Cap Fund - Growth Option - Direct Plan,23-11-2021,126.6971,quant Mutual Fund,Equity Scheme - Mid Cap Fund
120841,quant Mid Cap Fund - Growth Option - Direct Plan,22-11-2021,124.8428,quant Mutual Fund,Equity Scheme - Mid Cap Fund
120841,quant Mid Cap Fund - Growth Option - Direct Plan,18-11-2021,127.7737,quant Mutual Fund,Equity Scheme - Mid Cap Fund
120841,quant Mid Cap Fund - Growth Option - Direct Plan,17-11-2021,127.615,quant Mutual Fund,Equity Scheme - Mid Cap Fund
120841,quant Mid Cap Fund - Growth Option - Direct Plan,16-11-2021,128.2358,quant Mutual Fund,Equity Scheme - Mid Cap Fund
120841,quant Mid Cap Fund - Growth Option - Direct Plan,15-11-2021,127.9441,quant Mutual Fund,Equity Scheme - Mid Cap Fund
120841,quant Mid Cap Fund - Growth Option - Direct Plan,12-11-2021,127.8162,quant Mutual Fund,Equity Scheme - Mid Cap Fund
120841,quant Mid Cap Fund - Growth Option - Direct Plan,11-11-2021,126.7011,quant Mutual Fund,Equity Scheme - Mid Cap Fund
120841,quant Mid Cap Fund - Growth Option - Direct Plan,10-11-2021,128.5292,quant Mutual Fund,Equity Scheme - Mid Cap Fund
120841,quant Mid Cap Fund - Growth Option - Direct Plan,09-11-2021,129.4627,quant Mutual Fund,Equity Scheme - Mid Cap Fund
120841,quant Mid Cap Fund - Growth Option - Direct Plan,08-11-2021,126.5553,quant Mutual Fund,Equity Scheme - Mid Cap Fund
120841,quant Mid Cap Fund - Growth Option - Direct Plan,03-11-2021,123.9671,quant Mutual Fund,Equity Scheme - Mid Cap Fund
120841,quant Mid Cap Fund - Growth Option - Direct Plan,02-11-2021,124.3528,quant Mutual Fund,Equity Scheme - Mid Cap Fund
120841,quant Mid Cap Fund - Growth Option - Direct Plan,01-11-2021,122.3731,quant Mutual Fund,Equity Scheme - Mid Cap Fund
120841,quant Mid Cap Fund - Growth Option - Direct Plan,29-10-2021,121.125,quant Mutual Fund,Equity Scheme - Mid Cap Fund
120841,quant Mid Cap Fund - Growth Option - Direct Plan,28-10-2021,120.5865,quant Mutual Fund,Equity Scheme - Mid Cap Fund
120841,quant Mid Cap Fund - Growth Option - Direct Plan,27-10-2021,125.1766,quant Mutual Fund,Equity Scheme - Mid Cap Fund
120841,quant Mid Cap Fund - Growth Option - Direct Plan,26-10-2021,124.2359,quant Mutual Fund,Equity Scheme - Mid Cap Fund
120841,quant Mid Cap Fund - Growth Option - Direct Plan,25-10-2021,122.3886,quant Mutual Fund,Equity Scheme - Mid Cap Fund
120841,quant Mid Cap Fund - Growth Option - Direct Plan,22-10-2021,123.5795,quant Mutual Fund,Equity Scheme - Mid Cap Fund
120841,quant Mid Cap Fund - Growth Option - Direct Plan,21-10-2021,124.0566,quant Mutual Fund,Equity Scheme - Mid Cap Fund
120841,quant Mid Cap Fund - Growth Option - Direct Plan,20-10-2021,123.8136,quant Mutual Fund,Equity Scheme - Mid Cap Fund
120841,quant Mid Cap Fund - Growth Option - Direct Plan,19-10-2021,125.353,quant Mutual Fund,Equity Scheme - Mid Cap Fund
120841,quant Mid Cap Fund - Growth Option - Direct Plan,18-10-2021,128.1334,quant Mutual Fund,Equity Scheme - Mid Cap Fund
120841,quant Mid Cap Fund - Growth Option - Direct Plan,14-10-2021,128.1077,quant Mutual Fund,Equity Scheme - Mid Cap Fund
120841,quant Mid Cap Fund - Growth Option - Direct Plan,13-10-2021,126.7329,quant Mutual Fund,Equity Scheme - Mid Cap Fund
120841,quant Mid Cap Fund - Growth Option - Direct Plan,12-10-2021,125.3865,quant Mutual Fund,Equity Scheme - Mid Cap Fund
120841,quant Mid Cap Fund - Growth Option - Direct Plan,11-10-2021,125.0833,quant Mutual Fund,Equity Scheme - Mid Cap Fund
120841,quant Mid Cap Fund - Growth Option - Direct Plan,08-10-2021,124.4168,quant Mutual Fund,Equity Scheme - Mid Cap Fund
120841,quant Mid Cap Fund - Growth Option - Direct Plan,07-10-2021,123.9085,quant Mutual Fund,Equity Scheme - Mid Cap Fund
120841,quant Mid Cap Fund - Growth Option - Direct Plan,06-10-2021,121.0031,quant Mutual Fund,Equity Scheme - Mid Cap Fund
120841,quant Mid Cap Fund - Growth Option - Direct Plan,05-10-2021,122.8085,quant Mutual Fund,Equity Scheme - Mid Cap Fund
120841,quant Mid Cap Fund - Growth Option - Direct Plan,04-10-2021,121.3677,quant Mutual Fund,Equity Scheme - Mid Cap Fund
120841,quant Mid Cap Fund - Growth Option - Direct Plan,01-10-2021,119.6067,quant Mutual Fund,Equity Scheme - Mid Cap Fund
120841,quant Mid Cap Fund - Growth Option - Direct Plan,30-09-2021,119.6375,quant Mutual Fund,Equity Scheme - Mid Cap Fund
120841,quant Mid Cap Fund - Growth Option - Direct Plan,29-09-2021,119.5144,quant Mutual Fund,Equity Scheme - Mid Cap Fund
120841,quant Mid Cap Fund - Growth Option - Direct Plan,28-09-2021,118.9551,quant Mutual Fund,Equity Scheme - Mid Cap Fund
120841,quant Mid Cap Fund - Growth Option - Direct Plan,27-09-2021,120.5259,quant Mutual Fund,Equity Scheme - Mid Cap Fund
120841,quant Mid Cap Fund - Growth Option - Direct Plan,24-09-2021,120.4051,quant Mutual Fund,Equity Scheme - Mid Cap Fund
120841,quant Mid Cap Fund - Growth Option - Direct Plan,23-09-2021,121.3543,quant Mutual Fund,Equity Scheme - Mid Cap Fund
120841,quant Mid Cap Fund - Growth Option - Direct Plan,22-09-2021,119.0567,quant Mutual Fund,Equity Scheme - Mid Cap Fund
120841,quant Mid Cap Fund - Growth Option - Direct Plan,21-09-2021,116.8253,quant Mutual Fund,Equity Scheme - Mid Cap Fund
120841,quant Mid Cap Fund - Growth Option - Direct Plan,20-09-2021,116.2739,quant Mutual Fund,Equity Scheme - Mid Cap Fund
120841,quant Mid Cap Fund - Growth Option - Direct Plan,17-09-2021,118.2959,quant Mutual Fund,Equity Scheme - Mid Cap Fund
120841,quant Mid Cap Fund - Growth Option - Direct Plan,16-09-2021,120.0889,quant Mutual Fund,Equity Scheme - Mid Cap Fund
120841,quant Mid Cap Fund - Growth Option - Direct Plan,15-09-2021,120.1809,quant Mutual Fund,Equity Scheme - Mid Cap Fund
120841,quant Mid Cap Fund - Growth Option - Direct Plan,14-09-2021,119.6825,quant Mutual Fund,Equity Scheme - Mid Cap Fund
120841,quant Mid Cap Fund - Growth Option - Direct Plan,13-09-2021,118.0007,quant Mutual Fund,Equity Scheme - Mid Cap Fund
120841,quant Mid Cap Fund - Growth Option - Direct Plan,09-09-2021,117.5904,quant Mutual Fund,Equity Scheme - Mid Cap Fund
120841,quant Mid Cap Fund - Growth Option - Direct Plan,08-09-2021,117.2561,quant Mutual Fund,Equity Scheme - Mid Cap Fund
120841,quant Mid Cap Fund - Growth Option - Direct Plan,07-09-2021,117.1723,quant Mutual Fund,Equity Scheme - Mid Cap Fund
120841,quant Mid Cap Fund - Growth Option - Direct Plan,06-09-2021,118.4129,quant Mutual Fund,Equity Scheme - Mid Cap Fund
120841,quant Mid Cap Fund - Growth Option - Direct Plan,03-09-2021,118.3232,quant Mutual Fund,Equity Scheme - Mid Cap Fund
120841,quant Mid Cap Fund - Growth Option - Direct Plan,02-09-2021,116.8384,quant Mutual Fund,Equity Scheme - Mid Cap Fund
120841,quant Mid Cap Fund - Growth Option - Direct Plan,01-09-2021,115.819,quant Mutual Fund,Equity Scheme - Mid Cap Fund
120841,quant Mid Cap Fund - Growth Option - Direct Plan,31-08-2021,115.0803,quant Mutual Fund,Equity Scheme - Mid Cap Fund
120841,quant Mid Cap Fund - Growth Option - Direct Plan,30-08-2021,114.5617,quant Mutual Fund,Equity Scheme - Mid Cap Fund
120841,quant Mid Cap Fund - Growth Option - Direct Plan,27-08-2021,112.8523,quant Mutual Fund,Equity Scheme - Mid Cap Fund
120841,quant Mid Cap Fund - Growth Option - Direct Plan,26-08-2021,111.3224,quant Mutual Fund,Equity Scheme - Mid Cap Fund
120841,quant Mid Cap Fund - Growth Option - Direct Plan,25-08-2021,111.2587,quant Mutual Fund,Equity Scheme - Mid Cap Fund
120841,quant Mid Cap Fund - Growth Option - Direct Plan,24-08-2021,110.7465,quant Mutual Fund,Equity Scheme - Mid Cap Fund
120841,quant Mid Cap Fund - Growth Option - Direct Plan,23-08-2021,108.5636,quant Mutual Fund,Equity Scheme - Mid Cap Fund
120841,quant Mid Cap Fund - Growth Option - Direct Plan,20-08-2021,110.1044,quant Mutual Fund,Equity Scheme - Mid Cap Fund
120841,quant Mid Cap Fund - Growth Option - Direct Plan,18-08-2021,112.2595,quant Mutual Fund,Equity Scheme - Mid Cap Fund
120841,quant Mid Cap Fund - Growth Option - Direct Plan,17-08-2021,112.4596,quant Mutual Fund,Equity Scheme - Mid Cap Fund
120841,quant Mid Cap Fund - Growth Option - Direct Plan,16-08-2021,112.9477,quant Mutual Fund,Equity Scheme - Mid Cap Fund
120841,quant Mid Cap Fund - Growth Option - Direct Plan,13-08-2021,113.2091,quant Mutual Fund,Equity Scheme - Mid Cap Fund
120841,quant Mid Cap Fund - Growth Option - Direct Plan,12-08-2021,113.4808,quant Mutual Fund,Equity Scheme - Mid Cap Fund
120841,quant Mid Cap Fund - Growth Option - Direct Plan,11-08-2021,111.6255,quant Mutual Fund,Equity Scheme - Mid Cap Fund
120841,quant Mid Cap Fund - Growth Option - Direct Plan,10-08-2021,111.3368,quant Mutual Fund,Equity Scheme - Mid Cap Fund
120841,quant Mid Cap Fund - Growth Option - Direct Plan,09-08-2021,113.7666,quant Mutual Fund,Equity Scheme - Mid Cap Fund
120841,quant Mid Cap Fund - Growth Option - Direct Plan,06-08-2021,115.0773,quant Mutual Fund,Equity Scheme - Mid Cap Fund
120841,quant Mid Cap Fund - Growth Option - Direct Plan,05-08-2021,114.8914,quant Mutual Fund,Equity Scheme - Mid Cap Fund
120841,quant Mid Cap Fund - Growth Option - Direct Plan,04-08-2021,116.3895,quant Mutual Fund,Equity Scheme - Mid Cap Fund
120841,quant Mid Cap Fund - Growth Option - Direct Plan,03-08-2021,118.247,quant Mutual Fund,Equity Scheme - Mid Cap Fund
120841,quant Mid Cap Fund - Growth Option - Direct Plan,02-08-2021,117.6043,quant Mutual Fund,Equity Scheme - Mid Cap Fund
120841,quant Mid Cap Fund - Growth Option - Direct Plan,30-07-2021,116.2014,quant Mutual Fund,Equity Scheme - Mid Cap Fund
120841,quant Mid Cap Fund - Growth Option - Direct Plan,29-07-2021,115.3692,quant Mutual Fund,Equity Scheme - Mid Cap Fund
120841,quant Mid Cap Fund - Growth Option - Direct Plan,28-07-2021,114.8053,quant Mutual Fund,Equity Scheme - Mid Cap Fund
120841,quant Mid Cap Fund - Growth Option - Direct Plan,27-07-2021,114.7306,quant Mutual Fund,Equity Scheme - Mid Cap Fund
120841,quant Mid Cap Fund - Growth Option - Direct Plan,26-07-2021,114.6399,quant Mutual Fund,Equity Scheme - Mid Cap Fund
120841,quant Mid Cap Fund - Growth Option - Direct Plan,23-07-2021,113.8497,quant Mutual Fund,Equity Scheme - Mid Cap Fund
120841,quant Mid Cap Fund - Growth Option - Direct Plan,22-07-2021,114.4246,quant Mutual Fund,Equity Scheme - Mid Cap Fund
120841,quant Mid Cap Fund - Growth Option - Direct Plan,20-07-2021,112.6394,quant Mutual Fund,Equity Scheme - Mid Cap Fund
120841,quant Mid Cap Fund - Growth Option - Direct Plan,19-07-2021,114.5825,quant Mutual Fund,Equity Scheme - Mid Cap Fund
120841,quant Mid Cap Fund - Growth Option - Direct Plan,16-07-2021,114.8708,quant Mutual Fund,Equity Scheme - Mid Cap Fund
120841,quant Mid Cap Fund - Growth Option - Direct Plan,15-07-2021,113.9896,quant Mutual Fund,Equity Scheme - Mid Cap Fund
120841,quant Mid Cap Fund - Growth Option - Direct Plan,14-07-2021,113.9917,quant Mutual Fund,Equity Scheme - Mid Cap Fund
120841,quant Mid Cap Fund - Growth Option - Direct Plan,13-07-2021,113.1638,quant Mutual Fund,Equity Scheme - Mid Cap Fund
120841,quant Mid Cap Fund - Growth Option - Direct Plan,12-07-2021,112.5196,quant Mutual Fund,Equity Scheme - Mid Cap Fund
120841,quant Mid Cap Fund - Growth Option - Direct Plan,09-07-2021,112.6712,quant Mutual Fund,Equity Scheme - Mid Cap Fund
120841,quant Mid Cap Fund - Growth Option - Direct Plan,08-07-2021,112.4426,quant Mutual Fund,Equity Scheme - Mid Cap Fund
120841,quant Mid Cap Fund - Growth Option - Direct Plan,07-07-2021,113.5351,quant Mutual Fund,Equity Scheme - Mid Cap Fund
120841,quant Mid Cap Fund - Growth Option - Direct Plan,06-07-2021,112.8844,quant Mutual Fund,Equity Scheme - Mid Cap Fund
120841,quant Mid Cap Fund - Growth Option - Direct Plan,05-07-2021,112.5249,quant Mutual Fund,Equity Scheme - Mid Cap Fund
120841,quant Mid Cap Fund - Growth Option - Direct Plan,02-07-2021,111.4249,quant Mutual Fund,Equity Scheme - Mid Cap Fund
120841,quant Mid Cap Fund - Growth Option - Direct Plan,01-07-2021,110.3494,quant Mutual Fund,Equity Scheme - Mid Cap Fund
120841,quant Mid Cap Fund - Growth Option - Direct Plan,30-06-2021,110.031,quant Mutual Fund,Equity Scheme - Mid Cap Fund
120841,quant Mid Cap Fund - Growth Option - Direct Plan,29-06-2021,109.7662,quant Mutual Fund,Equity Scheme - Mid Cap Fund
120841,quant Mid Cap Fund - Growth Option - Direct Plan,28-06-2021,110.4474,quant Mutual Fund,Equity Scheme - Mid Cap Fund
120841,quant Mid Cap Fund - Growth Option - Direct Plan,25-06-2021,110.5951,quant Mutual Fund,Equity Scheme - Mid Cap Fund
120841,quant Mid Cap Fund - Growth Option - Direct Plan,24-06-2021,109.1505,quant Mutual Fund,Equity Scheme - Mid Cap Fund
120841,quant Mid Cap Fund - Growth Option - Direct Plan,23-06-2021,109.382,quant Mutual Fund,Equity Scheme - Mid Cap Fund
120841,quant Mid Cap Fund - Growth Option - Direct Plan,22-06-2021,109.0671,quant Mutual Fund,Equity Scheme - Mid Cap Fund
120841,quant Mid Cap Fund - Growth Option - Direct Plan,21-06-2021,108.33,quant Mutual Fund,Equity Scheme - Mid Cap Fund
120841,quant Mid Cap Fund - Growth Option - Direct Plan,18-06-2021,107.7961,quant Mutual Fund,Equity Scheme - Mid Cap Fund
120841,quant Mid Cap Fund - Growth Option - Direct Plan,17-06-2021,107.7813,quant Mutual Fund,Equity Scheme - Mid Cap Fund
120841,quant Mid Cap Fund - Growth Option - Direct Plan,16-06-2021,108.9361,quant Mutual Fund,Equity Scheme - Mid Cap Fund
120841,quant Mid Cap Fund - Growth Option - Direct Plan,15-06-2021,109.4685,quant Mutual Fund,Equity Scheme - Mid Cap Fund
120841,quant Mid Cap Fund - Growth Option - Direct Plan,14-06-2021,109.3974,quant Mutual Fund,Equity Scheme - Mid Cap Fund
120841,quant Mid Cap Fund - Growth Option - Direct Plan,11-06-2021,108.2812,quant Mutual Fund,Equity Scheme - Mid Cap Fund
120841,quant Mid Cap Fund - Growth Option - Direct Plan,10-06-2021,107.8207,quant Mutual Fund,Equity Scheme - Mid Cap Fund
120841,quant Mid Cap Fund - Growth Option - Direct Plan,09-06-2021,106.6064,quant Mutual Fund,Equity Scheme - Mid Cap Fund
120841,quant Mid Cap Fund - Growth Option - Direct Plan,08-06-2021,107.8485,quant Mutual Fund,Equity Scheme - Mid Cap Fund
120841,quant Mid Cap Fund - Growth Option - Direct Plan,07-06-2021,107.8234,quant Mutual Fund,Equity Scheme - Mid Cap Fund
120841,quant Mid Cap Fund - Growth Option - Direct Plan,04-06-2021,106.6658,quant Mutual Fund,Equity Scheme - Mid Cap Fund
120841,quant Mid Cap Fund - Growth Option - Direct Plan,03-06-2021,106.1394,quant Mutual Fund,Equity Scheme - Mid Cap Fund
120841,quant Mid Cap Fund - Growth Option - Direct Plan,02-06-2021,105.6999,quant Mutual Fund,Equity Scheme - Mid Cap Fund
120841,quant Mid Cap Fund - Growth Option - Direct Plan,01-06-2021,104.9083,quant Mutual Fund,Equity Scheme - Mid Cap Fund
120841,quant Mid Cap Fund - Growth Option - Direct Plan,31-05-2021,105.8356,quant Mutual Fund,Equity Scheme - Mid Cap Fund
120841,quant Mid Cap Fund - Growth Option - Direct Plan,28-05-2021,105.3639,quant Mutual Fund,Equity Scheme - Mid Cap Fund
120841,quant Mid Cap Fund - Growth Option - Direct Plan,27-05-2021,104.8858,quant Mutual Fund,Equity Scheme - Mid Cap Fund
120841,quant Mid Cap Fund - Growth Option - Direct Plan,26-05-2021,104.5778,quant Mutual Fund,Equity Scheme - Mid Cap Fund
120841,quant Mid Cap Fund - Growth Option - Direct Plan,25-05-2021,104.7153,quant Mutual Fund,Equity Scheme - Mid Cap Fund
120841,quant Mid Cap Fund - Growth Option - Direct Plan,24-05-2021,105.2387,quant Mutual Fund,Equity Scheme - Mid Cap Fund
120841,quant Mid Cap Fund - Growth Option - Direct Plan,21-05-2021,104.4634,quant Mutual Fund,Equity Scheme - Mid Cap Fund
120841,quant Mid Cap Fund - Growth Option - Direct Plan,20-05-2021,103.873,quant Mutual Fund,Equity Scheme - Mid Cap Fund
120841,quant Mid Cap Fund - Growth Option - Direct Plan,19-05-2021,103.9913,quant Mutual Fund,Equity Scheme - Mid Cap Fund
120841,quant Mid Cap Fund - Growth Option - Direct Plan,18-05-2021,103.9544,quant Mutual Fund,Equity Scheme - Mid Cap Fund
120841,quant Mid Cap Fund - Growth Option - Direct Plan,17-05-2021,103.0522,quant Mutual Fund,Equity Scheme - Mid Cap Fund
120841,quant Mid Cap Fund - Growth Option - Direct Plan,14-05-2021,101.9095,quant Mutual Fund,Equity Scheme - Mid Cap Fund
120841,quant Mid Cap Fund - Growth Option - Direct Plan,12-05-2021,104.0749,quant Mutual Fund,Equity Scheme - Mid Cap Fund
120841,quant Mid Cap Fund - Growth Option - Direct Plan,11-05-2021,103.9738,quant Mutual Fund,Equity Scheme - Mid Cap Fund
120841,quant Mid Cap Fund - Growth Option - Direct Plan,10-05-2021,101.7622,quant Mutual Fund,Equity Scheme - Mid Cap Fund
120841,quant Mid Cap Fund - Growth Option - Direct Plan,07-05-2021,99.8228,quant Mutual Fund,Equity Scheme - Mid Cap Fund
120841,quant Mid Cap Fund - Growth Option - Direct Plan,06-05-2021,98.8142,quant Mutual Fund,Equity Scheme - Mid Cap Fund
120841,quant Mid Cap Fund - Growth Option - Direct Plan,05-05-2021,98.0632,quant Mutual Fund,Equity Scheme - Mid Cap Fund
120841,quant Mid Cap Fund - Growth Option - Direct Plan,04-05-2021,96.3119,quant Mutual Fund,Equity Scheme - Mid Cap Fund
120841,quant Mid Cap Fund - Growth Option - Direct Plan,03-05-2021,96.3213,quant Mutual Fund,Equity Scheme - Mid Cap Fund
120841,quant Mid Cap Fund - Growth Option - Direct Plan,30-04-2021,94.7152,quant Mutual Fund,Equity Scheme - Mid Cap Fund
120841,quant Mid Cap Fund - Growth Option - Direct Plan,29-04-2021,94.9422,quant Mutual Fund,Equity Scheme - Mid Cap Fund
120841,quant Mid Cap Fund - Growth Option - Direct Plan,28-04-2021,95.7304,quant Mutual Fund,Equity Scheme - Mid Cap Fund
120841,quant Mid Cap Fund - Growth Option - Direct Plan,27-04-2021,95.2842,quant Mutual Fund,Equity Scheme - Mid Cap Fund
120841,quant Mid Cap Fund - Growth Option - Direct Plan,26-04-2021,93.8119,quant Mutual Fund,Equity Scheme - Mid Cap Fund
120841,quant Mid Cap Fund - Growth Option - Direct Plan,23-04-2021,93.2959,quant Mutual Fund,Equity Scheme - Mid Cap Fund
120841,quant Mid Cap Fund - Growth Option - Direct Plan,22-04-2021,92.9617,quant Mutual Fund,Equity Scheme - Mid Cap Fund
120841,quant Mid Cap Fund - Growth Option - Direct Plan,20-04-2021,91.9398,quant Mutual Fund,Equity Scheme - Mid Cap Fund
120841,quant Mid Cap Fund - Growth Option - Direct Plan,19-04-2021,91.1552,quant Mutual Fund,Equity Scheme - Mid Cap Fund
120841,quant Mid Cap Fund - Growth Option - Direct Plan,16-04-2021,92.2092,quant Mutual Fund,Equity Scheme - Mid Cap Fund
120841,quant Mid Cap Fund - Growth Option - Direct Plan,15-04-2021,91.3154,quant Mutual Fund,Equity Scheme - Mid Cap Fund
120841,quant Mid Cap Fund - Growth Option - Direct Plan,13-04-2021,91.6968,quant Mutual Fund,Equity Scheme - Mid Cap Fund
120841,quant Mid Cap Fund - Growth Option - Direct Plan,12-04-2021,91.0016,quant Mutual Fund,Equity Scheme - Mid Cap Fund
120841,quant Mid Cap Fund - Growth Option - Direct Plan,09-04-2021,95.195,quant Mutual Fund,Equity Scheme - Mid Cap Fund
120841,quant Mid Cap Fund - Growth Option - Direct Plan,08-04-2021,93.6119,quant Mutual Fund,Equity Scheme - Mid Cap Fund
120841,quant Mid Cap Fund - Growth Option - Direct Plan,07-04-2021,92.4212,quant Mutual Fund,Equity Scheme - Mid Cap Fund
120841,quant Mid Cap Fund - Growth Option - Direct Plan,06-04-2021,91.8145,quant Mutual Fund,Equity Scheme - Mid Cap Fund
120841,quant Mid Cap Fund - Growth Option - Direct Plan,05-04-2021,90.8865,quant Mutual Fund,Equity Scheme - Mid Cap Fund
120841,quant Mid Cap Fund - Growth Option - Direct Plan,01-04-2021,90.4644,quant Mutual Fund,Equity Scheme - Mid Cap Fund
120841,quant Mid Cap Fund - Growth Option - Direct Plan,31-03-2021,89.0426,quant Mutual Fund,Equity Scheme - Mid Cap Fund
120841,quant Mid Cap Fund - Growth Option - Direct Plan,30-03-2021,89.5502,quant Mutual Fund,Equity Scheme - Mid Cap Fund
120841,quant Mid Cap Fund - Growth Option - Direct Plan,26-03-2021,87.4733,quant Mutual Fund,Equity Scheme - Mid Cap Fund
120841,quant Mid Cap Fund - Growth Option - Direct Plan,25-03-2021,86.5314,quant Mutual Fund,Equity Scheme - Mid Cap Fund
120841,quant Mid Cap Fund - Growth Option - Direct Plan,24-03-2021,88.0379,quant Mutual Fund,Equity Scheme - Mid Cap Fund
120841,quant Mid Cap Fund - Growth Option - Direct Plan,23-03-2021,89.6235,quant Mutual Fund,Equity Scheme - Mid Cap Fund
120841,quant Mid Cap Fund - Growth Option - Direct Plan,22-03-2021,89.3146,quant Mutual Fund,Equity Scheme - Mid Cap Fund
120841,quant Mid Cap Fund - Growth Option - Direct Plan,19-03-2021,88.3019,quant Mutual Fund,Equity Scheme - Mid Cap Fund
120841,quant Mid Cap Fund - Growth Option - Direct Plan,18-03-2021,85.3837,quant Mutual Fund,Equity Scheme - Mid Cap Fund
120841,quant Mid Cap Fund - Growth Option - Direct Plan,17-03-2021,85.7745,quant Mutual Fund,Equity Scheme - Mid Cap Fund
120841,quant Mid Cap Fund - Growth Option - Direct Plan,16-03-2021,87.8189,quant Mutual Fund,Equity Scheme - Mid Cap Fund
120841,quant Mid Cap Fund - Growth Option - Direct Plan,15-03-2021,87.2741,quant Mutual Fund,Equity Scheme - Mid Cap Fund
120841,quant Mid Cap Fund - Growth Option - Direct Plan,12-03-2021,87.2898,quant Mutual Fund,Equity Scheme - Mid Cap Fund
120841,quant Mid Cap Fund - Growth Option - Direct Plan,10-03-2021,87.4713,quant Mutual Fund,Equity Scheme - Mid Cap Fund
120841,quant Mid Cap Fund - Growth Option - Direct Plan,09-03-2021,87.5484,quant Mutual Fund,Equity Scheme - Mid Cap Fund
120841,quant Mid Cap Fund - Growth Option - Direct Plan,08-03-2021,87.5496,quant Mutual Fund,Equity Scheme - Mid Cap Fund
120841,quant Mid Cap Fund - Growth Option - Direct Plan,05-03-2021,86.7431,quant Mutual Fund,Equity Scheme - Mid Cap Fund
120841,quant Mid Cap Fund - Growth Option - Direct Plan,04-03-2021,88.2736,quant Mutual Fund,Equity Scheme - Mid Cap Fund
120841,quant Mid Cap Fund - Growth Option - Direct Plan,03-03-2021,87.3625,quant Mutual Fund,Equity Scheme - Mid Cap Fund
120841,quant Mid Cap Fund - Growth Option - Direct Plan,02-03-2021,86.9881,quant Mutual Fund,Equity Scheme - Mid Cap Fund
120841,quant Mid Cap Fund - Growth Option - Direct Plan,01-03-2021,85.2498,quant Mutual Fund,Equity Scheme - Mid Cap Fund
120841,quant Mid Cap Fund - Growth Option - Direct Plan,26-02-2021,83.5002,quant Mutual Fund,Equity Scheme - Mid Cap Fund
120841,quant Mid Cap Fund - Growth Option - Direct Plan,25-02-2021,83.7388,quant Mutual Fund,Equity Scheme - Mid Cap Fund
120841,quant Mid Cap Fund - Growth Option - Direct Plan,24-02-2021,82.0946,quant Mutual Fund,Equity Scheme - Mid Cap Fund
120841,quant Mid Cap Fund - Growth Option - Direct Plan,23-02-2021,81.801,quant Mutual Fund,Equity Scheme - Mid Cap Fund
120841,quant Mid Cap Fund - Growth Option - Direct Plan,22-02-2021,81.5641,quant Mutual Fund,Equity Scheme - Mid Cap Fund
120841,quant Mid Cap Fund - Growth Option - Direct Plan,19-02-2021,82.2455,quant Mutual Fund,Equity Scheme - Mid Cap Fund
120841,quant Mid Cap Fund - Growth Option - Direct Plan,18-02-2021,83.0797,quant Mutual Fund,Equity Scheme - Mid Cap Fund
120841,quant Mid Cap Fund - Growth Option - Direct Plan,17-02-2021,83.0735,quant Mutual Fund,Equity Scheme - Mid Cap Fund
120841,quant Mid Cap Fund - Growth Option - Direct Plan,16-02-2021,83.0116,quant Mutual Fund,Equity Scheme - Mid Cap Fund
120841,quant Mid Cap Fund - Growth Option - Direct Plan,15-02-2021,83.2045,quant Mutual Fund,Equity Scheme - Mid Cap Fund
120841,quant Mid Cap Fund - Growth Option - Direct Plan,12-02-2021,83.2503,quant Mutual Fund,Equity Scheme - Mid Cap Fund
120841,quant Mid Cap Fund - Growth Option - Direct Plan,11-02-2021,83.362,quant Mutual Fund,Equity Scheme - Mid Cap Fund
120841,quant Mid Cap Fund - Growth Option - Direct Plan,10-02-2021,83.4387,quant Mutual Fund,Equity Scheme - Mid Cap Fund
120841,quant Mid Cap Fund - Growth Option - Direct Plan,09-02-2021,83.4124,quant Mutual Fund,Equity Scheme - Mid Cap Fund
120841,quant Mid Cap Fund - Growth Option - Direct Plan,08-02-2021,83.0765,quant Mutual Fund,Equity Scheme - Mid Cap Fund
120841,quant Mid Cap Fund - Growth Option - Direct Plan,05-02-2021,82.0774,quant Mutual Fund,Equity Scheme - Mid Cap Fund
120841,quant Mid Cap Fund - Growth Option - Direct Plan,04-02-2021,82.3549,quant Mutual Fund,Equity Scheme - Mid Cap Fund
120841,quant Mid Cap Fund - Growth Option - Direct Plan,03-02-2021,82.0092,quant Mutual Fund,Equity Scheme - Mid Cap Fund
120841,quant Mid Cap Fund - Growth Option - Direct Plan,02-02-2021,80.7035,quant Mutual Fund,Equity Scheme - Mid Cap Fund
120841,quant Mid Cap Fund - Growth Option - Direct Plan,01-02-2021,80.247,quant Mutual Fund,Equity Scheme - Mid Cap Fund
120841,quant Mid Cap Fund - Growth Option - Direct Plan,29-01-2021,79.1266,quant Mutual Fund,Equity Scheme - Mid Cap Fund
120841,quant Mid Cap Fund - Growth Option - Direct Plan,28-01-2021,79.5197,quant Mutual Fund,Equity Scheme - Mid Cap Fund
120841,quant Mid Cap Fund - Growth Option - Direct Plan,27-01-2021,79.5643,quant Mutual Fund,Equity Scheme - Mid Cap Fund
120841,quant Mid Cap Fund - Growth Option - Direct Plan,25-01-2021,81.1978,quant Mutual Fund,Equity Scheme - Mid Cap Fund
120841,quant Mid Cap Fund - Growth Option - Direct Plan,22-01-2021,82.2957,quant Mutual Fund,Equity Scheme - Mid Cap Fund
120841,quant Mid Cap Fund - Growth Option - Direct Plan,21-01-2021,83.4044,quant Mutual Fund,Equity Scheme - Mid Cap Fund
120841,quant Mid Cap Fund - Growth Option - Direct Plan,20-01-2021,84.4445,quant Mutual Fund,Equity Scheme - Mid Cap Fund
120841,quant Mid Cap Fund - Growth Option - Direct Plan,19-01-2021,84.8174,quant Mutual Fund,Equity Scheme - Mid Cap Fund
120841,quant Mid Cap Fund - Growth Option - Direct Plan,18-01-2021,83.4649,quant Mutual Fund,Equity Scheme - Mid Cap Fund
120841,quant Mid Cap Fund - Growth Option - Direct Plan,15-01-2021,84.9691,quant Mutual Fund,Equity Scheme - Mid Cap Fund
120841,quant Mid Cap Fund - Growth Option - Direct Plan,14-01-2021,85.9377,quant Mutual Fund,Equity Scheme - Mid Cap Fund
120841,quant Mid Cap Fund - Growth Option - Direct Plan,13-01-2021,85.51,quant Mutual Fund,Equity Scheme - Mid Cap Fund
120841,quant Mid Cap Fund - Growth Option - Direct Plan,12-01-2021,85.5099,quant Mutual Fund,Equity Scheme - Mid Cap Fund
120841,quant Mid Cap Fund - Growth Option - Direct Plan,11-01-2021,85.8252,quant Mutual Fund,Equity Scheme - Mid Cap Fund
120841,quant Mid Cap Fund - Growth Option - Direct Plan,08-01-2021,85.6288,quant Mutual Fund,Equity Scheme - Mid Cap Fund
120841,quant Mid Cap Fund - Growth Option - Direct Plan,07-01-2021,83.8689,quant Mutual Fund,Equity Scheme - Mid Cap Fund
120841,quant Mid Cap Fund - Growth Option - Direct Plan,06-01-2021,84.3043,quant Mutual Fund,Equity Scheme - Mid Cap Fund
120841,quant Mid Cap Fund - Growth Option - Direct Plan,05-01-2021,84.2546,quant Mutual Fund,Equity Scheme - Mid Cap Fund
120841,quant Mid Cap Fund - Growth Option - Direct Plan,04-01-2021,83.323,quant Mutual Fund,Equity Scheme - Mid Cap Fund
120841,quant Mid Cap Fund - Growth Option - Direct Plan,01-01-2021,82.3932,quant Mutual Fund,Equity Scheme - Mid Cap Fund
120841,quant Mid Cap Fund - Growth Option - Direct Plan,31-12-2020,81.4326,quant Mutual Fund,Equity Scheme - Mid Cap Fund
120841,quant Mid Cap Fund - Growth Option - Direct Plan,30-12-2020,81.2929,quant Mutual Fund,Equity Scheme - Mid Cap Fund
120841,quant Mid Cap Fund - Growth Option - Direct Plan,29-12-2020,81.4013,quant Mutual Fund,Equity Scheme - Mid Cap Fund
120841,quant Mid Cap Fund - Growth Option - Direct Plan,28-12-2020,81.1267,quant Mutual Fund,Equity Scheme - Mid Cap Fund
120841,quant Mid Cap Fund - Growth Option - Direct Plan,24-12-2020,80.2602,quant Mutual Fund,Equity Scheme - Mid Cap Fund
120841,quant Mid Cap Fund - Growth Option - Direct Plan,23-12-2020,79.6855,quant Mutual Fund,Equity Scheme - Mid Cap Fund
120841,quant Mid Cap Fund - Growth Option - Direct Plan,22-12-2020,78.4177,quant Mutual Fund,Equity Scheme - Mid Cap Fund
120841,quant Mid Cap Fund - Growth Option - Direct Plan,21-12-2020,77.0238,quant Mutual Fund,Equity Scheme - Mid Cap Fund
120841,quant Mid Cap Fund - Growth Option - Direct Plan,18-12-2020,80.1387,quant Mutual Fund,Equity Scheme - Mid Cap Fund
120841,quant Mid Cap Fund - Growth Option - Direct Plan,17-12-2020,79.1871,quant Mutual Fund,Equity Scheme - Mid Cap Fund
120841,quant Mid Cap Fund - Growth Option - Direct Plan,16-12-2020,78.6263,quant Mutual Fund,Equity Scheme - Mid Cap Fund
120841,quant Mid Cap Fund - Growth Option - Direct Plan,15-12-2020,78.3565,quant Mutual Fund,Equity Scheme - Mid Cap Fund
120841,quant Mid Cap Fund - Growth Option - Direct Plan,14-12-2020,78.0139,quant Mutual Fund,Equity Scheme - Mid Cap Fund
120841,quant Mid Cap Fund - Growth Option - Direct Plan,11-12-2020,77.5891,quant Mutual Fund,Equity Scheme - Mid Cap Fund
120841,quant Mid Cap Fund - Growth Option - Direct Plan,10-12-2020,77.427,quant Mutual Fund,Equity Scheme - Mid Cap Fund
120841,quant Mid Cap Fund - Growth Option - Direct Plan,09-12-2020,77.5729,quant Mutual Fund,Equity Scheme - Mid Cap Fund
120841,quant Mid Cap Fund - Growth Option - Direct Plan,08-12-2020,77.2836,quant Mutual Fund,Equity Scheme - Mid Cap Fund
120841,quant Mid Cap Fund - Growth Option - Direct Plan,07-12-2020,77.8069,quant Mutual Fund,Equity Scheme - Mid Cap Fund
120841,quant Mid Cap Fund - Growth Option - Direct Plan,04-12-2020,76.5668,quant Mutual Fund,Equity Scheme - Mid Cap Fund
120841,quant Mid Cap Fund - Growth Option - Direct Plan,03-12-2020,75.7648,quant Mutual Fund,Equity Scheme - Mid Cap Fund
120841,quant Mid Cap Fund - Growth Option - Direct Plan,02-12-2020,75.2548,quant Mutual Fund,Equity Scheme - Mid Cap Fund
120841,quant Mid Cap Fund - Growth Option - Direct Plan,01-12-2020,74.4241,quant Mutual Fund,Equity Scheme - Mid Cap Fund
120841,quant Mid Cap Fund - Growth Option - Direct Plan,27-11-2020,72.6231,quant Mutual Fund,Equity Scheme - Mid Cap Fund
120841,quant Mid Cap Fund - Growth Option - Direct Plan,26-11-2020,71.7821,quant Mutual Fund,Equity Scheme - Mid Cap Fund
120841,quant Mid Cap Fund - Growth Option - Direct Plan,25-11-2020,71.1447,quant Mutual Fund,Equity Scheme - Mid Cap Fund
120841,quant Mid Cap Fund - Growth Option - Direct Plan,24-11-2020,71.9309,quant Mutual Fund,Equity Scheme - Mid Cap Fund
120841,quant Mid Cap Fund - Growth Option - Direct Plan,23-11-2020,71.0088,quant Mutual Fund,Equity Scheme - Mid Cap Fund
120841,quant Mid Cap Fund - Growth Option - Direct Plan,20-11-2020,70.1959,quant Mutual Fund,Equity Scheme - Mid Cap Fund
120841,quant Mid Cap Fund - Growth Option - Direct Plan,19-11-2020,70.0525,quant Mutual Fund,Equity Scheme - Mid Cap Fund
120841,quant Mid Cap Fund - Growth Option - Direct Plan,18-11-2020,70.3177,quant Mutual Fund,Equity Scheme - Mid Cap Fund
120841,quant Mid Cap Fund - Growth Option - Direct Plan,17-11-2020,69.9825,quant Mutual Fund,Equity Scheme - Mid Cap Fund
120841,quant Mid Cap Fund - Growth Option - Direct Plan,13-11-2020,68.9702,quant Mutual Fund,Equity Scheme - Mid Cap Fund
120841,quant Mid Cap Fund - Growth Option - Direct Plan,12-11-2020,68.6813,quant Mutual Fund,Equity Scheme - Mid Cap Fund
120841,quant Mid Cap Fund - Growth Option - Direct Plan,11-11-2020,68.1997,quant Mutual Fund,Equity Scheme - Mid Cap Fund
120841,quant Mid Cap Fund - Growth Option - Direct Plan,10-11-2020,68.1961,quant Mutual Fund,Equity Scheme - Mid Cap Fund
120841,quant Mid Cap Fund - Growth Option - Direct Plan,09-11-2020,68.7861,quant Mutual Fund,Equity Scheme - Mid Cap Fund
120841,quant Mid Cap Fund - Growth Option - Direct Plan,06-11-2020,68.6093,quant Mutual Fund,Equity Scheme - Mid Cap Fund
120841,quant Mid Cap Fund - Growth Option - Direct Plan,05-11-2020,68.4809,quant Mutual Fund,Equity Scheme - Mid Cap Fund
120841,quant Mid Cap Fund - Growth Option - Direct Plan,04-11-2020,66.9865,quant Mutual Fund,Equity Scheme - Mid Cap Fund
120841,quant Mid Cap Fund - Growth Option - Direct Plan,03-11-2020,66.3515,quant Mutual Fund,Equity Scheme - Mid Cap Fund
120841,quant Mid Cap Fund - Growth Option - Direct Plan,02-11-2020,66.0187,quant Mutual Fund,Equity Scheme - Mid Cap Fund
120841,quant Mid Cap Fund - Growth Option - Direct Plan,30-10-2020,65.9,quant Mutual Fund,Equity Scheme - Mid Cap Fund
120841,quant Mid Cap Fund - Growth Option - Direct Plan,29-10-2020,65.4769,quant Mutual Fund,Equity Scheme - Mid Cap Fund
120841,quant Mid Cap Fund - Growth Option - Direct Plan,28-10-2020,65.1878,quant Mutual Fund,Equity Scheme - Mid Cap Fund
120841,quant Mid Cap Fund - Growth Option - Direct Plan,27-10-2020,65.2039,quant Mutual Fund,Equity Scheme - Mid Cap Fund
120841,quant Mid Cap Fund - Growth Option - Direct Plan,26-10-2020,65.0052,quant Mutual Fund,Equity Scheme - Mid Cap Fund
120841,quant Mid Cap Fund - Growth Option - Direct Plan,23-10-2020,65.8442,quant Mutual Fund,Equity Scheme - Mid Cap Fund
120841,quant Mid Cap Fund - Growth Option - Direct Plan,22-10-2020,65.4607,quant Mutual Fund,Equity Scheme - Mid Cap Fund
120841,quant Mid Cap Fund - Growth Option - Direct Plan,21-10-2020,65.1698,quant Mutual Fund,Equity Scheme - Mid Cap Fund
120841,quant Mid Cap Fund - Growth Option - Direct Plan,20-10-2020,65.2917,quant Mutual Fund,Equity Scheme - Mid Cap Fund
120841,quant Mid Cap Fund - Growth Option - Direct Plan,19-10-2020,65.1275,quant Mutual Fund,Equity Scheme - Mid Cap Fund
120841,quant Mid Cap Fund - Growth Option - Direct Plan,16-10-2020,65.1479,quant Mutual Fund,Equity Scheme - Mid Cap Fund
120841,quant Mid Cap Fund - Growth Option - Direct Plan,15-10-2020,64.5317,quant Mutual Fund,Equity Scheme - Mid Cap Fund
120841,quant Mid Cap Fund - Growth Option - Direct Plan,14-10-2020,65.7957,quant Mutual Fund,Equity Scheme - Mid Cap Fund
120841,quant Mid Cap Fund - Growth Option - Direct Plan,13-10-2020,65.8073,quant Mutual Fund,Equity Scheme - Mid Cap Fund
120841,quant Mid Cap Fund - Growth Option - Direct Plan,12-10-2020,65.9921,quant Mutual Fund,Equity Scheme - Mid Cap Fund
120841,quant Mid Cap Fund - Growth Option - Direct Plan,09-10-2020,66.21,quant Mutual Fund,Equity Scheme - Mid Cap Fund
120841,quant Mid Cap Fund - Growth Option - Direct Plan,08-10-2020,66.806,quant Mutual Fund,Equity Scheme - Mid Cap Fund
120841,quant Mid Cap Fund - Growth Option - Direct Plan,07-10-2020,66.6421,quant Mutual Fund,Equity Scheme - Mid Cap Fund
120841,quant Mid Cap Fund - Growth Option - Direct Plan,06-10-2020,66.9087,quant Mutual Fund,Equity Scheme - Mid Cap Fund
120841,quant Mid Cap Fund - Growth Option - Direct Plan,05-10-2020,66.4188,quant Mutual Fund,Equity Scheme - Mid Cap Fund
120841,quant Mid Cap Fund - Growth Option - Direct Plan,01-10-2020,65.7441,quant Mutual Fund,Equity Scheme - Mid Cap Fund
120841,quant Mid Cap Fund - Growth Option - Direct Plan,30-09-2020,65.6953,quant Mutual Fund,Equity Scheme - Mid Cap Fund
120841,quant Mid Cap Fund - Growth Option - Direct Plan,29-09-2020,65.6623,quant Mutual Fund,Equity Scheme - Mid Cap Fund
120841,quant Mid Cap Fund - Growth Option - Direct Plan,28-09-2020,65.6529,quant Mutual Fund,Equity Scheme - Mid Cap Fund
120841,quant Mid Cap Fund - Growth Option - Direct Plan,25-09-2020,64.4883,quant Mutual Fund,Equity Scheme - Mid Cap Fund
120841,quant Mid Cap Fund - Growth Option - Direct Plan,24-09-2020,63.2843,quant Mutual Fund,Equity Scheme - Mid Cap Fund
120841,quant Mid Cap Fund - Growth Option - Direct Plan,23-09-2020,64.4889,quant Mutual Fund,Equity Scheme - Mid Cap Fund
120841,quant Mid Cap Fund - Growth Option - Direct Plan,22-09-2020,63.7533,quant Mutual Fund,Equity Scheme - Mid Cap Fund
120841,quant Mid Cap Fund - Growth Option - Direct Plan,21-09-2020,64.3706,quant Mutual Fund,Equity Scheme - Mid Cap Fund
120841,quant Mid Cap Fund - Growth Option - Direct Plan,18-09-2020,66.3189,quant Mutual Fund,Equity Scheme - Mid Cap Fund
120841,quant Mid Cap Fund - Growth Option - Direct Plan,17-09-2020,65.84,quant Mutual Fund,Equity Scheme - Mid Cap Fund
120841,quant Mid Cap Fund - Growth Option - Direct Plan,16-09-2020,66.0678,quant Mutual Fund,Equity Scheme - Mid Cap Fund
120841,quant Mid Cap Fund - Growth Option - Direct Plan,15-09-2020,65.1282,quant Mutual Fund,Equity Scheme - Mid Cap Fund
120841,quant Mid Cap Fund - Growth Option - Direct Plan,14-09-2020,64.2841,quant Mutual Fund,Equity Scheme - Mid Cap Fund
120841,quant Mid Cap Fund - Growth Option - Direct Plan,11-09-2020,63.7702,quant Mutual Fund,Equity Scheme - Mid Cap Fund
120841,quant Mid Cap Fund - Growth Option - Direct Plan,10-09-2020,63.4366,quant Mutual Fund,Equity Scheme - Mid Cap Fund
120841,quant Mid Cap Fund - Growth Option - Direct Plan,09-09-2020,62.2926,quant Mutual Fund,Equity Scheme - Mid Cap Fund
120841,quant Mid Cap Fund - Growth Option - Direct Plan,08-09-2020,62.5035,quant Mutual Fund,Equity Scheme - Mid Cap Fund
120841,quant Mid Cap Fund - Growth Option - Direct Plan,07-09-2020,63.1689,quant Mutual Fund,Equity Scheme - Mid Cap Fund
120841,quant Mid Cap Fund - Growth Option - Direct Plan,04-09-2020,63.092,quant Mutual Fund,Equity Scheme - Mid Cap Fund
120841,quant Mid Cap Fund - Growth Option - Direct Plan,03-09-2020,64.2449,quant Mutual Fund,Equity Scheme - Mid Cap Fund
120841,quant Mid Cap Fund - Growth Option - Direct Plan,02-09-2020,64.0911,quant Mutual Fund,Equity Scheme - Mid Cap Fund
120841,quant Mid Cap Fund - Growth Option - Direct Plan,01-09-2020,63.1221,quant Mutual Fund,Equity Scheme - Mid Cap Fund
120841,quant Mid Cap Fund - Growth Option - Direct Plan,31-08-2020,62.4756,quant Mutual Fund,Equity Scheme - Mid Cap Fund
120841,quant Mid Cap Fund - Growth Option - Direct Plan,28-08-2020,65.1476,quant Mutual Fund,Equity Scheme - Mid Cap Fund
120841,quant Mid Cap Fund - Growth Option - Direct Plan,27-08-2020,65.2944,quant Mutual Fund,Equity Scheme - Mid Cap Fund
120841,quant Mid Cap Fund - Growth Option - Direct Plan,26-08-2020,65.7181,quant Mutual Fund,Equity Scheme - Mid Cap Fund
120841,quant Mid Cap Fund - Growth Option - Direct Plan,25-08-2020,65.5694,quant Mutual Fund,Equity Scheme - Mid Cap Fund
120841,quant Mid Cap Fund - Growth Option - Direct Plan,24-08-2020,65.6934,quant Mutual Fund,Equity Scheme - Mid Cap Fund
120841,quant Mid Cap Fund - Growth Option - Direct Plan,21-08-2020,65.1165,quant Mutual Fund,Equity Scheme - Mid Cap Fund
120841,quant Mid Cap Fund - Growth Option - Direct Plan,20-08-2020,64.5637,quant Mutual Fund,Equity Scheme - Mid Cap Fund
120841,quant Mid Cap Fund - Growth Option - Direct Plan,19-08-2020,63.9355,quant Mutual Fund,Equity Scheme - Mid Cap Fund
120841,quant Mid Cap Fund - Growth Option - Direct Plan,18-08-2020,63.2825,quant Mutual Fund,Equity Scheme - Mid Cap Fund
120841,quant Mid Cap Fund - Growth Option - Direct Plan,17-08-2020,62.7396,quant Mutual Fund,Equity Scheme - Mid Cap Fund
120841,quant Mid Cap Fund - Growth Option - Direct Plan,14-08-2020,62.6453,quant Mutual Fund,Equity Scheme - Mid Cap Fund
120841,quant Mid Cap Fund - Growth Option - Direct Plan,13-08-2020,62.7383,quant Mutual Fund,Equity Scheme - Mid Cap Fund
120841,quant Mid Cap Fund - Growth Option - Direct Plan,12-08-2020,62.7556,quant Mutual Fund,Equity Scheme - Mid Cap Fund
120841,quant Mid Cap Fund - Growth Option - Direct Plan,11-08-2020,62.9986,quant Mutual Fund,Equity Scheme - Mid Cap Fund
120841,quant Mid Cap Fund - Growth Option - Direct Plan,10-08-2020,63.6204,quant Mutual Fund,Equity Scheme - Mid Cap Fund
120841,quant Mid Cap Fund - Growth Option - Direct Plan,07-08-2020,62.6111,quant Mutual Fund,Equity Scheme - Mid Cap Fund
120841,quant Mid Cap Fund - Growth Option - Direct Plan,06-08-2020,62.1361,quant Mutual Fund,Equity Scheme - Mid Cap Fund
120841,quant Mid Cap Fund - Growth Option - Direct Plan,05-08-2020,61.3384,quant Mutual Fund,Equity Scheme - Mid Cap Fund
120841,quant Mid Cap Fund - Growth Option - Direct Plan,04-08-2020,61.2955,quant Mutual Fund,Equity Scheme - Mid Cap Fund
120841,quant Mid Cap Fund - Growth Option - Direct Plan,03-08-2020,61.0398,quant Mutual Fund,Equity Scheme - Mid Cap Fund
120841,quant Mid Cap Fund - Growth Option - Direct Plan,31-07-2020,60.404,quant Mutual Fund,Equity Scheme - Mid Cap Fund
120841,quant Mid Cap Fund - Growth Option - Direct Plan,30-07-2020,59.5941,quant Mutual Fund,Equity Scheme - Mid Cap Fund
120841,quant Mid Cap Fund - Growth Option - Direct Plan,29-07-2020,60.131,quant Mutual Fund,Equity Scheme - Mid Cap Fund
120841,quant Mid Cap Fund - Growth Option - Direct Plan,28-07-2020,59.3323,quant Mutual Fund,Equity Scheme - Mid Cap Fund
120841,quant Mid Cap Fund - Growth Option - Direct Plan,27-07-2020,59.0559,quant Mutual Fund,Equity Scheme - Mid Cap Fund
120841,quant Mid Cap Fund - Growth Option - Direct Plan,24-07-2020,59.3358,quant Mutual Fund,Equity Scheme - Mid Cap Fund
120841,quant Mid Cap Fund - Growth Option - Direct Plan,23-07-2020,59.6438,quant Mutual Fund,Equity Scheme - Mid Cap Fund
120841,quant Mid Cap Fund - Growth Option - Direct Plan,22-07-2020,58.8762,quant Mutual Fund,Equity Scheme - Mid Cap Fund
120841,quant Mid Cap Fund - Growth Option - Direct Plan,21-07-2020,58.7706,quant Mutual Fund,Equity Scheme - Mid Cap Fund
120841,quant Mid Cap Fund - Growth Option - Direct Plan,20-07-2020,59.059,quant Mutual Fund,Equity Scheme - Mid Cap Fund
120841,quant Mid Cap Fund - Growth Option - Direct Plan,17-07-2020,58.54,quant Mutual Fund,Equity Scheme - Mid Cap Fund
120841,quant Mid Cap Fund - Growth Option - Direct Plan,16-07-2020,57.9806,quant Mutual Fund,Equity Scheme - Mid Cap Fund
120841,quant Mid Cap Fund - Growth Option - Direct Plan,15-07-2020,57.9193,quant Mutual Fund,Equity Scheme - Mid Cap Fund
120841,quant Mid Cap Fund - Growth Option - Direct Plan,14-07-2020,57.9919,quant Mutual Fund,Equity Scheme - Mid Cap Fund
120841,quant Mid Cap Fund - Growth Option - Direct Plan,13-07-2020,58.6437,quant Mutual Fund,Equity Scheme - Mid Cap Fund
120841,quant Mid Cap Fund - Growth Option - Direct Plan,10-07-2020,58.2981,quant Mutual Fund,Equity Scheme - Mid Cap Fund
120841,quant Mid Cap Fund - Growth Option - Direct Plan,09-07-2020,58.298,quant Mutual Fund,Equity Scheme - Mid Cap Fund
120841,quant Mid Cap Fund - Growth Option - Direct Plan,08-07-2020,58.0663,quant Mutual Fund,Equity Scheme - Mid Cap Fund
120841,quant Mid Cap Fund - Growth Option - Direct Plan,07-07-2020,57.935,quant Mutual Fund,Equity Scheme - Mid Cap Fund
120841,quant Mid Cap Fund - Growth Option - Direct Plan,06-07-2020,58.113,quant Mutual Fund,Equity Scheme - Mid Cap Fund
120841,quant Mid Cap Fund - Growth Option - Direct Plan,03-07-2020,57.1696,quant Mutual Fund,Equity Scheme - Mid Cap Fund
120841,quant Mid Cap Fund - Growth Option - Direct Plan,02-07-2020,56.5285,quant Mutual Fund,Equity Scheme - Mid Cap Fund
120841,quant Mid Cap Fund - Growth Option - Direct Plan,01-07-2020,56.3051,quant Mutual Fund,Equity Scheme - Mid Cap Fund
120841,quant Mid Cap Fund - Growth Option - Direct Plan,30-06-2020,56.3796,quant Mutual Fund,Equity Scheme - Mid Cap Fund
120841,quant Mid Cap Fund - Growth Option - Direct Plan,29-06-2020,56.9851,quant Mutual Fund,Equity Scheme - Mid Cap Fund
120841,quant Mid Cap Fund - Growth Option - Direct Plan,26-06-2020,57.5425,quant Mutual Fund,Equity Scheme - Mid Cap Fund
120841,quant Mid Cap Fund - Growth Option - Direct Plan,25-06-2020,57.854,quant Mutual Fund,Equity Scheme - Mid Cap Fund
120841,quant Mid Cap Fund - Growth Option - Direct Plan,24-06-2020,57.1358,quant Mutual Fund,Equity Scheme - Mid Cap Fund
120841,quant Mid Cap Fund - Growth Option - Direct Plan,23-06-2020,58.2561,quant Mutual Fund,Equity Scheme - Mid Cap Fund
120841,quant Mid Cap Fund - Growth Option - Direct Plan,22-06-2020,57.4547,quant Mutual Fund,Equity Scheme - Mid Cap Fund
120841,quant Mid Cap Fund - Growth Option - Direct Plan,19-06-2020,55.7688,quant Mutual Fund,Equity Scheme - Mid Cap Fund
120841,quant Mid Cap Fund - Growth Option - Direct Plan,18-06-2020,55.5556,quant Mutual Fund,Equity Scheme - Mid Cap Fund
120841,quant Mid Cap Fund - Growth Option - Direct Plan,17-06-2020,55.393,quant Mutual Fund,Equity Scheme - Mid Cap Fund
120841,quant Mid Cap Fund - Growth Option - Direct Plan,16-06-2020,54.8212,quant Mutual Fund,Equity Scheme - Mid Cap Fund
120841,quant Mid Cap Fund - Growth Option - Direct Plan,15-06-2020,54.2432,quant Mutual Fund,Equity Scheme - Mid Cap Fund
120841,quant Mid Cap Fund - Growth Option - Direct Plan,12-06-2020,54.6559,quant Mutual Fund,Equity Scheme - Mid Cap Fund
120841,quant Mid Cap Fund - Growth Option - Direct Plan,11-06-2020,54.4155,quant Mutual Fund,Equity Scheme - Mid Cap Fund
120841,quant Mid Cap Fund - Growth Option - Direct Plan,10-06-2020,54.8485,quant Mutual Fund,Equity Scheme - Mid Cap Fund
120841,quant Mid Cap Fund - Growth Option - Direct Plan,09-06-2020,54.6084,quant Mutual Fund,Equity Scheme - Mid Cap Fund
120841,quant Mid Cap Fund - Growth Option - Direct Plan,08-06-2020,55.1066,quant Mutual Fund,Equity Scheme - Mid Cap Fund
120841,quant Mid Cap Fund - Growth Option - Direct Plan,05-06-2020,55.0839,quant Mutual Fund,Equity Scheme - Mid Cap Fund
120841,quant Mid Cap Fund - Growth Option - Direct Plan,04-06-2020,54.1289,quant Mutual Fund,Equity Scheme - Mid Cap Fund
120841,quant Mid Cap Fund - Growth Option - Direct Plan,03-06-2020,54.1472,quant Mutual Fund,Equity Scheme - Mid Cap Fund
120841,quant Mid Cap Fund - Growth Option - Direct Plan,02-06-2020,54.0996,quant Mutual Fund,Equity Scheme - Mid Cap Fund
120841,quant Mid Cap Fund - Growth Option - Direct Plan,01-06-2020,53.8411,quant Mutual Fund,Equity Scheme - Mid Cap Fund
120841,quant Mid Cap Fund - Growth Option - Direct Plan,29-05-2020,53.2197,quant Mutual Fund,Equity Scheme - Mid Cap Fund
120841,quant Mid Cap Fund - Growth Option - Direct Plan,28-05-2020,52.9098,quant Mutual Fund,Equity Scheme - Mid Cap Fund
120841,quant Mid Cap Fund - Growth Option - Direct Plan,27-05-2020,52.6368,quant Mutual Fund,Equity Scheme - Mid Cap Fund
120841,quant Mid Cap Fund - Growth Option - Direct Plan,26-05-2020,52.2757,quant Mutual Fund,Equity Scheme - Mid Cap Fund
120841,quant Mid Cap Fund - Growth Option - Direct Plan,22-05-2020,52.314,quant Mutual Fund,Equity Scheme - Mid Cap Fund
120841,quant Mid Cap Fund - Growth Option - Direct Plan,21-05-2020,52.2025,quant Mutual Fund,Equity Scheme - Mid Cap Fund
120841,quant Mid Cap Fund - Growth Option - Direct Plan,20-05-2020,51.6204,quant Mutual Fund,Equity Scheme - Mid Cap Fund
120841,quant Mid Cap Fund - Growth Option - Direct Plan,19-05-2020,51.2438,quant Mutual Fund,Equity Scheme - Mid Cap Fund
120841,quant Mid Cap Fund - Growth Option - Direct Plan,18-05-2020,50.8905,quant Mutual Fund,Equity Scheme - Mid Cap Fund
120841,quant Mid Cap Fund - Growth Option - Direct Plan,15-05-2020,52.0253,quant Mutual Fund,Equity Scheme - Mid Cap Fund
120841,quant Mid Cap Fund - Growth Option - Direct Plan,14-05-2020,51.8594,quant Mutual Fund,Equity Scheme - Mid Cap Fund
120841,quant Mid Cap Fund - Growth Option - Direct Plan,13-05-2020,51.6134,quant Mutual Fund,Equity Scheme - Mid Cap Fund
120841,quant Mid Cap Fund - Growth Option - Direct Plan,12-05-2020,51.5599,quant Mutual Fund,Equity Scheme - Mid Cap Fund
120841,quant Mid Cap Fund - Growth Option - Direct Plan,11-05-2020,51.8446,quant Mutual Fund,Equity Scheme - Mid Cap Fund
120841,quant Mid Cap Fund - Growth Option - Direct Plan,08-05-2020,51.8829,quant Mutual Fund,Equity Scheme - Mid Cap Fund
120841,quant Mid Cap Fund - Growth Option - Direct Plan,07-05-2020,52.0884,quant Mutual Fund,Equity Scheme - Mid Cap Fund
120841,quant Mid Cap Fund - Growth Option - Direct Plan,06-05-2020,52.105,quant Mutual Fund,Equity Scheme - Mid Cap Fund
120841,quant Mid Cap Fund - Growth Option - Direct Plan,05-05-2020,51.7331,quant Mutual Fund,Equity Scheme - Mid Cap Fund
120841,quant Mid Cap Fund - Growth Option - Direct Plan,04-05-2020,51.7864,quant Mutual Fund,Equity Scheme - Mid Cap Fund
120841,quant Mid Cap Fund - Growth Option - Direct Plan,30-04-2020,51.9138,quant Mutual Fund,Equity Scheme - Mid Cap Fund
120841,quant Mid Cap Fund - Growth Option - Direct Plan,29-04-2020,51.8212,quant Mutual Fund,Equity Scheme - Mid Cap Fund
120841,quant Mid Cap Fund - Growth Option - Direct Plan,28-04-2020,51.7687,quant Mutual Fund,Equity Scheme - Mid Cap Fund
120841,quant Mid Cap Fund - Growth Option - Direct Plan,27-04-2020,51.6601,quant Mutual Fund,Equity Scheme - Mid Cap Fund
120841,quant Mid Cap Fund - Growth Option - Direct Plan,24-04-2020,50.3992,quant Mutual Fund,Equity Scheme - Mid Cap Fund
120841,quant Mid Cap Fund - Growth Option - Direct Plan,23-04-2020,50.6232,quant Mutual Fund,Equity Scheme - Mid Cap Fund
120841,quant Mid Cap Fund - Growth Option - Direct Plan,22-04-2020,49.9446,quant Mutual Fund,Equity Scheme - Mid Cap Fund
120841,quant Mid Cap Fund - Growth Option - Direct Plan,21-04-2020,49.9428,quant Mutual Fund,Equity Scheme - Mid Cap Fund
120841,quant Mid Cap Fund - Growth Option - Direct Plan,20-04-2020,50.5395,quant Mutual Fund,Equity Scheme - Mid Cap Fund
120841,quant Mid Cap Fund - Growth Option - Direct Plan,17-04-2020,50.8369,quant Mutual Fund,Equity Scheme - Mid Cap Fund
120841,quant Mid Cap Fund - Growth Option - Direct Plan,16-04-2020,50.6858,quant Mutual Fund,Equity Scheme - Mid Cap Fund
120841,quant Mid Cap Fund - Growth Option - Direct Plan,15-04-2020,49.9375,quant Mutual Fund,Equity Scheme - Mid Cap Fund
120841,quant Mid Cap Fund - Growth Option - Direct Plan,13-04-2020,49.7987,quant Mutual Fund,Equity Scheme - Mid Cap Fund
120841,quant Mid Cap Fund - Growth Option - Direct Plan,09-04-2020,49.7311,quant Mutual Fund,Equity Scheme - Mid Cap Fund
120841,quant Mid Cap Fund - Growth Option - Direct Plan,08-04-2020,48.5326,quant Mutual Fund,Equity Scheme - Mid Cap Fund
120841,quant Mid Cap Fund - Growth Option - Direct Plan,07-04-2020,46.715,quant Mutual Fund,Equity Scheme - Mid Cap Fund
120841,quant Mid Cap Fund - Growth Option - Direct Plan,03-04-2020,43.6407,quant Mutual Fund,Equity Scheme - Mid Cap Fund
120841,quant Mid Cap Fund - Growth Option - Direct Plan,01-04-2020,43.7147,quant Mutual Fund,Equity Scheme - Mid Cap Fund
120841,quant Mid Cap Fund - Growth Option - Direct Plan,31-03-2020,44.41,quant Mutual Fund,Equity Scheme - Mid Cap Fund
120841,quant Mid Cap Fund - Growth Option - Direct Plan,30-03-2020,42.9923,quant Mutual Fund,Equity Scheme - Mid Cap Fund
120841,quant Mid Cap Fund - Growth Option - Direct Plan,27-03-2020,43.3332,quant Mutual Fund,Equity Scheme - Mid Cap Fund
120841,quant Mid Cap Fund - Growth Option - Direct Plan,26-03-2020,43.3782,quant Mutual Fund,Equity Scheme - Mid Cap Fund
120841,quant Mid Cap Fund - Growth Option - Direct Plan,25-03-2020,41.754,quant Mutual Fund,Equity Scheme - Mid Cap Fund
120841,quant Mid Cap Fund - Growth Option - Direct Plan,24-03-2020,40.7455,quant Mutual Fund,Equity Scheme - Mid Cap Fund
120841,quant Mid Cap Fund - Growth Option - Direct Plan,23-03-2020,40.4996,quant Mutual Fund,Equity Scheme - Mid Cap Fund
120841,quant Mid Cap Fund - Growth Option - Direct Plan,20-03-2020,45.0055,quant Mutual Fund,Equity Scheme - Mid Cap Fund
120841,quant Mid Cap Fund - Growth Option - Direct Plan,19-03-2020,42.0994,quant Mutual Fund,Equity Scheme - Mid Cap Fund
120841,quant Mid Cap Fund - Growth Option - Direct Plan,18-03-2020,43.3121,quant Mutual Fund,Equity Scheme - Mid Cap Fund
120841,quant Mid Cap Fund - Growth Option - Direct Plan,17-03-2020,46.2054,quant Mutual Fund,Equity Scheme - Mid Cap Fund
120841,quant Mid Cap Fund - Growth Option - Direct Plan,16-03-2020,47.316,quant Mutual Fund,Equity Scheme - Mid Cap Fund
120841,quant Mid Cap Fund - Growth Option - Direct Plan,13-03-2020,50.2095,quant Mutual Fund,Equity Scheme - Mid Cap Fund
120841,quant Mid Cap Fund - Growth Option - Direct Plan,12-03-2020,49.2353,quant Mutual Fund,Equity Scheme - Mid Cap Fund
120841,quant Mid Cap Fund - Growth Option - Direct Plan,11-03-2020,53.3443,quant Mutual Fund,Equity Scheme - Mid Cap Fund
120841,quant Mid Cap Fund - Growth Option - Direct Plan,09-03-2020,53.6295,quant Mutual Fund,Equity Scheme - Mid Cap Fund
120841,quant Mid Cap Fund - Growth Option - Direct Plan,06-03-2020,56.1637,quant Mutual Fund,Equity Scheme - Mid Cap Fund
120841,quant Mid Cap Fund - Growth Option - Direct Plan,05-03-2020,57.1614,quant Mutual Fund,Equity Scheme - Mid Cap Fund
120841,quant Mid Cap Fund - Growth Option - Direct Plan,04-03-2020,56.517,quant Mutual Fund,Equity Scheme - Mid Cap Fund
120841,quant Mid Cap Fund - Growth Option - Direct Plan,03-03-2020,57.0181,quant Mutual Fund,Equity Scheme - Mid Cap Fund
120841,quant Mid Cap Fund - Growth Option - Direct Plan,02-03-2020,55.9281,quant Mutual Fund,Equity Scheme - Mid Cap Fund
120841,quant Mid Cap Fund - Growth Option - Direct Plan,28-02-2020,55.8033,quant Mutual Fund,Equity Scheme - Mid Cap Fund
120841,quant Mid Cap Fund - Growth Option - Direct Plan,27-02-2020,57.9347,quant Mutual Fund,Equity Scheme - Mid Cap Fund
120841,quant Mid Cap Fund - Growth Option - Direct Plan,26-02-2020,58.7661,quant Mutual Fund,Equity Scheme - Mid Cap Fund
120841,quant Mid Cap Fund - Growth Option - Direct Plan,25-02-2020,59.6428,quant Mutual Fund,Equity Scheme - Mid Cap Fund
120841,quant Mid Cap Fund - Growth Option - Direct Plan,24-02-2020,59.7133,quant Mutual Fund,Equity Scheme - Mid Cap Fund
120841,quant Mid Cap Fund - Growth Option - Direct Plan,20-02-2020,60.7193,quant Mutual Fund,Equity Scheme - Mid Cap Fund
120841,quant Mid Cap Fund - Growth Option - Direct Plan,19-02-2020,60.4177,quant Mutual Fund,Equity Scheme - Mid Cap Fund
120841,quant Mid Cap Fund - Growth Option - Direct Plan,18-02-2020,59.0137,quant Mutual Fund,Equity Scheme - Mid Cap Fund
120841,quant Mid Cap Fund - Growth Option - Direct Plan,17-02-2020,58.4797,quant Mutual Fund,Equity Scheme - Mid Cap Fund
120841,quant Mid Cap Fund - Growth Option - Direct Plan,14-02-2020,58.9999,quant Mutual Fund,Equity Scheme - Mid Cap Fund
120841,quant Mid Cap Fund - Growth Option - Direct Plan,13-02-2020,59.8924,quant Mutual Fund,Equity Scheme - Mid Cap Fund
120841,quant Mid Cap Fund - Growth Option - Direct Plan,12-02-2020,60.1219,quant Mutual Fund,Equity Scheme - Mid Cap Fund
120841,quant Mid Cap Fund - Growth Option - Direct Plan,11-02-2020,60.0588,quant Mutual Fund,Equity Scheme - Mid Cap Fund
120841,quant Mid Cap Fund - Growth Option - Direct Plan,10-02-2020,59.5773,quant Mutual Fund,Equity Scheme - Mid Cap Fund
120841,quant Mid Cap Fund - Growth Option - Direct Plan,07-02-2020,59.6584,quant Mutual Fund,Equity Scheme - Mid Cap Fund
120841,quant Mid Cap Fund - Growth Option - Direct Plan,06-02-2020,59.0951,quant Mutual Fund,Equity Scheme - Mid Cap Fund
120841,quant Mid Cap Fund - Growth Option - Direct Plan,05-02-2020,59.1907,quant Mutual Fund,Equity Scheme - Mid Cap Fund
120841,quant Mid Cap Fund - Growth Option - Direct Plan,04-02-2020,58.5763,quant Mutual Fund,Equity Scheme - Mid Cap Fund
120841,quant Mid Cap Fund - Growth Option - Direct Plan,03-02-2020,58.0425,quant Mutual Fund,Equity Scheme - Mid Cap Fund
120841,quant Mid Cap Fund - Growth Option - Direct Plan,31-01-2020,59.7157,quant Mutual Fund,Equity Scheme - Mid Cap Fund
120841,quant Mid Cap Fund - Growth Option - Direct Plan,30-01-2020,60.105,quant Mutual Fund,Equity Scheme - Mid Cap Fund
120841,quant Mid Cap Fund - Growth Option - Direct Plan,29-01-2020,60.8375,quant Mutual Fund,Equity Scheme - Mid Cap Fund
120841,quant Mid Cap Fund - Growth Option - Direct Plan,28-01-2020,60.5752,quant Mutual Fund,Equity Scheme - Mid Cap Fund
120841,quant Mid Cap Fund - Growth Option - Direct Plan,27-01-2020,60.6531,quant Mutual Fund,Equity Scheme - Mid Cap Fund
120841,quant Mid Cap Fund - Growth Option - Direct Plan,24-01-2020,60.4024,quant Mutual Fund,Equity Scheme - Mid Cap Fund
120841,quant Mid Cap Fund - Growth Option - Direct Plan,23-01-2020,59.7082,quant Mutual Fund,Equity Scheme - Mid Cap Fund
120841,quant Mid Cap Fund - Growth Option - Direct Plan,22-01-2020,58.8953,quant Mutual Fund,Equity Scheme - Mid Cap Fund
120841,quant Mid Cap Fund - Growth Option - Direct Plan,21-01-2020,58.7161,quant Mutual Fund,Equity Scheme - Mid Cap Fund
120841,quant Mid Cap Fund - Growth Option - Direct Plan,20-01-2020,58.5722,quant Mutual Fund,Equity Scheme - Mid Cap Fund
120841,quant Mid Cap Fund - Growth Option - Direct Plan,17-01-2020,58.7012,quant Mutual Fund,Equity Scheme - Mid Cap Fund
120841,quant Mid Cap Fund - Growth Option - Direct Plan,16-01-2020,58.5949,quant Mutual Fund,Equity Scheme - Mid Cap Fund
120841,quant Mid Cap Fund - Growth Option - Direct Plan,15-01-2020,58.4506,quant Mutual Fund,Equity Scheme - Mid Cap Fund
120841,quant Mid Cap Fund - Growth Option - Direct Plan,14-01-2020,58.2117,quant Mutual Fund,Equity Scheme - Mid Cap Fund
120841,quant Mid Cap Fund - Growth Option - Direct Plan,13-01-2020,57.4274,quant Mutual Fund,Equity Scheme - Mid Cap Fund
120841,quant Mid Cap Fund - Growth Option - Direct Plan,10-01-2020,57.0136,quant Mutual Fund,Equity Scheme - Mid Cap Fund
120841,quant Mid Cap Fund - Growth Option - Direct Plan,09-01-2020,57.0619,quant Mutual Fund,Equity Scheme - Mid Cap Fund
120841,quant Mid Cap Fund - Growth Option - Direct Plan,08-01-2020,56.1255,quant Mutual Fund,Equity Scheme - Mid Cap Fund
120841,quant Mid Cap Fund - Growth Option - Direct Plan,07-01-2020,56.2173,quant Mutual Fund,Equity Scheme - Mid Cap Fund
120841,quant Mid Cap Fund - Growth Option - Direct Plan,06-01-2020,55.6976,quant Mutual Fund,Equity Scheme - Mid Cap Fund
120841,quant Mid Cap Fund - Growth Option - Direct Plan,03-01-2020,56.778,quant Mutual Fund,Equity Scheme - Mid Cap Fund
120841,quant Mid Cap Fund - Growth Option - Direct Plan,02-01-2020,56.9688,quant Mutual Fund,Equity Scheme - Mid Cap Fund
120841,quant Mid Cap Fund - Growth Option - Direct Plan,01-01-2020,56.4189,quant Mutual Fund,Equity Scheme - Mid Cap Fund
120841,quant Mid Cap Fund - Growth Option - Direct Plan,31-12-2019,56.428,quant Mutual Fund,Equity Scheme - Mid Cap Fund
120841,quant Mid Cap Fund - Growth Option - Direct Plan,30-12-2019,56.5326,quant Mutual Fund,Equity Scheme - Mid Cap Fund
120841,quant Mid Cap Fund - Growth Option - Direct Plan,27-12-2019,56.3996,quant Mutual Fund,Equity Scheme - Mid Cap Fund
120841,quant Mid Cap Fund - Growth Option - Direct Plan,26-12-2019,55.9528,quant Mutual Fund,Equity Scheme - Mid Cap Fund
120841,quant Mid Cap Fund - Growth Option - Direct Plan,24-12-2019,55.7772,quant Mutual Fund,Equity Scheme - Mid Cap Fund
120841,quant Mid Cap Fund - Growth Option - Direct Plan,23-12-2019,55.9366,quant Mutual Fund,Equity Scheme - Mid Cap Fund
120841,quant Mid Cap Fund - Growth Option - Direct Plan,20-12-2019,56.0646,quant Mutual Fund,Equity Scheme - Mid Cap Fund
120841,quant Mid Cap Fund - Growth Option - Direct Plan,19-12-2019,56.0773,quant Mutual Fund,Equity Scheme - Mid Cap Fund
120841,quant Mid Cap Fund - Growth Option - Direct Plan,18-12-2019,55.8029,quant Mutual Fund,Equity Scheme - Mid Cap Fund
120841,quant Mid Cap Fund - Growth Option - Direct Plan,17-12-2019,56.0988,quant Mutual Fund,Equity Scheme - Mid Cap Fund
120841,quant Mid Cap Fund - Growth Option - Direct Plan,16-12-2019,55.9057,quant Mutual Fund,Equity Scheme - Mid Cap Fund
120841,quant Mid Cap Fund - Growth Option - Direct Plan,13-12-2019,56.418,quant Mutual Fund,Equity Scheme - Mid Cap Fund
120841,quant Mid Cap Fund - Growth Option - Direct Plan,12-12-2019,56.0762,quant Mutual Fund,Equity Scheme - Mid Cap Fund
120841,quant Mid Cap Fund - Growth Option - Direct Plan,11-12-2019,55.6148,quant Mutual Fund,Equity Scheme - Mid Cap Fund
120841,quant Mid Cap Fund - Growth Option - Direct Plan,10-12-2019,55.3357,quant Mutual Fund,Equity Scheme - Mid Cap Fund
120841,quant Mid Cap Fund - Growth Option - Direct Plan,09-12-2019,56.171,quant Mutual Fund,Equity Scheme - Mid Cap Fund
120841,quant Mid Cap Fund - Growth Option - Direct Plan,06-12-2019,56.2917,quant Mutual Fund,Equity Scheme - Mid Cap Fund
120841,quant Mid Cap Fund - Growth Option - Direct Plan,05-12-2019,56.7838,quant Mutual Fund,Equity Scheme - Mid Cap Fund
120841,quant Mid Cap Fund - Growth Option - Direct Plan,04-12-2019,57.0755,quant Mutual Fund,Equity Scheme - Mid Cap Fund
120841,quant Mid Cap Fund - Growth Option - Direct Plan,03-12-2019,56.965,quant Mutual Fund,Equity Scheme - Mid Cap Fund
120841,quant Mid Cap Fund - Growth Option - Direct Plan,02-12-2019,57.3629,quant Mutual Fund,Equity Scheme - Mid Cap Fund
120841,quant Mid Cap Fund - Growth Option - Direct Plan,29-11-2019,57.5918,quant Mutual Fund,Equity Scheme - Mid Cap Fund
120841,quant Mid Cap Fund - Growth Option - Direct Plan,28-11-2019,57.8483,quant Mutual Fund,Equity Scheme - Mid Cap Fund
120841,quant Mid Cap Fund - Growth Option - Direct Plan,27-11-2019,57.3408,quant Mutual Fund,Equity Scheme - Mid Cap Fund
120841,quant Mid Cap Fund - Growth Option - Direct Plan,26-11-2019,56.7251,quant Mutual Fund,Equity Scheme - Mid Cap Fund
120841,quant Mid Cap Fund - Growth Option - Direct Plan,25-11-2019,57.2265,quant Mutual Fund,Equity Scheme - Mid Cap Fund
120841,quant Mid Cap Fund - Growth Option - Direct Plan,22-11-2019,56.9015,quant Mutual Fund,Equity Scheme - Mid Cap Fund
120841,quant Mid Cap Fund - Growth Option - Direct Plan,21-11-2019,57.351,quant Mutual Fund,Equity Scheme - Mid Cap Fund
120841,quant Mid Cap Fund - Growth Option - Direct Plan,20-11-2019,57.4379,quant Mutual Fund,Equity Scheme - Mid Cap Fund
120841,quant Mid Cap Fund - Growth Option - Direct Plan,19-11-2019,57.3307,quant Mutual Fund,Equity Scheme - Mid Cap Fund
120841,quant Mid Cap Fund - Growth Option - Direct Plan,18-11-2019,57.0568,quant Mutual Fund,Equity Scheme - Mid Cap Fund
120841,quant Mid Cap Fund - Growth Option - Direct Plan,15-11-2019,56.681,quant Mutual Fund,Equity Scheme - Mid Cap Fund
120841,quant Mid Cap Fund - Growth Option - Direct Plan,14-11-2019,56.8178,quant Mutual Fund,Equity Scheme - Mid Cap Fund
120841,quant Mid Cap Fund - Growth Option - Direct Plan,13-11-2019,56.7102,quant Mutual Fund,Equity Scheme - Mid Cap Fund
120841,quant Mid Cap Fund - Growth Option - Direct Plan,11-11-2019,56.1837,quant Mutual Fund,Equity Scheme - Mid Cap Fund
120841,quant Mid Cap Fund - Growth Option - Direct Plan,08-11-2019,55.7464,quant Mutual Fund,Equity Scheme - Mid Cap Fund
120841,quant Mid Cap Fund - Growth Option - Direct Plan,07-11-2019,56.0601,quant Mutual Fund,Equity Scheme - Mid Cap Fund
120841,quant Mid Cap Fund - Growth Option - Direct Plan,06-11-2019,56.2854,quant Mutual Fund,Equity Scheme - Mid Cap Fund
120841,quant Mid Cap Fund - Growth Option - Direct Plan,05-11-2019,56.2048,quant Mutual Fund,Equity Scheme - Mid Cap Fund
120841,quant Mid Cap Fund - Growth Option - Direct Plan,04-11-2019,57.081,quant Mutual Fund,Equity Scheme - Mid Cap Fund
120841,quant Mid Cap Fund - Growth Option - Direct Plan,01-11-2019,57.082,quant Mutual Fund,Equity Scheme - Mid Cap Fund
120841,quant Mid Cap Fund - Growth Option - Direct Plan,31-10-2019,57.5153,quant Mutual Fund,Equity Scheme - Mid Cap Fund
120841,quant Mid Cap Fund - Growth Option - Direct Plan,30-10-2019,57.1014,quant Mutual Fund,Equity Scheme - Mid Cap Fund
120841,quant Mid Cap Fund - Growth Option - Direct Plan,29-10-2019,56.3999,quant Mutual Fund,Equity Scheme - Mid Cap Fund
120841,quant Mid Cap Fund - Growth Option - Direct Plan,25-10-2019,55.3999,quant Mutual Fund,Equity Scheme - Mid Cap Fund
120841,quant Mid Cap Fund - Growth Option - Direct Plan,24-10-2019,55.3504,quant Mutual Fund,Equity Scheme - Mid Cap Fund
120841,quant Mid Cap Fund - Growth Option - Direct Plan,23-10-2019,55.7765,quant Mutual Fund,Equity Scheme - Mid Cap Fund
120841,quant Mid Cap Fund - Growth Option - Direct Plan,22-10-2019,54.9854,quant Mutual Fund,Equity Scheme - Mid Cap Fund
120841,quant Mid Cap Fund - Growth Option - Direct Plan,18-10-2019,54.3253,quant Mutual Fund,Equity Scheme - Mid Cap Fund
120841,quant Mid Cap Fund - Growth Option - Direct Plan,17-10-2019,53.4189,quant Mutual Fund,Equity Scheme - Mid Cap Fund
120841,quant Mid Cap Fund - Growth Option - Direct Plan,16-10-2019,52.2996,quant Mutual Fund,Equity Scheme - Mid Cap Fund
120841,quant Mid Cap Fund - Growth Option - Direct Plan,15-10-2019,52.1496,quant Mutual Fund,Equity Scheme - Mid Cap Fund
120841,quant Mid Cap Fund - Growth Option - Direct Plan,14-10-2019,52.0063,quant Mutual Fund,Equity Scheme - Mid Cap Fund
120841,quant Mid Cap Fund - Growth Option - Direct Plan,11-10-2019,51.7157,quant Mutual Fund,Equity Scheme - Mid Cap Fund
120841,quant Mid Cap Fund - Growth Option - Direct Plan,10-10-2019,51.352,quant Mutual Fund,Equity Scheme - Mid Cap Fund
120841,quant Mid Cap Fund - Growth Option - Direct Plan,09-10-2019,52.1201,quant Mutual Fund,Equity Scheme - Mid Cap Fund
120841,quant Mid Cap Fund - Growth Option - Direct Plan,07-10-2019,51.5874,quant Mutual Fund,Equity Scheme - Mid Cap Fund
120841,quant Mid Cap Fund - Growth Option - Direct Plan,04-10-2019,51.5198,quant Mutual Fund,Equity Scheme - Mid Cap Fund
120841,quant Mid Cap Fund - Growth Option - Direct Plan,03-10-2019,52.4047,quant Mutual Fund,Equity Scheme - Mid Cap Fund
120841,quant Mid Cap Fund - Growth Option - Direct Plan,01-10-2019,52.3266,quant Mutual Fund,Equity Scheme - Mid Cap Fund
120841,quant Mid Cap Fund - Growth Option - Direct Plan,30-09-2019,53.0118,quant Mutual Fund,Equity Scheme - Mid Cap Fund
120841,quant Mid Cap Fund - Growth Option - Direct Plan,27-09-2019,53.9087,quant Mutual Fund,Equity Scheme - Mid Cap Fund
120841,quant Mid Cap Fund - Growth Option - Direct Plan,26-09-2019,53.9101,quant Mutual Fund,Equity Scheme - Mid Cap Fund
120841,quant Mid Cap Fund - Growth Option - Direct Plan,25-09-2019,53.4671,quant Mutual Fund,Equity Scheme - Mid Cap Fund
120841,quant Mid Cap Fund - Growth Option - Direct Plan,24-09-2019,53.8059,quant Mutual Fund,Equity Scheme - Mid Cap Fund
120841,quant Mid Cap Fund - Growth Option - Direct Plan,23-09-2019,54.1398,quant Mutual Fund,Equity Scheme - Mid Cap Fund
120841,quant Mid Cap Fund - Growth Option - Direct Plan,20-09-2019,52.9228,quant Mutual Fund,Equity Scheme - Mid Cap Fund
120841,quant Mid Cap Fund - Growth Option - Direct Plan,19-09-2019,49.8359,quant Mutual Fund,Equity Scheme - Mid Cap Fund
120841,quant Mid Cap Fund - Growth Option - Direct Plan,18-09-2019,50.4635,quant Mutual Fund,Equity Scheme - Mid Cap Fund
120841,quant Mid Cap Fund - Growth Option - Direct Plan,17-09-2019,50.1586,quant Mutual Fund,Equity Scheme - Mid Cap Fund
120841,quant Mid Cap Fund - Growth Option - Direct Plan,16-09-2019,51.1896,quant Mutual Fund,Equity Scheme - Mid Cap Fund
120841,quant Mid Cap Fund - Growth Option - Direct Plan,13-09-2019,51.9264,quant Mutual Fund,Equity Scheme - Mid Cap Fund
120841,quant Mid Cap Fund - Growth Option - Direct Plan,12-09-2019,51.6176,quant Mutual Fund,Equity Scheme - Mid Cap Fund
120841,quant Mid Cap Fund - Growth Option - Direct Plan,11-09-2019,52.1334,quant Mutual Fund,Equity Scheme - Mid Cap Fund
120841,quant Mid Cap Fund - Growth Option - Direct Plan,09-09-2019,52.2742,quant Mutual Fund,Equity Scheme - Mid Cap Fund
120841,quant Mid Cap Fund - Growth Option - Direct Plan,06-09-2019,51.6988,quant Mutual Fund,Equity Scheme - Mid Cap Fund
120841,quant Mid Cap Fund - Growth Option - Direct Plan,05-09-2019,51.037,quant Mutual Fund,Equity Scheme - Mid Cap Fund
120841,quant Mid Cap Fund - Growth Option - Direct Plan,04-09-2019,51.209,quant Mutual Fund,Equity Scheme - Mid Cap Fund
120841,quant Mid Cap Fund - Growth Option - Direct Plan,03-09-2019,51.1942,quant Mutual Fund,Equity Scheme - Mid Cap Fund
120841,quant Mid Cap Fund - Growth Option - Direct Plan,30-08-2019,51.4804,quant Mutual Fund,Equity Scheme - Mid Cap Fund
120841,quant Mid Cap Fund - Growth Option - Direct Plan,29-08-2019,50.9588,quant Mutual Fund,Equity Scheme - Mid Cap Fund
120841,quant Mid Cap Fund - Growth Option - Direct Plan,28-08-2019,51.4026,quant Mutual Fund,Equity Scheme - Mid Cap Fund
120841,quant Mid Cap Fund - Growth Option - Direct Plan,27-08-2019,51.1777,quant Mutual Fund,Equity Scheme - Mid Cap Fund
120841,quant Mid Cap Fund - Growth Option - Direct Plan,26-08-2019,50.2516,quant Mutual Fund,Equity Scheme - Mid Cap Fund
120841,quant Mid Cap Fund - Growth Option - Direct Plan,23-08-2019,49.2995,quant Mutual Fund,Equity Scheme - Mid Cap Fund
120841,quant Mid Cap Fund - Growth Option - Direct Plan,22-08-2019,48.9095,quant Mutual Fund,Equity Scheme - Mid Cap Fund
120841,quant Mid Cap Fund - Growth Option - Direct Plan,21-08-2019,49.596,quant Mutual Fund,Equity Scheme - Mid Cap Fund
120841,quant Mid Cap Fund - Growth Option - Direct Plan,20-08-2019,50.5713,quant Mutual Fund,Equity Scheme - Mid Cap Fund
120841,quant Mid Cap Fund - Growth Option - Direct Plan,19-08-2019,51.0307,quant Mutual Fund,Equity Scheme - Mid Cap Fund
120841,quant Mid Cap Fund - Growth Option - Direct Plan,16-08-2019,51.1022,quant Mutual Fund,Equity Scheme - Mid Cap Fund
120841,quant Mid Cap Fund - Growth Option - Direct Plan,14-08-2019,50.8535,quant Mutual Fund,Equity Scheme - Mid Cap Fund
120841,quant Mid Cap Fund - Growth Option - Direct Plan,13-08-2019,50.1615,quant Mutual Fund,Equity Scheme - Mid Cap Fund
120841,quant Mid Cap Fund - Growth Option - Direct Plan,09-08-2019,51.3738,quant Mutual Fund,Equity Scheme - Mid Cap Fund
120841,quant Mid Cap Fund - Growth Option - Direct Plan,08-08-2019,50.8515,quant Mutual Fund,Equity Scheme - Mid Cap Fund
120841,quant Mid Cap Fund - Growth Option - Direct Plan,07-08-2019,50.5197,quant Mutual Fund,Equity Scheme - Mid Cap Fund
120841,quant Mid Cap Fund - Growth Option - Direct Plan,06-08-2019,50.8886,quant Mutual Fund,Equity Scheme - Mid Cap Fund
120841,quant Mid Cap Fund - Growth Option - Direct Plan,05-08-2019,50.1618,quant Mutual Fund,Equity Scheme - Mid Cap Fund
120841,quant Mid Cap Fund - Growth Option - Direct Plan,02-08-2019,50.7078,quant Mutual Fund,Equity Scheme - Mid Cap Fund
120841,quant Mid Cap Fund - Growth Option - Direct Plan,01-08-2019,50.825,quant Mutual Fund,Equity Scheme - Mid Cap Fund
120841,quant Mid Cap Fund - Growth Option - Direct Plan,31-07-2019,51.5601,quant Mutual Fund,Equity Scheme - Mid Cap Fund
120841,quant Mid Cap Fund - Growth Option - Direct Plan,30-07-2019,51.1131,quant Mutual Fund,Equity Scheme - Mid Cap Fund
120841,quant Mid Cap Fund - Growth Option - Direct Plan,29-07-2019,51.739,quant Mutual Fund,Equity Scheme - Mid Cap Fund
120841,quant Mid Cap Fund - Growth Option - Direct Plan,26-07-2019,52.2139,quant Mutual Fund,Equity Scheme - Mid Cap Fund
120841,quant Mid Cap Fund - Growth Option - Direct Plan,25-07-2019,52.0065,quant Mutual Fund,Equity Scheme - Mid Cap Fund
120841,quant Mid Cap Fund - Growth Option - Direct Plan,24-07-2019,51.8181,quant Mutual Fund,Equity Scheme - Mid Cap Fund
120841,quant Mid Cap Fund - Growth Option - Direct Plan,23-07-2019,52.8834,quant Mutual Fund,Equity Scheme - Mid Cap Fund
120841,quant Mid Cap Fund - Growth Option - Direct Plan,22-07-2019,53.1347,quant Mutual Fund,Equity Scheme - Mid Cap Fund
120841,quant Mid Cap Fund - Growth Option - Direct Plan,19-07-2019,53.3029,quant Mutual Fund,Equity Scheme - Mid Cap Fund
120841,quant Mid Cap Fund - Growth Option - Direct Plan,18-07-2019,53.8307,quant Mutual Fund,Equity Scheme - Mid Cap Fund
120841,quant Mid Cap Fund - Growth Option - Direct Plan,17-07-2019,54.376,quant Mutual Fund,Equity Scheme - Mid Cap Fund
120841,quant Mid Cap Fund - Growth Option - Direct Plan,16-07-2019,54.6143,quant Mutual Fund,Equity Scheme - Mid Cap Fund
120841,quant Mid Cap Fund - Growth Option - Direct Plan,15-07-2019,54.2986,quant Mutual Fund,Equity Scheme - Mid Cap Fund
120841,quant Mid Cap Fund - Growth Option - Direct Plan,12-07-2019,54.3478,quant Mutual Fund,Equity Scheme - Mid Cap Fund
120841,quant Mid Cap Fund - Growth Option - Direct Plan,11-07-2019,53.9327,quant Mutual Fund,Equity Scheme - Mid Cap Fund
120841,quant Mid Cap Fund - Growth Option - Direct Plan,10-07-2019,53.5934,quant Mutual Fund,Equity Scheme - Mid Cap Fund
120841,quant Mid Cap Fund - Growth Option - Direct Plan,09-07-2019,54.1523,quant Mutual Fund,Equity Scheme - Mid Cap Fund
120841,quant Mid Cap Fund - Growth Option - Direct Plan,08-07-2019,53.6374,quant Mutual Fund,Equity Scheme - Mid Cap Fund
120841,quant Mid Cap Fund - Growth Option - Direct Plan,05-07-2019,54.9323,quant Mutual Fund,Equity Scheme - Mid Cap Fund
120841,quant Mid Cap Fund - Growth Option - Direct Plan,04-07-2019,55.6638,quant Mutual Fund,Equity Scheme - Mid Cap Fund
120841,quant Mid Cap Fund - Growth Option - Direct Plan,03-07-2019,55.5408,quant Mutual Fund,Equity Scheme - Mid Cap Fund
120841,quant Mid Cap Fund - Growth Option - Direct Plan,02-07-2019,55.5594,quant Mutual Fund,Equity Scheme - Mid Cap Fund
120841,quant Mid Cap Fund - Growth Option - Direct Plan,01-07-2019,55.465,quant Mutual Fund,Equity Scheme - Mid Cap Fund
120841,quant Mid Cap Fund - Growth Option - Direct Plan,28-06-2019,55.4608,quant Mutual Fund,Equity Scheme - Mid Cap Fund
120841,quant Mid Cap Fund - Growth Option - Direct Plan,27-06-2019,55.5133,quant Mutual Fund,Equity Scheme - Mid Cap Fund
120841,quant Mid Cap Fund - Growth Option - Direct Plan,26-06-2019,55.505,quant Mutual Fund,Equity Scheme - Mid Cap Fund
120841,quant Mid Cap Fund - Growth Option - Direct Plan,25-06-2019,55.1963,quant Mutual Fund,Equity Scheme - Mid Cap Fund
120841,quant Mid Cap Fund - Growth Option - Direct Plan,24-06-2019,54.9755,quant Mutual Fund,Equity Scheme - Mid Cap Fund
120841,quant Mid Cap Fund - Growth Option - Direct Plan,21-06-2019,55.0284,quant Mutual Fund,Equity Scheme - Mid Cap Fund
120841,quant Mid Cap Fund - Growth Option - Direct Plan,20-06-2019,55.0608,quant Mutual Fund,Equity Scheme - Mid Cap Fund
120841,quant Mid Cap Fund - Growth Option - Direct Plan,19-06-2019,54.2741,quant Mutual Fund,Equity Scheme - Mid Cap Fund
120841,quant Mid Cap Fund - Growth Option - Direct Plan,18-06-2019,54.8124,quant Mutual Fund,Equity Scheme - Mid Cap Fund
120841,quant Mid Cap Fund - Growth Option - Direct Plan,17-06-2019,54.7235,quant Mutual Fund,Equity Scheme - Mid Cap Fund
120841,quant Mid Cap Fund - Growth Option - Direct Plan,14-06-2019,55.4199,quant Mutual Fund,Equity Scheme - Mid Cap Fund
120841,quant Mid Cap Fund - Growth Option - Direct Plan,13-06-2019,55.8455,quant Mutual Fund,Equity Scheme - Mid Cap Fund
120841,quant Mid Cap Fund - Growth Option - Direct Plan,12-06-2019,55.9707,quant Mutual Fund,Equity Scheme - Mid Cap Fund
120841,quant Mid Cap Fund - Growth Option - Direct Plan,11-06-2019,56.3185,quant Mutual Fund,Equity Scheme - Mid Cap Fund
120841,quant Mid Cap Fund - Growth Option - Direct Plan,10-06-2019,56.1314,quant Mutual Fund,Equity Scheme - Mid Cap Fund
120841,quant Mid Cap Fund - Growth Option - Direct Plan,07-06-2019,55.7948,quant Mutual Fund,Equity Scheme - Mid Cap Fund
120841,quant Mid Cap Fund - Growth Option - Direct Plan,06-06-2019,55.8931,quant Mutual Fund,Equity Scheme - Mid Cap Fund
120841,quant Mid Cap Fund - Growth Option - Direct Plan,04-06-2019,56.8667,quant Mutual Fund,Equity Scheme - Mid Cap Fund
120841,quant Mid Cap Fund - Growth Option - Direct Plan,03-06-2019,57.1227,quant Mutual Fund,Equity Scheme - Mid Cap Fund
120841,quant Mid Cap Fund - Growth Option - Direct Plan,31-05-2019,56.6381,quant Mutual Fund,Equity Scheme - Mid Cap Fund
120841,quant Mid Cap Fund - Growth Option - Direct Plan,30-05-2019,56.7649,quant Mutual Fund,Equity Scheme - Mid Cap Fund
120841,quant Mid Cap Fund - Growth Option - Direct Plan,29-05-2019,56.6254,quant Mutual Fund,Equity Scheme - Mid Cap Fund
120841,quant Mid Cap Fund - Growth Option - Direct Plan,28-05-2019,57.4263,quant Mutual Fund,Equity Scheme - Mid Cap Fund
120841,quant Mid Cap Fund - Growth Option - Direct Plan,27-05-2019,57.5208,quant Mutual Fund,Equity Scheme - Mid Cap Fund
120841,quant Mid Cap Fund - Growth Option - Direct Plan,24-05-2019,56.0286,quant Mutual Fund,Equity Scheme - Mid Cap Fund
120841,quant Mid Cap Fund - Growth Option - Direct Plan,23-05-2019,54.2421,quant Mutual Fund,Equity Scheme - Mid Cap Fund
120841,quant Mid Cap Fund - Growth Option - Direct Plan,22-05-2019,54.1346,quant Mutual Fund,Equity Scheme - Mid Cap Fund
120841,quant Mid Cap Fund - Growth Option - Direct Plan,21-05-2019,54.0163,quant Mutual Fund,Equity Scheme - Mid Cap Fund
120841,quant Mid Cap Fund - Growth Option - Direct Plan,20-05-2019,54.7179,quant Mutual Fund,Equity Scheme - Mid Cap Fund
120841,quant Mid Cap Fund - Growth Option - Direct Plan,17-05-2019,52.7748,quant Mutual Fund,Equity Scheme - Mid Cap Fund
120841,quant Mid Cap Fund - Growth Option - Direct Plan,16-05-2019,52.4859,quant Mutual Fund,Equity Scheme - Mid Cap Fund
120841,quant Mid Cap Fund - Growth Option - Direct Plan,15-05-2019,52.2774,quant Mutual Fund,Equity Scheme - Mid Cap Fund
120841,quant Mid Cap Fund - Growth Option - Direct Plan,14-05-2019,52.7553,quant Mutual Fund,Equity Scheme - Mid Cap Fund
120841,quant Mid Cap Fund - Growth Option - Direct Plan,13-05-2019,52.5887,quant Mutual Fund,Equity Scheme - Mid Cap Fund
120841,quant Mid Cap Fund - Growth Option - Direct Plan,10-05-2019,53.7771,quant Mutual Fund,Equity Scheme - Mid Cap Fund
120841,quant Mid Cap Fund - Growth Option - Direct Plan,09-05-2019,53.7741,quant Mutual Fund,Equity Scheme - Mid Cap Fund
120841,quant Mid Cap Fund - Growth Option - Direct Plan,08-05-2019,54.0787,quant Mutual Fund,Equity Scheme - Mid Cap Fund
120841,quant Mid Cap Fund - Growth Option - Direct Plan,07-05-2019,54.8353,quant Mutual Fund,Equity Scheme - Mid Cap Fund
120841,quant Mid Cap Fund - Growth Option - Direct Plan,06-05-2019,55.4316,quant Mutual Fund,Equity Scheme - Mid Cap Fund
120841,quant Mid Cap Fund - Growth Option - Direct Plan,03-05-2019,56.0284,quant Mutual Fund,Equity Scheme - Mid Cap Fund
120841,quant Mid Cap Fund - Growth Option - Direct Plan,02-05-2019,55.9352,quant Mutual Fund,Equity Scheme - Mid Cap Fund
120841,quant Mid Cap Fund - Growth Option - Direct Plan,30-04-2019,56.3943,quant Mutual Fund,Equity Scheme - Mid Cap Fund
120841,quant Mid Cap Fund - Growth Option - Direct Plan,26-04-2019,57.1259,quant Mutual Fund,Equity Scheme - Mid Cap Fund
120841,quant Mid Cap Fund - Growth Option - Direct Plan,25-04-2019,56.7643,quant Mutual Fund,Equity Scheme - Mid Cap Fund
120841,quant Mid Cap Fund - Growth Option - Direct Plan,24-04-2019,57.071,quant Mutual Fund,Equity Scheme - Mid Cap Fund
120841,quant Mid Cap Fund - Growth Option - Direct Plan,23-04-2019,57.3451,quant Mutual Fund,Equity Scheme - Mid Cap Fund
120841,quant Mid Cap Fund - Growth Option - Direct Plan,22-04-2019,57.1436,quant Mutual Fund,Equity Scheme - Mid Cap Fund
120841,quant Mid Cap Fund - Growth Option - Direct Plan,18-04-2019,58.4115,quant Mutual Fund,Equity Scheme - Mid Cap Fund
120841,quant Mid Cap Fund - Growth Option - Direct Plan,16-04-2019,58.8978,quant Mutual Fund,Equity Scheme - Mid Cap Fund
120841,quant Mid Cap Fund - Growth Option - Direct Plan,15-04-2019,58.8563,quant Mutual Fund,Equity Scheme - Mid Cap Fund
120841,quant Mid Cap Fund - Growth Option - Direct Plan,12-04-2019,58.4221,quant Mutual Fund,Equity Scheme - Mid Cap Fund
120841,quant Mid Cap Fund - Growth Option - Direct Plan,11-04-2019,58.0274,quant Mutual Fund,Equity Scheme - Mid Cap Fund
120841,quant Mid Cap Fund - Growth Option - Direct Plan,10-04-2019,57.9961,quant Mutual Fund,Equity Scheme - Mid Cap Fund
120841,quant Mid Cap Fund - Growth Option - Direct Plan,09-04-2019,58.2334,quant Mutual Fund,Equity Scheme - Mid Cap Fund
120841,quant Mid Cap Fund - Growth Option - Direct Plan,08-04-2019,58.2362,quant Mutual Fund,Equity Scheme - Mid Cap Fund
120841,quant Mid Cap Fund - Growth Option - Direct Plan,05-04-2019,58.4231,quant Mutual Fund,Equity Scheme - Mid Cap Fund
120841,quant Mid Cap Fund - Growth Option - Direct Plan,04-04-2019,58.1116,quant Mutual Fund,Equity Scheme - Mid Cap Fund
120841,quant Mid Cap Fund - Growth Option - Direct Plan,03-04-2019,58.3833,quant Mutual Fund,Equity Scheme - Mid Cap Fund
120841,quant Mid Cap Fund - Growth Option - Direct Plan,02-04-2019,58.9318,quant Mutual Fund,Equity Scheme - Mid Cap Fund
120841,quant Mid Cap Fund - Growth Option - Direct Plan,01-04-2019,59.155,quant Mutual Fund,Equity Scheme - Mid Cap Fund
120841,quant Mid Cap Fund - Growth Option - Direct Plan,29-03-2019,58.9169,quant Mutual Fund,Equity Scheme - Mid Cap Fund
120841,quant Mid Cap Fund - Growth Option - Direct Plan,28-03-2019,58.3251,quant Mutual Fund,Equity Scheme - Mid Cap Fund
120841,quant Mid Cap Fund - Growth Option - Direct Plan,27-03-2019,57.885,quant Mutual Fund,Equity Scheme - Mid Cap Fund
120841,quant Mid Cap Fund - Growth Option - Direct Plan,26-03-2019,57.5931,quant Mutual Fund,Equity Scheme - Mid Cap Fund
120841,quant Mid Cap Fund - Growth Option - Direct Plan,25-03-2019,56.9177,quant Mutual Fund,Equity Scheme - Mid Cap Fund
120841,quant Mid Cap Fund - Growth Option - Direct Plan,22-03-2019,57.4623,quant Mutual Fund,Equity Scheme - Mid Cap Fund
120841,quant Mid Cap Fund - Growth Option - Direct Plan,20-03-2019,57.5133,quant Mutual Fund,Equity Scheme - Mid Cap Fund
120841,quant Mid Cap Fund - Growth Option - Direct Plan,19-03-2019,57.4891,quant Mutual Fund,Equity Scheme - Mid Cap Fund
120841,quant Mid Cap Fund - Growth Option - Direct Plan,18-03-2019,56.869,quant Mutual Fund,Equity Scheme - Mid Cap Fund
120841,quant Mid Cap Fund - Growth Option - Direct Plan,15-03-2019,56.9537,quant Mutual Fund,Equity Scheme - Mid Cap Fund
120841,quant Mid Cap Fund - Growth Option - Direct Plan,14-03-2019,56.7669,quant Mutual Fund,Equity Scheme - Mid Cap Fund
120841,quant Mid Cap Fund - Growth Option - Direct Plan,13-03-2019,56.7812,quant Mutual Fund,Equity Scheme - Mid Cap Fund
120841,quant Mid Cap Fund - Growth Option - Direct Plan,12-03-2019,57.1418,quant Mutual Fund,Equity Scheme - Mid Cap Fund
120841,quant Mid Cap Fund - Growth Option - Direct Plan,11-03-2019,56.8626,quant Mutual Fund,Equity Scheme - Mid Cap Fund
120841,quant Mid Cap Fund - Growth Option - Direct Plan,08-03-2019,55.8381,quant Mutual Fund,Equity Scheme - Mid Cap Fund
120841,quant Mid Cap Fund - Growth Option - Direct Plan,07-03-2019,56.2362,quant Mutual Fund,Equity Scheme - Mid Cap Fund
120841,quant Mid Cap Fund - Growth Option - Direct Plan,06-03-2019,55.9649,quant Mutual Fund,Equity Scheme - Mid Cap Fund
120841,quant Mid Cap Fund - Growth Option - Direct Plan,05-03-2019,55.7395,quant Mutual Fund,Equity Scheme - Mid Cap Fund
120841,quant Mid Cap Fund - Growth Option - Direct Plan,01-03-2019,54.1544,quant Mutual Fund,Equity Scheme - Mid Cap Fund
120841,quant Mid Cap Fund - Growth Option - Direct Plan,28-02-2019,53.7938,quant Mutual Fund,Equity Scheme - Mid Cap Fund
120841,quant Mid Cap Fund - Growth Option - Direct Plan,27-02-2019,53.519,quant Mutual Fund,Equity Scheme - Mid Cap Fund
120841,quant Mid Cap Fund - Growth Option - Direct Plan,26-02-2019,53.329,quant Mutual Fund,Equity Scheme - Mid Cap Fund
120841,quant Mid Cap Fund - Growth Option - Direct Plan,25-02-2019,53.6858,quant Mutual Fund,Equity Scheme - Mid Cap Fund
120841,quant Mid Cap Fund - Growth Option - Direct Plan,22-02-2019,53.304,quant Mutual Fund,Equity Scheme - Mid Cap Fund
120841,quant Mid Cap Fund - Growth Option - Direct Plan,21-02-2019,53.1862,quant Mutual Fund,Equity Scheme - Mid Cap Fund
120841,quant Mid Cap Fund - Growth Option - Direct Plan,20-02-2019,52.4495,quant Mutual Fund,Equity Scheme - Mid Cap Fund
120841,quant Mid Cap Fund - Growth Option - Direct Plan,19-02-2019,52.1016,quant Mutual Fund,Equity Scheme - Mid Cap Fund
120841,quant Mid Cap Fund - Growth Option - Direct Plan,18-02-2019,51.9001,quant Mutual Fund,Equity Scheme - Mid Cap Fund
120841,quant Mid Cap Fund - Growth Option - Direct Plan,15-02-2019,52.2324,quant Mutual Fund,Equity Scheme - Mid Cap Fund
120841,quant Mid Cap Fund - Growth Option - Direct Plan,14-02-2019,52.907,quant Mutual Fund,Equity Scheme - Mid Cap Fund
120841,quant Mid Cap Fund - Growth Option - Direct Plan,13-02-2019,52.7316,quant Mutual Fund,Equity Scheme - Mid Cap Fund
120841,quant Mid Cap Fund - Growth Option - Direct Plan,12-02-2019,53.0963,quant Mutual Fund,Equity Scheme - Mid Cap Fund
120841,quant Mid Cap Fund - Growth Option - Direct Plan,11-02-2019,53.4023,quant Mutual Fund,Equity Scheme - Mid Cap Fund
120841,quant Mid Cap Fund - Growth Option - Direct Plan,08-02-2019,54.4952,quant Mutual Fund,Equity Scheme - Mid Cap Fund
120841,quant Mid Cap Fund - Growth Option - Direct Plan,07-02-2019,55.5605,quant Mutual Fund,Equity Scheme - Mid Cap Fund
120841,quant Mid Cap Fund - Growth Option - Direct Plan,06-02-2019,55.0284,quant Mutual Fund,Equity Scheme - Mid Cap Fund
120841,quant Mid Cap Fund - Growth Option - Direct Plan,05-02-2019,54.7139,quant Mutual Fund,Equity Scheme - Mid Cap Fund
120841,quant Mid Cap Fund - Growth Option - Direct Plan,04-02-2019,54.9498,quant Mutual Fund,Equity Scheme - Mid Cap Fund
120841,quant Mid Cap Fund - Growth Option - Direct Plan,01-02-2019,54.9992,quant Mutual Fund,Equity Scheme - Mid Cap Fund
120841,quant Mid Cap Fund - Growth Option - Direct Plan,31-01-2019,55.4075,quant Mutual Fund,Equity Scheme - Mid Cap Fund
120841,quant Mid Cap Fund - Growth Option - Direct Plan,30-01-2019,55.4969,quant Mutual Fund,Equity Scheme - Mid Cap Fund
120841,quant Mid Cap Fund - Growth Option - Direct Plan,29-01-2019,54.9597,quant Mutual Fund,Equity Scheme - Mid Cap Fund
120841,quant Mid Cap Fund - Growth Option - Direct Plan,28-01-2019,54.6951,quant Mutual Fund,Equity Scheme - Mid Cap Fund
120841,quant Mid Cap Fund - Growth Option - Direct Plan,25-01-2019,55.5767,quant Mutual Fund,Equity Scheme - Mid Cap Fund
120841,quant Mid Cap Fund - Growth Option - Direct Plan,24-01-2019,56.285,quant Mutual Fund,Equity Scheme - Mid Cap Fund
120841,quant Mid Cap Fund - Growth Option - Direct Plan,23-01-2019,56.1867,quant Mutual Fund,Equity Scheme - Mid Cap Fund
120841,quant Mid Cap Fund - Growth Option - Direct Plan,22-01-2019,56.4879,quant Mutual Fund,Equity Scheme - Mid Cap Fund
120841,quant Mid Cap Fund - Growth Option - Direct Plan,21-01-2019,56.4626,quant Mutual Fund,Equity Scheme - Mid Cap Fund
120841,quant Mid Cap Fund - Growth Option - Direct Plan,18-01-2019,56.9596,quant Mutual Fund,Equity Scheme - Mid Cap Fund
120841,quant Mid Cap Fund - Growth Option - Direct Plan,17-01-2019,57.231,quant Mutual Fund,Equity Scheme - Mid Cap Fund
120841,quant Mid Cap Fund - Growth Option - Direct Plan,16-01-2019,57.5166,quant Mutual Fund,Equity Scheme - Mid Cap Fund
120841,quant Mid Cap Fund - Growth Option - Direct Plan,15-01-2019,57.5285,quant Mutual Fund,Equity Scheme - Mid Cap Fund
120841,quant Mid Cap Fund - Growth Option - Direct Plan,14-01-2019,57.3814,quant Mutual Fund,Equity Scheme - Mid Cap Fund
120841,quant Mid Cap Fund - Growth Option - Direct Plan,11-01-2019,57.5518,quant Mutual Fund,Equity Scheme - Mid Cap Fund
120841,quant Mid Cap Fund - Growth Option - Direct Plan,10-01-2019,57.7291,quant Mutual Fund,Equity Scheme - Mid Cap Fund
120841,quant Mid Cap Fund - Growth Option - Direct Plan,09-01-2019,57.493,quant Mutual Fund,Equity Scheme - Mid Cap Fund
120841,quant Mid Cap Fund - Growth Option - Direct Plan,08-01-2019,57.5187,quant Mutual Fund,Equity Scheme - Mid Cap Fund
120841,quant Mid Cap Fund - Growth Option - Direct Plan,07-01-2019,57.162,quant Mutual Fund,Equity Scheme - Mid Cap Fund
120841,quant Mid Cap Fund - Growth Option - Direct Plan,04-01-2019,57.1773,quant Mutual Fund,Equity Scheme - Mid Cap Fund
120841,quant Mid Cap Fund - Growth Option - Direct Plan,03-01-2019,56.4965,quant Mutual Fund,Equity Scheme - Mid Cap Fund
120841,quant Mid Cap Fund - Growth Option - Direct Plan,02-01-2019,56.9398,quant Mutual Fund,Equity Scheme - Mid Cap Fund
120841,quant Mid Cap Fund - Growth Option - Direct Plan,01-01-2019,57.4833,quant Mutual Fund,Equity Scheme - Mid Cap Fund
120841,quant Mid Cap Fund - Growth Option - Direct Plan,31-12-2018,57.2691,quant Mutual Fund,Equity Scheme - Mid Cap Fund
120841,quant Mid Cap Fund - Growth Option - Direct Plan,28-12-2018,57.186,quant Mutual Fund,Equity Scheme - Mid Cap Fund
120841,quant Mid Cap Fund - Growth Option - Direct Plan,27-12-2018,56.7148,quant Mutual Fund,Equity Scheme - Mid Cap Fund
120841,quant Mid Cap Fund - Growth Option - Direct Plan,26-12-2018,56.8744,quant Mutual Fund,Equity Scheme - Mid Cap Fund
120841,quant Mid Cap Fund - Growth Option - Direct Plan,24-12-2018,56.7621,quant Mutual Fund,Equity Scheme - Mid Cap Fund
120841,quant Mid Cap Fund - Growth Option - Direct Plan,21-12-2018,57.1987,quant Mutual Fund,Equity Scheme - Mid Cap Fund
120841,quant Mid Cap Fund - Growth Option - Direct Plan,20-12-2018,58.0018,quant Mutual Fund,Equity Scheme - Mid Cap Fund
120841,quant Mid Cap Fund - Growth Option - Direct Plan,19-12-2018,58.1022,quant Mutual Fund,Equity Scheme - Mid Cap Fund
120841,quant Mid Cap Fund - Growth Option - Direct Plan,18-12-2018,57.2413,quant Mutual Fund,Equity Scheme - Mid Cap Fund
120841,quant Mid Cap Fund - Growth Option - Direct Plan,17-12-2018,56.8786,quant Mutual Fund,Equity Scheme - Mid Cap Fund
120841,quant Mid Cap Fund - Growth Option - Direct Plan,14-12-2018,56.7611,quant Mutual Fund,Equity Scheme - Mid Cap Fund
120841,quant Mid Cap Fund - Growth Option - Direct Plan,13-12-2018,56.6467,quant Mutual Fund,Equity Scheme - Mid Cap Fund
120841,quant Mid Cap Fund - Growth Option - Direct Plan,12-12-2018,56.3105,quant Mutual Fund,Equity Scheme - Mid Cap Fund
120841,quant Mid Cap Fund - Growth Option - Direct Plan,11-12-2018,55.0014,quant Mutual Fund,Equity Scheme - Mid Cap Fund
120841,quant Mid Cap Fund - Growth Option - Direct Plan,10-12-2018,53.9016,quant Mutual Fund,Equity Scheme - Mid Cap Fund
120841,quant Mid Cap Fund - Growth Option - Direct Plan,07-12-2018,55.0268,quant Mutual Fund,Equity Scheme - Mid Cap Fund
120841,quant Mid Cap Fund - Growth Option - Direct Plan,06-12-2018,54.7688,quant Mutual Fund,Equity Scheme - Mid Cap Fund
120841,quant Mid Cap Fund - Growth Option - Direct Plan,05-12-2018,55.7834,quant Mutual Fund,Equity Scheme - Mid Cap Fund
120841,quant Mid Cap Fund - Growth Option - Direct Plan,04-12-2018,56.6321,quant Mutual Fund,Equity Scheme - Mid Cap Fund
120841,quant Mid Cap Fund - Growth Option - Direct Plan,03-12-2018,57.0556,quant Mutual Fund,Equity Scheme - Mid Cap Fund
120841,quant Mid Cap Fund - Growth Option - Direct Plan,30-11-2018,57.1898,quant Mutual Fund,Equity Scheme - Mid Cap Fund
120841,quant Mid Cap Fund - Growth Option - Direct Plan,29-11-2018,56.6811,quant Mutual Fund,Equity Scheme - Mid Cap Fund
120841,quant Mid Cap Fund - Growth Option - Direct Plan,28-11-2018,56.3766,quant Mutual Fund,Equity Scheme - Mid Cap Fund
120841,quant Mid Cap Fund - Growth Option - Direct Plan,27-11-2018,56.6766,quant Mutual Fund,Equity Scheme - Mid Cap Fund
120841,quant Mid Cap Fund - Growth Option - Direct Plan,26-11-2018,56.2998,quant Mutual Fund,Equity Scheme - Mid Cap Fund
120841,quant Mid Cap Fund - Growth Option - Direct Plan,22-11-2018,56.0409,quant Mutual Fund,Equity Scheme - Mid Cap Fund
120841,quant Mid Cap Fund - Growth Option - Direct Plan,21-11-2018,56.5687,quant Mutual Fund,Equity Scheme - Mid Cap Fund
120841,quant Mid Cap Fund - Growth Option - Direct Plan,20-11-2018,56.0644,quant Mutual Fund,Equity Scheme - Mid Cap Fund
120841,quant Mid Cap Fund - Growth Option - Direct Plan,19-11-2018,56.921,quant Mutual Fund,Equity Scheme - Mid Cap Fund
120841,quant Mid Cap Fund - Growth Option - Direct Plan,16-11-2018,56.938,quant Mutual Fund,Equity Scheme - Mid Cap Fund
120841,quant Mid Cap Fund - Growth Option - Direct Plan,15-11-2018,56.9165,quant Mutual Fund,Equity Scheme - Mid Cap Fund
120841,quant Mid Cap Fund - Growth Option - Direct Plan,14-11-2018,56.16,quant Mutual Fund,Equity Scheme - Mid Cap Fund
120841,quant Mid Cap Fund - Growth Option - Direct Plan,13-11-2018,56.0628,quant Mutual Fund,Equity Scheme - Mid Cap Fund
120841,quant Mid Cap Fund - Growth Option - Direct Plan,12-11-2018,55.9104,quant Mutual Fund,Equity Scheme - Mid Cap Fund
120841,quant Mid Cap Fund - Growth Option - Direct Plan,09-11-2018,56.356,quant Mutual Fund,Equity Scheme - Mid Cap Fund
120841,quant Mid Cap Fund - Growth Option - Direct Plan,06-11-2018,55.8355,quant Mutual Fund,Equity Scheme - Mid Cap Fund
120841,quant Mid Cap Fund - Growth Option - Direct Plan,05-11-2018,55.6086,quant Mutual Fund,Equity Scheme - Mid Cap Fund
120841,quant Mid Cap Fund - Growth Option - Direct Plan,02-11-2018,56.1832,quant Mutual Fund,Equity Scheme - Mid Cap Fund
120841,quant Mid Cap Fund - Growth Option - Direct Plan,01-11-2018,56.2748,quant Mutual Fund,Equity Scheme - Mid Cap Fund
120841,quant Mid Cap Fund - Growth Option - Direct Plan,31-10-2018,55.554,quant Mutual Fund,Equity Scheme - Mid Cap Fund
120841,quant Mid Cap Fund - Growth Option - Direct Plan,30-10-2018,54.8327,quant Mutual Fund,Equity Scheme - Mid Cap Fund
120841,quant Mid Cap Fund - Growth Option - Direct Plan,29-10-2018,54.6469,quant Mutual Fund,Equity Scheme - Mid Cap Fund
120841,quant Mid Cap Fund - Growth Option - Direct Plan,26-10-2018,53.1644,quant Mutual Fund,Equity Scheme - Mid Cap Fund
120841,quant Mid Cap Fund - Growth Option - Direct Plan,25-10-2018,53.3053,quant Mutual Fund,Equity Scheme - Mid Cap Fund
120841,quant Mid Cap Fund - Growth Option - Direct Plan,24-10-2018,53.591,quant Mutual Fund,Equity Scheme - Mid Cap Fund
120841,quant Mid Cap Fund - Growth Option - Direct Plan,23-10-2018,53.6692,quant Mutual Fund,Equity Scheme - Mid Cap Fund
120841,quant Mid Cap Fund - Growth Option - Direct Plan,22-10-2018,53.9897,quant Mutual Fund,Equity Scheme - Mid Cap Fund
120841,quant Mid Cap Fund - Growth Option - Direct Plan,19-10-2018,53.9527,quant Mutual Fund,Equity Scheme - Mid Cap Fund
120841,quant Mid Cap Fund - Growth Option - Direct Plan,17-10-2018,54.4636,quant Mutual Fund,Equity Scheme - Mid Cap Fund
120841,quant Mid Cap Fund - Growth Option - Direct Plan,16-10-2018,54.9143,quant Mutual Fund,Equity Scheme - Mid Cap Fund
120841,quant Mid Cap Fund - Growth Option - Direct Plan,15-10-2018,54.6268,quant Mutual Fund,Equity Scheme - Mid Cap Fund
120841,quant Mid Cap Fund - Growth Option - Direct Plan,12-10-2018,54.2766,quant Mutual Fund,Equity Scheme - Mid Cap Fund
120841,quant Mid Cap Fund - Growth Option - Direct Plan,11-10-2018,53.6189,quant Mutual Fund,Equity Scheme - Mid Cap Fund
120841,quant Mid Cap Fund - Growth Option - Direct Plan,10-10-2018,54.8105,quant Mutual Fund,Equity Scheme - Mid Cap Fund
120841,quant Mid Cap Fund - Growth Option - Direct Plan,09-10-2018,53.8919,quant Mutual Fund,Equity Scheme - Mid Cap Fund
120841,quant Mid Cap Fund - Growth Option - Direct Plan,08-10-2018,53.9097,quant Mutual Fund,Equity Scheme - Mid Cap Fund
120841,quant Mid Cap Fund - Growth Option - Direct Plan,05-10-2018,54.5873,quant Mutual Fund,Equity Scheme - Mid Cap Fund
120841,quant Mid Cap Fund - Growth Option - Direct Plan,04-10-2018,55.7746,quant Mutual Fund,Equity Scheme - Mid Cap Fund
120841,quant Mid Cap Fund - Growth Option - Direct Plan,03-10-2018,56.7677,quant Mutual Fund,Equity Scheme - Mid Cap Fund
120841,quant Mid Cap Fund - Growth Option - Direct Plan,01-10-2018,57.1071,quant Mutual Fund,Equity Scheme - Mid Cap Fund
120841,quant Mid Cap Fund - Growth Option - Direct Plan,28-09-2018,56.7032,quant Mutual Fund,Equity Scheme - Mid Cap Fund
120841,quant Mid Cap Fund - Growth Option - Direct Plan,27-09-2018,57.2837,quant Mutual Fund,Equity Scheme - Mid Cap Fund
120841,quant Mid Cap Fund - Growth Option - Direct Plan,26-09-2018,57.7739,quant Mutual Fund,Equity Scheme - Mid Cap Fund
120841,quant Mid Cap Fund - Growth Option - Direct Plan,25-09-2018,57.5402,quant Mutual Fund,Equity Scheme - Mid Cap Fund
120841,quant Mid Cap Fund - Growth Option - Direct Plan,24-09-2018,56.9356,quant Mutual Fund,Equity Scheme - Mid Cap Fund
120841,quant Mid Cap Fund - Growth Option - Direct Plan,21-09-2018,58.0538,quant Mutual Fund,Equity Scheme - Mid Cap Fund
120841,quant Mid Cap Fund - Growth Option - Direct Plan,19-09-2018,58.7545,quant Mutual Fund,Equity Scheme - Mid Cap Fund
120841,quant Mid Cap Fund - Growth Option - Direct Plan,18-09-2018,58.9816,quant Mutual Fund,Equity Scheme - Mid Cap Fund
120841,quant Mid Cap Fund - Growth Option - Direct Plan,17-09-2018,59.5565,quant Mutual Fund,Equity Scheme - Mid Cap Fund
120841,quant Mid Cap Fund - Growth Option - Direct Plan,14-09-2018,60.1101,quant Mutual Fund,Equity Scheme - Mid Cap Fund
120841,quant Mid Cap Fund - Growth Option - Direct Plan,12-09-2018,59.411,quant Mutual Fund,Equity Scheme - Mid Cap Fund
120841,quant Mid Cap Fund - Growth Option - Direct Plan,11-09-2018,58.9633,quant Mutual Fund,Equity Scheme - Mid Cap Fund
120841,quant Mid Cap Fund - Growth Option - Direct Plan,10-09-2018,59.8002,quant Mutual Fund,Equity Scheme - Mid Cap Fund
120841,quant Mid Cap Fund - Growth Option - Direct Plan,07-09-2018,60.6367,quant Mutual Fund,Equity Scheme - Mid Cap Fund
120841,quant Mid Cap Fund - Growth Option - Direct Plan,06-09-2018,60.2592,quant Mutual Fund,Equity Scheme - Mid Cap Fund
120841,quant Mid Cap Fund - Growth Option - Direct Plan,05-09-2018,59.5398,quant Mutual Fund,Equity Scheme - Mid Cap Fund
120841,quant Mid Cap Fund - Growth Option - Direct Plan,04-09-2018,59.7035,quant Mutual Fund,Equity Scheme - Mid Cap Fund
120841,quant Mid Cap Fund - Growth Option - Direct Plan,03-09-2018,60.3649,quant Mutual Fund,Equity Scheme - Mid Cap Fund
120841,quant Mid Cap Fund - Growth Option - Direct Plan,31-08-2018,60.7597,quant Mutual Fund,Equity Scheme - Mid Cap Fund
120841,quant Mid Cap Fund - Growth Option - Direct Plan,30-08-2018,60.5187,quant Mutual Fund,Equity Scheme - Mid Cap Fund
120841,quant Mid Cap Fund - Growth Option - Direct Plan,29-08-2018,60.5234,quant Mutual Fund,Equity Scheme - Mid Cap Fund
120841,quant Mid Cap Fund - Growth Option - Direct Plan,28-08-2018,60.6619,quant Mutual Fund,Equity Scheme - Mid Cap Fund
120841,quant Mid Cap Fund - Growth Option - Direct Plan,27-08-2018,60.4211,quant Mutual Fund,Equity Scheme - Mid Cap Fund
120841,quant Mid Cap Fund - Growth Option - Direct Plan,24-08-2018,60.1112,quant Mutual Fund,Equity Scheme - Mid Cap Fund
120841,quant Mid Cap Fund - Growth Option - Direct Plan,23-08-2018,60.0756,quant Mutual Fund,Equity Scheme - Mid Cap Fund
120841,quant Mid Cap Fund - Growth Option - Direct Plan,21-08-2018,59.8449,quant Mutual Fund,Equity Scheme - Mid Cap Fund
120841,quant Mid Cap Fund - Growth Option - Direct Plan,20-08-2018,59.7522,quant Mutual Fund,Equity Scheme - Mid Cap Fund
120841,quant Mid Cap Fund - Growth Option - Direct Plan,17-08-2018,59.2794,quant Mutual Fund,Equity Scheme - Mid Cap Fund
120841,quant Mid Cap Fund - Growth Option - Direct Plan,16-08-2018,58.7001,quant Mutual Fund,Equity Scheme - Mid Cap Fund
120841,quant Mid Cap Fund - Growth Option - Direct Plan,14-08-2018,58.948,quant Mutual Fund,Equity Scheme - Mid Cap Fund
120841,quant Mid Cap Fund - Growth Option - Direct Plan,13-08-2018,58.6216,quant Mutual Fund,Equity Scheme - Mid Cap Fund
120841,quant Mid Cap Fund - Growth Option - Direct Plan,10-08-2018,58.8225,quant Mutual Fund,Equity Scheme - Mid Cap Fund
120841,quant Mid Cap Fund - Growth Option - Direct Plan,09-08-2018,58.8757,quant Mutual Fund,Equity Scheme - Mid Cap Fund
120841,quant Mid Cap Fund - Growth Option - Direct Plan,08-08-2018,58.9247,quant Mutual Fund,Equity Scheme - Mid Cap Fund
120841,quant Mid Cap Fund - Growth Option - Direct Plan,07-08-2018,58.7823,quant Mutual Fund,Equity Scheme - Mid Cap Fund
120841,quant Mid Cap Fund - Growth Option - Direct Plan,06-08-2018,58.845,quant Mutual Fund,Equity Scheme - Mid Cap Fund
120841,quant Mid Cap Fund - Growth Option - Direct Plan,03-08-2018,58.8246,quant Mutual Fund,Equity Scheme - Mid Cap Fund
120841,quant Mid Cap Fund - Growth Option - Direct Plan,02-08-2018,58.5508,quant Mutual Fund,Equity Scheme - Mid Cap Fund
120841,quant Mid Cap Fund - Growth Option - Direct Plan,01-08-2018,58.8678,quant Mutual Fund,Equity Scheme - Mid Cap Fund
120841,quant Mid Cap Fund - Growth Option - Direct Plan,31-07-2018,58.7278,quant Mutual Fund,Equity Scheme - Mid Cap Fund
120841,quant Mid Cap Fund - Growth Option - Direct Plan,30-07-2018,58.5654,quant Mutual Fund,Equity Scheme - Mid Cap Fund
120841,quant Mid Cap Fund - Growth Option - Direct Plan,27-07-2018,58.5139,quant Mutual Fund,Equity Scheme - Mid Cap Fund
120841,quant Mid Cap Fund - Growth Option - Direct Plan,26-07-2018,58.1463,quant Mutual Fund,Equity Scheme - Mid Cap Fund
120841,quant Mid Cap Fund - Growth Option - Direct Plan,25-07-2018,58.0588,quant Mutual Fund,Equity Scheme - Mid Cap Fund
120841,quant Mid Cap Fund - Growth Option - Direct Plan,24-07-2018,58.0602,quant Mutual Fund,Equity Scheme - Mid Cap Fund
120841,quant Mid Cap Fund - Growth Option - Direct Plan,23-07-2018,57.6433,quant Mutual Fund,Equity Scheme - Mid Cap Fund
120841,quant Mid Cap Fund - Growth Option - Direct Plan,20-07-2018,57.2905,quant Mutual Fund,Equity Scheme - Mid Cap Fund
120841,quant Mid Cap Fund - Growth Option - Direct Plan,19-07-2018,57.0174,quant Mutual Fund,Equity Scheme - Mid Cap Fund
120841,quant Mid Cap Fund - Growth Option - Direct Plan,18-07-2018,57.1759,quant Mutual Fund,Equity Scheme - Mid Cap Fund
120841,quant Mid Cap Fund - Growth Option - Direct Plan,17-07-2018,57.3717,quant Mutual Fund,Equity Scheme - Mid Cap Fund
120841,quant Mid Cap Fund - Growth Option - Direct Plan,16-07-2018,56.9923,quant Mutual Fund,Equity Scheme - Mid Cap Fund
120841,quant Mid Cap Fund - Growth Option - Direct Plan,13-07-2018,57.4531,quant Mutual Fund,Equity Scheme - Mid Cap Fund
120841,quant Mid Cap Fund - Growth Option - Direct Plan,12-07-2018,57.5862,quant Mutual Fund,Equity Scheme - Mid Cap Fund
120841,quant Mid Cap Fund - Growth Option - Direct Plan,11-07-2018,57.3163,quant Mutual Fund,Equity Scheme - Mid Cap Fund
120841,quant Mid Cap Fund - Growth Option - Direct Plan,10-07-2018,57.6491,quant Mutual Fund,Equity Scheme - Mid Cap Fund
120841,quant Mid Cap Fund - Growth Option - Direct Plan,09-07-2018,57.3334,quant Mutual Fund,Equity Scheme - Mid Cap Fund
120841,quant Mid Cap Fund - Growth Option - Direct Plan,06-07-2018,56.9648,quant Mutual Fund,Equity Scheme - Mid Cap Fund
120841,quant Mid Cap Fund - Growth Option - Direct Plan,05-07-2018,56.8631,quant Mutual Fund,Equity Scheme - Mid Cap Fund
120841,quant Mid Cap Fund - Growth Option - Direct Plan,04-07-2018,56.8242,quant Mutual Fund,Equity Scheme - Mid Cap Fund
120841,quant Mid Cap Fund - Growth Option - Direct Plan,03-07-2018,56.6131,quant Mutual Fund,Equity Scheme - Mid Cap Fund
120841,quant Mid Cap Fund - Growth Option - Direct Plan,02-07-2018,56.3285,quant Mutual Fund,Equity Scheme - Mid Cap Fund
120841,quant Mid Cap Fund - Growth Option - Direct Plan,29-06-2018,56.4848,quant Mutual Fund,Equity Scheme - Mid Cap Fund
120841,quant Mid Cap Fund - Growth Option - Direct Plan,28-06-2018,56.1223,quant Mutual Fund,Equity Scheme - Mid Cap Fund
120841,quant Mid Cap Fund - Growth Option - Direct Plan,27-06-2018,56.499,quant Mutual Fund,Equity Scheme - Mid Cap Fund
120841,quant Mid Cap Fund - Growth Option - Direct Plan,26-06-2018,56.8186,quant Mutual Fund,Equity Scheme - Mid Cap Fund
120841,quant Mid Cap Fund - Growth Option - Direct Plan,25-06-2018,56.802,quant Mutual Fund,Equity Scheme - Mid Cap Fund
120841,quant Mid Cap Fund - Growth Option - Direct Plan,22-06-2018,57.1608,quant Mutual Fund,Equity Scheme - Mid Cap Fund
120841,quant Mid Cap Fund - Growth Option - Direct Plan,21-06-2018,57.0101,quant Mutual Fund,Equity Scheme - Mid Cap Fund
120841,quant Mid Cap Fund - Growth Option - Direct Plan,20-06-2018,57.1397,quant Mutual Fund,Equity Scheme - Mid Cap Fund
120841,quant Mid Cap Fund - Growth Option - Direct Plan,19-06-2018,57.0015,quant Mutual Fund,Equity Scheme - Mid Cap Fund
120841,quant Mid Cap Fund - Growth Option - Direct Plan,18-06-2018,57.2522,quant Mutual Fund,Equity Scheme - Mid Cap Fund
120841,quant Mid Cap Fund - Growth Option - Direct Plan,15-06-2018,57.1758,quant Mutual Fund,Equity Scheme - Mid Cap Fund
120841,quant Mid Cap Fund - Growth Option - Direct Plan,14-06-2018,57.3212,quant Mutual Fund,Equity Scheme - Mid Cap Fund
120841,quant Mid Cap Fund - Growth Option - Direct Plan,13-06-2018,57.3488,quant Mutual Fund,Equity Scheme - Mid Cap Fund
120841,quant Mid Cap Fund - Growth Option - Direct Plan,12-06-2018,57.4956,quant Mutual Fund,Equity Scheme - Mid Cap Fund
120841,quant Mid Cap Fund - Growth Option - Direct Plan,11-06-2018,57.1646,quant Mutual Fund,Equity Scheme - Mid Cap Fund
120841,quant Mid Cap Fund - Growth Option - Direct Plan,08-06-2018,56.9829,quant Mutual Fund,Equity Scheme - Mid Cap Fund
120841,quant Mid Cap Fund - Growth Option - Direct Plan,07-06-2018,56.9192,quant Mutual Fund,Equity Scheme - Mid Cap Fund
120841,quant Mid Cap Fund - Growth Option - Direct Plan,06-06-2018,56.5379,quant Mutual Fund,Equity Scheme - Mid Cap Fund
120841,quant Mid Cap Fund - Growth Option - Direct Plan,05-06-2018,56.0484,quant Mutual Fund,Equity Scheme - Mid Cap Fund
120841,quant Mid Cap Fund - Growth Option - Direct Plan,04-06-2018,56.2903,quant Mutual Fund,Equity Scheme - Mid Cap Fund
120841,quant Mid Cap Fund - Growth Option - Direct Plan,01-06-2018,56.7463,quant Mutual Fund,Equity Scheme - Mid Cap Fund
120841,quant Mid Cap Fund - Growth Option - Direct Plan,31-05-2018,57.1883,quant Mutual Fund,Equity Scheme - Mid Cap Fund
120841,quant Mid Cap Fund - Growth Option - Direct Plan,30-05-2018,56.9974,quant Mutual Fund,Equity Scheme - Mid Cap Fund
120841,quant Mid Cap Fund - Growth Option - Direct Plan,29-05-2018,57.0888,quant Mutual Fund,Equity Scheme - Mid Cap Fund
120841,quant Mid Cap Fund - Growth Option - Direct Plan,28-05-2018,57.3406,quant Mutual Fund,Equity Scheme - Mid Cap Fund
120841,quant Mid Cap Fund - Growth Option - Direct Plan,25-05-2018,56.9477,quant Mutual Fund,Equity Scheme - Mid Cap Fund
120841,quant Mid Cap Fund - Growth Option - Direct Plan,24-05-2018,56.3652,quant Mutual Fund,Equity Scheme - Mid Cap Fund
120841,quant Mid Cap Fund - Growth Option - Direct Plan,23-05-2018,56.4104,quant Mutual Fund,Equity Scheme - Mid Cap Fund
120841,quant Mid Cap Fund - Growth Option - Direct Plan,22-05-2018,56.8882,quant Mutual Fund,Equity Scheme - Mid Cap Fund
120841,quant Mid Cap Fund - Growth Option - Direct Plan,21-05-2018,56.7051,quant Mutual Fund,Equity Scheme - Mid Cap Fund
120841,quant Mid Cap Fund - Growth Option - Direct Plan,18-05-2018,57.0479,quant Mutual Fund,Equity Scheme - Mid Cap Fund
120841,quant Mid Cap Fund - Growth Option - Direct Plan,17-05-2018,57.4675,quant Mutual Fund,Equity Scheme - Mid Cap Fund
120841,quant Mid Cap Fund - Growth Option - Direct Plan,16-05-2018,57.4798,quant Mutual Fund,Equity Scheme - Mid Cap Fund
120841,quant Mid Cap Fund - Growth Option - Direct Plan,15-05-2018,57.6349,quant Mutual Fund,Equity Scheme - Mid Cap Fund
120841,quant Mid Cap Fund - Growth Option - Direct Plan,14-05-2018,57.9716,quant Mutual Fund,Equity Scheme - Mid Cap Fund
120841,quant Mid Cap Fund - Growth Option - Direct Plan,11-05-2018,58.1485,quant Mutual Fund,Equity Scheme - Mid Cap Fund
120841,quant Mid Cap Fund - Growth Option - Direct Plan,10-05-2018,57.7764,quant Mutual Fund,Equity Scheme - Mid Cap Fund
120841,quant Mid Cap Fund - Growth Option - Direct Plan,09-05-2018,57.9979,quant Mutual Fund,Equity Scheme - Mid Cap Fund
120841,quant Mid Cap Fund - Growth Option - Direct Plan,08-05-2018,58.0189,quant Mutual Fund,Equity Scheme - Mid Cap Fund
120841,quant Mid Cap Fund - Growth Option - Direct Plan,07-05-2018,58.0671,quant Mutual Fund,Equity Scheme - Mid Cap Fund
120841,quant Mid Cap Fund - Growth Option - Direct Plan,04-05-2018,57.8227,quant Mutual Fund,Equity Scheme - Mid Cap Fund
120841,quant Mid Cap Fund - Growth Option - Direct Plan,03-05-2018,58.0048,quant Mutual Fund,Equity Scheme - Mid Cap Fund
120841,quant Mid Cap Fund - Growth Option - Direct Plan,02-05-2018,58.4171,quant Mutual Fund,Equity Scheme - Mid Cap Fund
120841,quant Mid Cap Fund - Growth Option - Direct Plan,30-04-2018,58.8362,quant Mutual Fund,Equity Scheme - Mid Cap Fund
120841,quant Mid Cap Fund - Growth Option - Direct Plan,27-04-2018,58.5214,quant Mutual Fund,Equity Scheme - Mid Cap Fund
120841,quant Mid Cap Fund - Growth Option - Direct Plan,26-04-2018,58.2236,quant Mutual Fund,Equity Scheme - Mid Cap Fund
120841,quant Mid Cap Fund - Growth Option - Direct Plan,25-04-2018,58.0015,quant Mutual Fund,Equity Scheme - Mid Cap Fund
120841,quant Mid Cap Fund - Growth Option - Direct Plan,24-04-2018,57.9774,quant Mutual Fund,Equity Scheme - Mid Cap Fund
120841,quant Mid Cap Fund - Growth Option - Direct Plan,23-04-2018,57.8767,quant Mutual Fund,Equity Scheme - Mid Cap Fund
120841,quant Mid Cap Fund - Growth Option - Direct Plan,20-04-2018,57.7797,quant Mutual Fund,Equity Scheme - Mid Cap Fund
120841,quant Mid Cap Fund - Growth Option - Direct Plan,19-04-2018,58.0117,quant Mutual Fund,Equity Scheme - Mid Cap Fund
120841,quant Mid Cap Fund - Growth Option - Direct Plan,18-04-2018,57.8333,quant Mutual Fund,Equity Scheme - Mid Cap Fund
120841,quant Mid Cap Fund - Growth Option - Direct Plan,17-04-2018,57.8781,quant Mutual Fund,Equity Scheme - Mid Cap Fund
120841,quant Mid Cap Fund - Growth Option - Direct Plan,16-04-2018,57.7751,quant Mutual Fund,Equity Scheme - Mid Cap Fund
120841,quant Mid Cap Fund - Growth Option - Direct Plan,13-04-2018,57.5374,quant Mutual Fund,Equity Scheme - Mid Cap Fund
120841,quant Mid Cap Fund - Growth Option - Direct Plan,12-04-2018,57.4137,quant Mutual Fund,Equity Scheme - Mid Cap Fund
120841,quant Mid Cap Fund - Growth Option - Direct Plan,11-04-2018,57.5632,quant Mutual Fund,Equity Scheme - Mid Cap Fund
120841,quant Mid Cap Fund - Growth Option - Direct Plan,10-04-2018,57.5743,quant Mutual Fund,Equity Scheme - Mid Cap Fund
120841,quant Mid Cap Fund - Growth Option - Direct Plan,09-04-2018,57.5301,quant Mutual Fund,Equity Scheme - Mid Cap Fund
120841,quant Mid Cap Fund - Growth Option - Direct Plan,06-04-2018,57.4263,quant Mutual Fund,Equity Scheme - Mid Cap Fund
120841,quant Mid Cap Fund - Growth Option - Direct Plan,05-04-2018,57.1057,quant Mutual Fund,Equity Scheme - Mid Cap Fund
120841,quant Mid Cap Fund - Growth Option - Direct Plan,04-04-2018,56.5592,quant Mutual Fund,Equity Scheme - Mid Cap Fund
120841,quant Mid Cap Fund - Growth Option - Direct Plan,03-04-2018,57.0141,quant Mutual Fund,Equity Scheme - Mid Cap Fund
120841,quant Mid Cap Fund - Growth Option - Direct Plan,02-04-2018,56.8195,quant Mutual Fund,Equity Scheme - Mid Cap Fund
120841,quant Mid Cap Fund - Growth Option - Direct Plan,31-03-2018,55.9928,quant Mutual Fund,Equity Scheme - Mid Cap Fund
120841,quant Mid Cap Fund - Growth Option - Direct Plan,28-03-2018,55.9924,quant Mutual Fund,Equity Scheme - Mid Cap Fund
120841,quant Mid Cap Fund - Growth Option - Direct Plan,27-03-2018,56.1437,quant Mutual Fund,Equity Scheme - Mid Cap Fund
120841,quant Mid Cap Fund - Growth Option - Direct Plan,26-03-2018,55.7966,quant Mutual Fund,Equity Scheme - Mid Cap Fund
120841,quant Mid Cap Fund - Growth Option - Direct Plan,23-03-2018,55.1785,quant Mutual Fund,Equity Scheme - Mid Cap Fund
120841,quant Mid Cap Fund - Growth Option - Direct Plan,22-03-2018,55.4818,quant Mutual Fund,Equity Scheme - Mid Cap Fund
120841,quant Mid Cap Fund - Growth Option - Direct Plan,21-03-2018,55.5757,quant Mutual Fund,Equity Scheme - Mid Cap Fund
120841,quant Mid Cap Fund - Growth Option - Direct Plan,20-03-2018,55.4601,quant Mutual Fund,Equity Scheme - Mid Cap Fund
120841,quant Mid Cap Fund - Growth Option - Direct Plan,19-03-2018,55.234,quant Mutual Fund,Equity Scheme - Mid Cap Fund
120841,quant Mid Cap Fund - Growth Option - Direct Plan,16-03-2018,55.6619,quant Mutual Fund,Equity Scheme - Mid Cap Fund
120841,quant Mid Cap Fund - Growth Option - Direct Plan,15-03-2018,56.1515,quant Mutual Fund,Equity Scheme - Mid Cap Fund
120841,quant Mid Cap Fund - Growth Option - Direct Plan,14-03-2018,56.1494,quant Mutual Fund,Equity Scheme - Mid Cap Fund
120841,quant Mid Cap Fund - Growth Option - Direct Plan,13-03-2018,56.1963,quant Mutual Fund,Equity Scheme - Mid Cap Fund
120841,quant Mid Cap Fund - Growth Option - Direct Plan,12-03-2018,56.0497,quant Mutual Fund,Equity Scheme - Mid Cap Fund
120841,quant Mid Cap Fund - Growth Option - Direct Plan,09-03-2018,55.4893,quant Mutual Fund,Equity Scheme - Mid Cap Fund
120841,quant Mid Cap Fund - Growth Option - Direct Plan,08-03-2018,55.5861,quant Mutual Fund,Equity Scheme - Mid Cap Fund
120841,quant Mid Cap Fund - Growth Option - Direct Plan,07-03-2018,55.3347,quant Mutual Fund,Equity Scheme - Mid Cap Fund
120841,quant Mid Cap Fund - Growth Option - Direct Plan,06-03-2018,55.8812,quant Mutual Fund,Equity Scheme - Mid Cap Fund
120841,quant Mid Cap Fund - Growth Option - Direct Plan,05-03-2018,56.273,quant Mutual Fund,Equity Scheme - Mid Cap Fund
120841,quant Mid Cap Fund - Growth Option - Direct Plan,01-03-2018,56.7842,quant Mutual Fund,Equity Scheme - Mid Cap Fund
120841,quant Mid Cap Fund - Growth Option - Direct Plan,28-02-2018,56.9969,quant Mutual Fund,Equity Scheme - Mid Cap Fund
120841,quant Mid Cap Fund - Growth Option - Direct Plan,27-02-2018,57.0693,quant Mutual Fund,Equity Scheme - Mid Cap Fund
120841,quant Mid Cap Fund - Growth Option - Direct Plan,26-02-2018,57.1568,quant Mutual Fund,Equity Scheme - Mid Cap Fund
120841,quant Mid Cap Fund - Growth Option - Direct Plan,23-02-2018,56.6859,quant Mutual Fund,Equity Scheme - Mid Cap Fund
120841,quant Mid Cap Fund - Growth Option - Direct Plan,22-02-2018,56.0697,quant Mutual Fund,Equity Scheme - Mid Cap Fund
120841,quant Mid Cap Fund - Growth Option - Direct Plan,21-02-2018,56.1844,quant Mutual Fund,Equity Scheme - Mid Cap Fund
120841,quant Mid Cap Fund - Growth Option - Direct Plan,20-02-2018,56.1813,quant Mutual Fund,Equity Scheme - Mid Cap Fund
120841,quant Mid Cap Fund - Growth Option - Direct Plan,19-02-2018,56.2988,quant Mutual Fund,Equity Scheme - Mid Cap Fund
120841,quant Mid Cap Fund - Growth Option - Direct Plan,16-02-2018,56.5924,quant Mutual Fund,Equity Scheme - Mid Cap Fund
120841,quant Mid Cap Fund - Growth Option - Direct Plan,15-02-2018,56.9874,quant Mutual Fund,Equity Scheme - Mid Cap Fund
120841,quant Mid Cap Fund - Growth Option - Direct Plan,14-02-2018,57.1892,quant Mutual Fund,Equity Scheme - Mid Cap Fund
120841,quant Mid Cap Fund - Growth Option - Direct Plan,12-02-2018,57.0739,quant Mutual Fund,Equity Scheme - Mid Cap Fund
120841,quant Mid Cap Fund - Growth Option - Direct Plan,09-02-2018,56.448,quant Mutual Fund,Equity Scheme - Mid Cap Fund
120841,quant Mid Cap Fund - Growth Option - Direct Plan,08-02-2018,56.7201,quant Mutual Fund,Equity Scheme - Mid Cap Fund
120841,quant Mid Cap Fund - Growth Option - Direct Plan,07-02-2018,56.2631,quant Mutual Fund,Equity Scheme - Mid Cap Fund
120841,quant Mid Cap Fund - Growth Option - Direct Plan,06-02-2018,55.8448,quant Mutual Fund,Equity Scheme - Mid Cap Fund
120841,quant Mid Cap Fund - Growth Option - Direct Plan,05-02-2018,56.3622,quant Mutual Fund,Equity Scheme - Mid Cap Fund
120841,quant Mid Cap Fund - Growth Option - Direct Plan,02-02-2018,56.6489,quant Mutual Fund,Equity Scheme - Mid Cap Fund
120841,quant Mid Cap Fund - Growth Option - Direct Plan,01-02-2018,57.9965,quant Mutual Fund,Equity Scheme - Mid Cap Fund
120841,quant Mid Cap Fund - Growth Option - Direct Plan,31-01-2018,57.8254,quant Mutual Fund,Equity Scheme - Mid Cap Fund
120841,quant Mid Cap Fund - Growth Option - Direct Plan,30-01-2018,57.8925,quant Mutual Fund,Equity Scheme - Mid Cap Fund
120841,quant Mid Cap Fund - Growth Option - Direct Plan,29-01-2018,58.2284,quant Mutual Fund,Equity Scheme - Mid Cap Fund
120841,quant Mid Cap Fund - Growth Option - Direct Plan,25-01-2018,58.0873,quant Mutual Fund,Equity Scheme - Mid Cap Fund
120841,quant Mid Cap Fund - Growth Option - Direct Plan,24-01-2018,58.4006,quant Mutual Fund,Equity Scheme - Mid Cap Fund
120841,quant Mid Cap Fund - Growth Option - Direct Plan,23-01-2018,58.6221,quant Mutual Fund,Equity Scheme - Mid Cap Fund
120841,quant Mid Cap Fund - Growth Option - Direct Plan,22-01-2018,58.5472,quant Mutual Fund,Equity Scheme - Mid Cap Fund
120841,quant Mid Cap Fund - Growth Option - Direct Plan,19-01-2018,58.3372,quant Mutual Fund,Equity Scheme - Mid Cap Fund
120841,quant Mid Cap Fund - Growth Option - Direct Plan,18-01-2018,58.05,quant Mutual Fund,Equity Scheme - Mid Cap Fund
120841,quant Mid Cap Fund - Growth Option - Direct Plan,17-01-2018,58.5782,quant Mutual Fund,Equity Scheme - Mid Cap Fund
120841,quant Mid Cap Fund - Growth Option - Direct Plan,16-01-2018,58.2543,quant Mutual Fund,Equity Scheme - Mid Cap Fund
120841,quant Mid Cap Fund - Growth Option - Direct Plan,15-01-2018,58.8635,quant Mutual Fund,Equity Scheme - Mid Cap Fund
120841,quant Mid Cap Fund - Growth Option - Direct Plan,12-01-2018,58.7709,quant Mutual Fund,Equity Scheme - Mid Cap Fund
120841,quant Mid Cap Fund - Growth Option - Direct Plan,11-01-2018,58.7766,quant Mutual Fund,Equity Scheme - Mid Cap Fund
120841,quant Mid Cap Fund - Growth Option - Direct Plan,10-01-2018,58.5513,quant Mutual Fund,Equity Scheme - Mid Cap Fund
120841,quant Mid Cap Fund - Growth Option - Direct Plan,09-01-2018,58.7338,quant Mutual Fund,Equity Scheme - Mid Cap Fund
120841,quant Mid Cap Fund - Growth Option - Direct Plan,08-01-2018,58.681,quant Mutual Fund,Equity Scheme - Mid Cap Fund
120841,quant Mid Cap Fund - Growth Option - Direct Plan,05-01-2018,58.2755,quant Mutual Fund,Equity Scheme - Mid Cap Fund
120841,quant Mid Cap Fund - Growth Option - Direct Plan,04-01-2018,57.94,quant Mutual Fund,Equity Scheme - Mid Cap Fund
120841,quant Mid Cap Fund - Growth Option - Direct Plan,03-01-2018,57.6914,quant Mutual Fund,Equity Scheme - Mid Cap Fund
120841,quant Mid Cap Fund - Growth Option - Direct Plan,02-01-2018,57.4445,quant Mutual Fund,Equity Scheme - Mid Cap Fund
120841,quant Mid Cap Fund - Growth Option - Direct Plan,01-01-2018,57.7566,quant Mutual Fund,Equity Scheme - Mid Cap Fund
120841,quant Mid Cap Fund - Growth Option - Direct Plan,29-12-2017,57.9319,quant Mutual Fund,Equity Scheme - Mid Cap Fund
120841,quant Mid Cap Fund - Growth Option - Direct Plan,28-12-2017,57.6014,quant Mutual Fund,Equity Scheme - Mid Cap Fund
120841,quant Mid Cap Fund - Growth Option - Direct Plan,27-12-2017,57.7682,quant Mutual Fund,Equity Scheme - Mid Cap Fund
120841,quant Mid Cap Fund - Growth Option - Direct Plan,26-12-2017,57.8488,quant Mutual Fund,Equity Scheme - Mid Cap Fund
120841,quant Mid Cap Fund - Growth Option - Direct Plan,22-12-2017,57.0013,quant Mutual Fund,Equity Scheme - Mid Cap Fund
120841,quant Mid Cap Fund - Growth Option - Direct Plan,21-12-2017,56.8026,quant Mutual Fund,Equity Scheme - Mid Cap Fund
120841,quant Mid Cap Fund - Growth Option - Direct Plan,20-12-2017,56.7039,quant Mutual Fund,Equity Scheme - Mid Cap Fund
120841,quant Mid Cap Fund - Growth Option - Direct Plan,19-12-2017,56.7498,quant Mutual Fund,Equity Scheme - Mid Cap Fund
120841,quant Mid Cap Fund - Growth Option - Direct Plan,18-12-2017,56.1235,quant Mutual Fund,Equity Scheme - Mid Cap Fund
120841,quant Mid Cap Fund - Growth Option - Direct Plan,15-12-2017,55.9759,quant Mutual Fund,Equity Scheme - Mid Cap Fund
120841,quant Mid Cap Fund - Growth Option - Direct Plan,14-12-2017,55.5811,quant Mutual Fund,Equity Scheme - Mid Cap Fund
120841,quant Mid Cap Fund - Growth Option - Direct Plan,13-12-2017,55.5746,quant Mutual Fund,Equity Scheme - Mid Cap Fund
120841,quant Mid Cap Fund - Growth Option - Direct Plan,12-12-2017,55.9491,quant Mutual Fund,Equity Scheme - Mid Cap Fund
120841,quant Mid Cap Fund - Growth Option - Direct Plan,11-12-2017,56.4358,quant Mutual Fund,Equity Scheme - Mid Cap Fund
120841,quant Mid Cap Fund - Growth Option - Direct Plan,08-12-2017,56.3363,quant Mutual Fund,Equity Scheme - Mid Cap Fund
120841,quant Mid Cap Fund - Growth Option - Direct Plan,07-12-2017,55.7391,quant Mutual Fund,Equity Scheme - Mid Cap Fund
120841,quant Mid Cap Fund - Growth Option - Direct Plan,06-12-2017,55.3205,quant Mutual Fund,Equity Scheme - Mid Cap Fund
120841,quant Mid Cap Fund - Growth Option - Direct Plan,05-12-2017,55.7219,quant Mutual Fund,Equity Scheme - Mid Cap Fund
120841,quant Mid Cap Fund - Growth Option - Direct Plan,04-12-2017,55.7399,quant Mutual Fund,Equity Scheme - Mid Cap Fund
120841,quant Mid Cap Fund - Growth Option - Direct Plan,01-12-2017,55.5939,quant Mutual Fund,Equity Scheme - Mid Cap Fund
120841,quant Mid Cap Fund - Growth Option - Direct Plan,30-11-2017,55.8123,quant Mutual Fund,Equity Scheme - Mid Cap Fund
120841,quant Mid Cap Fund - Growth Option - Direct Plan,29-11-2017,56.0999,quant Mutual Fund,Equity Scheme - Mid Cap Fund
120841,quant Mid Cap Fund - Growth Option - Direct Plan,28-11-2017,56.2772,quant Mutual Fund,Equity Scheme - Mid Cap Fund
120841,quant Mid Cap Fund - Growth Option - Direct Plan,27-11-2017,56.3592,quant Mutual Fund,Equity Scheme - Mid Cap Fund
120841,quant Mid Cap Fund - Growth Option - Direct Plan,24-11-2017,56.331,quant Mutual Fund,Equity Scheme - Mid Cap Fund
120841,quant Mid Cap Fund - Growth Option - Direct Plan,23-11-2017,56.0366,quant Mutual Fund,Equity Scheme - Mid Cap Fund
120841,quant Mid Cap Fund - Growth Option - Direct Plan,22-11-2017,55.7742,quant Mutual Fund,Equity Scheme - Mid Cap Fund
120841,quant Mid Cap Fund - Growth Option - Direct Plan,21-11-2017,55.3008,quant Mutual Fund,Equity Scheme - Mid Cap Fund
120841,quant Mid Cap Fund - Growth Option - Direct Plan,20-11-2017,55.0608,quant Mutual Fund,Equity Scheme - Mid Cap Fund
120841,quant Mid Cap Fund - Growth Option - Direct Plan,17-11-2017,54.8416,quant Mutual Fund,Equity Scheme - Mid Cap Fund
120841,quant Mid Cap Fund - Growth Option - Direct Plan,16-11-2017,54.5761,quant Mutual Fund,Equity Scheme - Mid Cap Fund
120841,quant Mid Cap Fund - Growth Option - Direct Plan,15-11-2017,54.4504,quant Mutual Fund,Equity Scheme - Mid Cap Fund
120841,quant Mid Cap Fund - Growth Option - Direct Plan,14-11-2017,54.98,quant Mutual Fund,Equity Scheme - Mid Cap Fund
120841,quant Mid Cap Fund - Growth Option - Direct Plan,13-11-2017,54.9131,quant Mutual Fund,Equity Scheme - Mid Cap Fund
120841,quant Mid Cap Fund - Growth Option - Direct Plan,10-11-2017,55.296,quant Mutual Fund,Equity Scheme - Mid Cap Fund
120841,quant Mid Cap Fund - Growth Option - Direct Plan,09-11-2017,55.5355,quant Mutual Fund,Equity Scheme - Mid Cap Fund
120841,quant Mid Cap Fund - Growth Option - Direct Plan,08-11-2017,55.3957,quant Mutual Fund,Equity Scheme - Mid Cap Fund
120841,quant Mid Cap Fund - Growth Option - Direct Plan,07-11-2017,55.8834,quant Mutual Fund,Equity Scheme - Mid Cap Fund
120841,quant Mid Cap Fund - Growth Option - Direct Plan,06-11-2017,56.4759,quant Mutual Fund,Equity Scheme - Mid Cap Fund
120841,quant Mid Cap Fund - Growth Option - Direct Plan,03-11-2017,56.0156,quant Mutual Fund,Equity Scheme - Mid Cap Fund
120841,quant Mid Cap Fund - Growth Option - Direct Plan,02-11-2017,55.6619,quant Mutual Fund,Equity Scheme - Mid Cap Fund
120841,quant Mid Cap Fund - Growth Option - Direct Plan,01-11-2017,55.5844,quant Mutual Fund,Equity Scheme - Mid Cap Fund
120841,quant Mid Cap Fund - Growth Option - Direct Plan,31-10-2017,55.1752,quant Mutual Fund,Equity Scheme - Mid Cap Fund
120841,quant Mid Cap Fund - Growth Option - Direct Plan,30-10-2017,54.8878,quant Mutual Fund,Equity Scheme - Mid Cap Fund
120841,quant Mid Cap Fund - Growth Option - Direct Plan,27-10-2017,54.5508,quant Mutual Fund,Equity Scheme - Mid Cap Fund
120841,quant Mid Cap Fund - Growth Option - Direct Plan,26-10-2017,54.3216,quant Mutual Fund,Equity Scheme - Mid Cap Fund
120841,quant Mid Cap Fund - Growth Option - Direct Plan,25-10-2017,54.1578,quant Mutual Fund,Equity Scheme - Mid Cap Fund
120841,quant Mid Cap Fund - Growth Option - Direct Plan,24-10-2017,54.1148,quant Mutual Fund,Equity Scheme - Mid Cap Fund
120841,quant Mid Cap Fund - Growth Option - Direct Plan,23-10-2017,53.8459,quant Mutual Fund,Equity Scheme - Mid Cap Fund
120841,quant Mid Cap Fund - Growth Option - Direct Plan,18-10-2017,53.9667,quant Mutual Fund,Equity Scheme - Mid Cap Fund
120841,quant Mid Cap Fund - Growth Option - Direct Plan,17-10-2017,54.074,quant Mutual Fund,Equity Scheme - Mid Cap Fund
120841,quant Mid Cap Fund - Growth Option - Direct Plan,16-10-2017,53.8567,quant Mutual Fund,Equity Scheme - Mid Cap Fund
120841,quant Mid Cap Fund - Growth Option - Direct Plan,13-10-2017,53.7015,quant Mutual Fund,Equity Scheme - Mid Cap Fund
120841,quant Mid Cap Fund - Growth Option - Direct Plan,12-10-2017,53.6773,quant Mutual Fund,Equity Scheme - Mid Cap Fund
120841,quant Mid Cap Fund - Growth Option - Direct Plan,11-10-2017,53.4235,quant Mutual Fund,Equity Scheme - Mid Cap Fund
120841,quant Mid Cap Fund - Growth Option - Direct Plan,10-10-2017,53.808,quant Mutual Fund,Equity Scheme - Mid Cap Fund
120841,quant Mid Cap Fund - Growth Option - Direct Plan,09-10-2017,53.7749,quant Mutual Fund,Equity Scheme - Mid Cap Fund
120841,quant Mid Cap Fund - Growth Option - Direct Plan,06-10-2017,53.6176,quant Mutual Fund,Equity Scheme - Mid Cap Fund
120841,quant Mid Cap Fund - Growth Option - Direct Plan,05-10-2017,53.1179,quant Mutual Fund,Equity Scheme - Mid Cap Fund
120841,quant Mid Cap Fund - Growth Option - Direct Plan,04-10-2017,52.9694,quant Mutual Fund,Equity Scheme - Mid Cap Fund
120841,quant Mid Cap Fund - Growth Option - Direct Plan,03-10-2017,52.7802,quant Mutual Fund,Equity Scheme - Mid Cap Fund
120841,quant Mid Cap Fund - Growth Option - Direct Plan,29-09-2017,52.3224,quant Mutual Fund,Equity Scheme - Mid Cap Fund
120841,quant Mid Cap Fund - Growth Option - Direct Plan,28-09-2017,52.1137,quant Mutual Fund,Equity Scheme - Mid Cap Fund
120841,quant Mid Cap Fund - Growth Option - Direct Plan,27-09-2017,51.8133,quant Mutual Fund,Equity Scheme - Mid Cap Fund
120841,quant Mid Cap Fund - Growth Option - Direct Plan,26-09-2017,52.2702,quant Mutual Fund,Equity Scheme - Mid Cap Fund
120841,quant Mid Cap Fund - Growth Option - Direct Plan,25-09-2017,52.0166,quant Mutual Fund,Equity Scheme - Mid Cap Fund
120841,quant Mid Cap Fund - Growth Option - Direct Plan,22-09-2017,52.3697,quant Mutual Fund,Equity Scheme - Mid Cap Fund
120841,quant Mid Cap Fund - Growth Option - Direct Plan,21-09-2017,53.5512,quant Mutual Fund,Equity Scheme - Mid Cap Fund
120841,quant Mid Cap Fund - Growth Option - Direct Plan,20-09-2017,53.7644,quant Mutual Fund,Equity Scheme - Mid Cap Fund
120841,quant Mid Cap Fund - Growth Option - Direct Plan,19-09-2017,53.9021,quant Mutual Fund,Equity Scheme - Mid Cap Fund
120841,quant Mid Cap Fund - Growth Option - Direct Plan,18-09-2017,53.6369,quant Mutual Fund,Equity Scheme - Mid Cap Fund
120841,quant Mid Cap Fund - Growth Option - Direct Plan,15-09-2017,53.4129,quant Mutual Fund,Equity Scheme - Mid Cap Fund
120841,quant Mid Cap Fund - Growth Option - Direct Plan,14-09-2017,53.3451,quant Mutual Fund,Equity Scheme - Mid Cap Fund
120841,quant Mid Cap Fund - Growth Option - Direct Plan,13-09-2017,53.2516,quant Mutual Fund,Equity Scheme - Mid Cap Fund
120841,quant Mid Cap Fund - Growth Option - Direct Plan,12-09-2017,53.64,quant Mutual Fund,Equity Scheme - Mid Cap Fund
120841,quant Mid Cap Fund - Growth Option - Direct Plan,11-09-2017,53.2675,quant Mutual Fund,Equity Scheme - Mid Cap Fund
120841,quant Mid Cap Fund - Growth Option - Direct Plan,08-09-2017,53.1353,quant Mutual Fund,Equity Scheme - Mid Cap Fund
120841,quant Mid Cap Fund - Growth Option - Direct Plan,07-09-2017,52.8514,quant Mutual Fund,Equity Scheme - Mid Cap Fund
120841,quant Mid Cap Fund - Growth Option - Direct Plan,06-09-2017,52.6738,quant Mutual Fund,Equity Scheme - Mid Cap Fund
120841,quant Mid Cap Fund - Growth Option - Direct Plan,05-09-2017,52.7452,quant Mutual Fund,Equity Scheme - Mid Cap Fund
120841,quant Mid Cap Fund - Growth Option - Direct Plan,04-09-2017,52.3124,quant Mutual Fund,Equity Scheme - Mid Cap Fund
120841,quant Mid Cap Fund - Growth Option - Direct Plan,01-09-2017,52.3986,quant Mutual Fund,Equity Scheme - Mid Cap Fund
120841,quant Mid Cap Fund - Growth Option - Direct Plan,31-08-2017,52.0016,quant Mutual Fund,Equity Scheme - Mid Cap Fund
120841,quant Mid Cap Fund - Growth Option - Direct Plan,30-08-2017,51.4854,quant Mutual Fund,Equity Scheme - Mid Cap Fund
120841,quant Mid Cap Fund - Growth Option - Direct Plan,29-08-2017,51.0848,quant Mutual Fund,Equity Scheme - Mid Cap Fund
120841,quant Mid Cap Fund - Growth Option - Direct Plan,28-08-2017,51.4359,quant Mutual Fund,Equity Scheme - Mid Cap Fund
120841,quant Mid Cap Fund - Growth Option - Direct Plan,24-08-2017,51.1357,quant Mutual Fund,Equity Scheme - Mid Cap Fund
120841,quant Mid Cap Fund - Growth Option - Direct Plan,23-08-2017,51.3041,quant Mutual Fund,Equity Scheme - Mid Cap Fund
120841,quant Mid Cap Fund - Growth Option - Direct Plan,22-08-2017,51.0667,quant Mutual Fund,Equity Scheme - Mid Cap Fund
120841,quant Mid Cap Fund - Growth Option - Direct Plan,21-08-2017,51.1516,quant Mutual Fund,Equity Scheme - Mid Cap Fund
120841,quant Mid Cap Fund - Growth Option - Direct Plan,18-08-2017,51.3925,quant Mutual Fund,Equity Scheme - Mid Cap Fund
120841,quant Mid Cap Fund - Growth Option - Direct Plan,17-08-2017,51.4468,quant Mutual Fund,Equity Scheme - Mid Cap Fund
120841,quant Mid Cap Fund - Growth Option - Direct Plan,16-08-2017,51.4469,quant Mutual Fund,Equity Scheme - Mid Cap Fund
120841,quant Mid Cap Fund - Growth Option - Direct Plan,14-08-2017,51.0124,quant Mutual Fund,Equity Scheme - Mid Cap Fund
120841,quant Mid Cap Fund - Growth Option - Direct Plan,11-08-2017,50.7161,quant Mutual Fund,Equity Scheme - Mid Cap Fund
120841,quant Mid Cap Fund - Growth Option - Direct Plan,10-08-2017,50.8384,quant Mutual Fund,Equity Scheme - Mid Cap Fund
120841,quant Mid Cap Fund - Growth Option - Direct Plan,09-08-2017,51.5566,quant Mutual Fund,Equity Scheme - Mid Cap Fund
120841,quant Mid Cap Fund - Growth Option - Direct Plan,08-08-2017,51.8675,quant Mutual Fund,Equity Scheme - Mid Cap Fund
120841,quant Mid Cap Fund - Growth Option - Direct Plan,07-08-2017,51.999,quant Mutual Fund,Equity Scheme - Mid Cap Fund
120841,quant Mid Cap Fund - Growth Option - Direct Plan,04-08-2017,51.8016,quant Mutual Fund,Equity Scheme - Mid Cap Fund
120841,quant Mid Cap Fund - Growth Option - Direct Plan,03-08-2017,51.5464,quant Mutual Fund,Equity Scheme - Mid Cap Fund
120841,quant Mid Cap Fund - Growth Option - Direct Plan,02-08-2017,51.6228,quant Mutual Fund,Equity Scheme - Mid Cap Fund
120841,quant Mid Cap Fund - Growth Option - Direct Plan,01-08-2017,51.5924,quant Mutual Fund,Equity Scheme - Mid Cap Fund
120841,quant Mid Cap Fund - Growth Option - Direct Plan,31-07-2017,51.594,quant Mutual Fund,Equity Scheme - Mid Cap Fund
120841,quant Mid Cap Fund - Growth Option - Direct Plan,28-07-2017,51.6688,quant Mutual Fund,Equity Scheme - Mid Cap Fund
120841,quant Mid Cap Fund - Growth Option - Direct Plan,27-07-2017,51.6326,quant Mutual Fund,Equity Scheme - Mid Cap Fund
120841,quant Mid Cap Fund - Growth Option - Direct Plan,26-07-2017,51.7039,quant Mutual Fund,Equity Scheme - Mid Cap Fund
120841,quant Mid Cap Fund - Growth Option - Direct Plan,25-07-2017,51.6699,quant Mutual Fund,Equity Scheme - Mid Cap Fund
120841,quant Mid Cap Fund - Growth Option - Direct Plan,24-07-2017,51.5258,quant Mutual Fund,Equity Scheme - Mid Cap Fund
120841,quant Mid Cap Fund - Growth Option - Direct Plan,21-07-2017,51.6779,quant Mutual Fund,Equity Scheme - Mid Cap Fund
120841,quant Mid Cap Fund - Growth Option - Direct Plan,20-07-2017,51.6241,quant Mutual Fund,Equity Scheme - Mid Cap Fund
120841,quant Mid Cap Fund - Growth Option - Direct Plan,19-07-2017,51.7677,quant Mutual Fund,Equity Scheme - Mid Cap Fund
120841,quant Mid Cap Fund - Growth Option - Direct Plan,18-07-2017,51.5988,quant Mutual Fund,Equity Scheme - Mid Cap Fund
120841,quant Mid Cap Fund - Growth Option - Direct Plan,17-07-2017,52.1358,quant Mutual Fund,Equity Scheme - Mid Cap Fund
120841,quant Mid Cap Fund - Growth Option - Direct Plan,14-07-2017,51.9899,quant Mutual Fund,Equity Scheme - Mid Cap Fund
120841,quant Mid Cap Fund - Growth Option - Direct Plan,13-07-2017,52.1989,quant Mutual Fund,Equity Scheme - Mid Cap Fund
120841,quant Mid Cap Fund - Growth Option - Direct Plan,12-07-2017,51.7894,quant Mutual Fund,Equity Scheme - Mid Cap Fund
120841,quant Mid Cap Fund - Growth Option - Direct Plan,11-07-2017,51.6444,quant Mutual Fund,Equity Scheme - Mid Cap Fund
120841,quant Mid Cap Fund - Growth Option - Direct Plan,10-07-2017,51.7595,quant Mutual Fund,Equity Scheme - Mid Cap Fund
120841,quant Mid Cap Fund - Growth Option - Direct Plan,07-07-2017,51.6244,quant Mutual Fund,Equity Scheme - Mid Cap Fund
120841,quant Mid Cap Fund - Growth Option - Direct Plan,06-07-2017,51.78,quant Mutual Fund,Equity Scheme - Mid Cap Fund
120841,quant Mid Cap Fund - Growth Option - Direct Plan,05-07-2017,51.6977,quant Mutual Fund,Equity Scheme - Mid Cap Fund
120841,quant Mid Cap Fund - Growth Option - Direct Plan,04-07-2017,51.4155,quant Mutual Fund,Equity Scheme - Mid Cap Fund
120841,quant Mid Cap Fund - Growth Option - Direct Plan,03-07-2017,51.4957,quant Mutual Fund,Equity Scheme - Mid Cap Fund
120841,quant Mid Cap Fund - Growth Option - Direct Plan,30-06-2017,51.0428,quant Mutual Fund,Equity Scheme - Mid Cap Fund
120841,quant Mid Cap Fund - Growth Option - Direct Plan,29-06-2017,50.6024,quant Mutual Fund,Equity Scheme - Mid Cap Fund
120841,quant Mid Cap Fund - Growth Option - Direct Plan,28-06-2017,50.2621,quant Mutual Fund,Equity Scheme - Mid Cap Fund
120841,quant Mid Cap Fund - Growth Option - Direct Plan,27-06-2017,50.1662,quant Mutual Fund,Equity Scheme - Mid Cap Fund
120841,quant Mid Cap Fund - Growth Option - Direct Plan,23-06-2017,50.634,quant Mutual Fund,Equity Scheme - Mid Cap Fund
120841,quant Mid Cap Fund - Growth Option - Direct Plan,22-06-2017,51.0105,quant Mutual Fund,Equity Scheme - Mid Cap Fund
120841,quant Mid Cap Fund - Growth Option - Direct Plan,21-06-2017,51.1627,quant Mutual Fund,Equity Scheme - Mid Cap Fund
120841,quant Mid Cap Fund - Growth Option - Direct Plan,20-06-2017,51.3325,quant Mutual Fund,Equity Scheme - Mid Cap Fund
120841,quant Mid Cap Fund - Growth Option - Direct Plan,19-06-2017,51.0377,quant Mutual Fund,Equity Scheme - Mid Cap Fund
120841,quant Mid Cap Fund - Growth Option - Direct Plan,16-06-2017,50.8527,quant Mutual Fund,Equity Scheme - Mid Cap Fund
120841,quant Mid Cap Fund - Growth Option - Direct Plan,15-06-2017,50.7915,quant Mutual Fund,Equity Scheme - Mid Cap Fund
120841,quant Mid Cap Fund - Growth Option - Direct Plan,14-06-2017,50.6685,quant Mutual Fund,Equity Scheme - Mid Cap Fund
120841,quant Mid Cap Fund - Growth Option - Direct Plan,13-06-2017,50.7351,quant Mutual Fund,Equity Scheme - Mid Cap Fund
120841,quant Mid Cap Fund - Growth Option - Direct Plan,12-06-2017,50.8526,quant Mutual Fund,Equity Scheme - Mid Cap Fund
120841,quant Mid Cap Fund - Growth Option - Direct Plan,09-06-2017,50.9633,quant Mutual Fund,Equity Scheme - Mid Cap Fund
120841,quant Mid Cap Fund - Growth Option - Direct Plan,08-06-2017,50.9098,quant Mutual Fund,Equity Scheme - Mid Cap Fund
120841,quant Mid Cap Fund - Growth Option - Direct Plan,07-06-2017,50.9278,quant Mutual Fund,Equity Scheme - Mid Cap Fund
120841,quant Mid Cap Fund - Growth Option - Direct Plan,06-06-2017,50.9186,quant Mutual Fund,Equity Scheme - Mid Cap Fund
120841,quant Mid Cap Fund - Growth Option - Direct Plan,05-06-2017,51.1389,quant Mutual Fund,Equity Scheme - Mid Cap Fund
120841,quant Mid Cap Fund - Growth Option - Direct Plan,02-06-2017,50.8137,quant Mutual Fund,Equity Scheme - Mid Cap Fund
120841,quant Mid Cap Fund - Growth Option - Direct Plan,01-06-2017,50.5691,quant Mutual Fund,Equity Scheme - Mid Cap Fund
120841,quant Mid Cap Fund - Growth Option - Direct Plan,31-05-2017,50.086,quant Mutual Fund,Equity Scheme - Mid Cap Fund
120841,quant Mid Cap Fund - Growth Option - Direct Plan,30-05-2017,49.9086,quant Mutual Fund,Equity Scheme - Mid Cap Fund
120841,quant Mid Cap Fund - Growth Option - Direct Plan,29-05-2017,49.9694,quant Mutual Fund,Equity Scheme - Mid Cap Fund
120841,quant Mid Cap Fund - Growth Option - Direct Plan,26-05-2017,50.1525,quant Mutual Fund,Equity Scheme - Mid Cap Fund
120841,quant Mid Cap Fund - Growth Option - Direct Plan,25-05-2017,49.8005,quant Mutual Fund,Equity Scheme - Mid Cap Fund
120841,quant Mid Cap Fund - Growth Option - Direct Plan,24-05-2017,49.1609,quant Mutual Fund,Equity Scheme - Mid Cap Fund
120841,quant Mid Cap Fund - Growth Option - Direct Plan,23-05-2017,49.3919,quant Mutual Fund,Equity Scheme - Mid Cap Fund
120841,quant Mid Cap Fund - Growth Option - Direct Plan,22-05-2017,49.9904,quant Mutual Fund,Equity Scheme - Mid Cap Fund
120841,quant Mid Cap Fund - Growth Option - Direct Plan,19-05-2017,50.0984,quant Mutual Fund,Equity Scheme - Mid Cap Fund
120841,quant Mid Cap Fund - Growth Option - Direct Plan,18-05-2017,50.2709,quant Mutual Fund,Equity Scheme - Mid Cap Fund
120841,quant Mid Cap Fund - Growth Option - Direct Plan,17-05-2017,50.7513,quant Mutual Fund,Equity Scheme - Mid Cap Fund
120841,quant Mid Cap Fund - Growth Option - Direct Plan,16-05-2017,50.8546,quant Mutual Fund,Equity Scheme - Mid Cap Fund
120841,quant Mid Cap Fund - Growth Option - Direct Plan,15-05-2017,50.6543,quant Mutual Fund,Equity Scheme - Mid Cap Fund
120841,quant Mid Cap Fund - Growth Option - Direct Plan,12-05-2017,50.2195,quant Mutual Fund,Equity Scheme - Mid Cap Fund
120841,quant Mid Cap Fund - Growth Option - Direct Plan,11-05-2017,50.3709,quant Mutual Fund,Equity Scheme - Mid Cap Fund
120841,quant Mid Cap Fund - Growth Option - Direct Plan,10-05-2017,50.3488,quant Mutual Fund,Equity Scheme - Mid Cap Fund
120841,quant Mid Cap Fund - Growth Option - Direct Plan,09-05-2017,50.185,quant Mutual Fund,Equity Scheme - Mid Cap Fund
120841,quant Mid Cap Fund - Growth Option - Direct Plan,08-05-2017,49.9032,quant Mutual Fund,Equity Scheme - Mid Cap Fund
120841,quant Mid Cap Fund - Growth Option - Direct Plan,05-05-2017,49.5022,quant Mutual Fund,Equity Scheme - Mid Cap Fund
120841,quant Mid Cap Fund - Growth Option - Direct Plan,04-05-2017,49.5693,quant Mutual Fund,Equity Scheme - Mid Cap Fund
120841,quant Mid Cap Fund - Growth Option - Direct Plan,03-05-2017,49.208,quant Mutual Fund,Equity Scheme - Mid Cap Fund
120841,quant Mid Cap Fund - Growth Option - Direct Plan,02-05-2017,49.2748,quant Mutual Fund,Equity Scheme - Mid Cap Fund
120841,quant Mid Cap Fund - Growth Option - Direct Plan,28-04-2017,49.2122,quant Mutual Fund,Equity Scheme - Mid Cap Fund
120841,quant Mid Cap Fund - Growth Option - Direct Plan,27-04-2017,49.3447,quant Mutual Fund,Equity Scheme - Mid Cap Fund
120841,quant Mid Cap Fund - Growth Option - Direct Plan,26-04-2017,49.3174,quant Mutual Fund,Equity Scheme - Mid Cap Fund
120841,quant Mid Cap Fund - Growth Option - Direct Plan,25-04-2017,49.4499,quant Mutual Fund,Equity Scheme - Mid Cap Fund
120841,quant Mid Cap Fund - Growth Option - Direct Plan,24-04-2017,49.0819,quant Mutual Fund,Equity Scheme - Mid Cap Fund
120841,quant Mid Cap Fund - Growth Option - Direct Plan,21-04-2017,48.7205,quant Mutual Fund,Equity Scheme - Mid Cap Fund
120841,quant Mid Cap Fund - Growth Option - Direct Plan,20-04-2017,48.8744,quant Mutual Fund,Equity Scheme - Mid Cap Fund
120841,quant Mid Cap Fund - Growth Option - Direct Plan,19-04-2017,48.7705,quant Mutual Fund,Equity Scheme - Mid Cap Fund
120841,quant Mid Cap Fund - Growth Option - Direct Plan,18-04-2017,48.5394,quant Mutual Fund,Equity Scheme - Mid Cap Fund
120841,quant Mid Cap Fund - Growth Option - Direct Plan,17-04-2017,48.8076,quant Mutual Fund,Equity Scheme - Mid Cap Fund
120841,quant Mid Cap Fund - Growth Option - Direct Plan,13-04-2017,48.7427,quant Mutual Fund,Equity Scheme - Mid Cap Fund
120841,quant Mid Cap Fund - Growth Option - Direct Plan,12-04-2017,48.8076,quant Mutual Fund,Equity Scheme - Mid Cap Fund
120841,quant Mid Cap Fund - Growth Option - Direct Plan,11-04-2017,48.9793,quant Mutual Fund,Equity Scheme - Mid Cap Fund
120841,quant Mid Cap Fund - Growth Option - Direct Plan,10-04-2017,48.7858,quant Mutual Fund,Equity Scheme - Mid Cap Fund
120841,quant Mid Cap Fund - Growth Option - Direct Plan,07-04-2017,48.6746,quant Mutual Fund,Equity Scheme - Mid Cap Fund
120841,quant Mid Cap Fund - Growth Option - Direct Plan,06-04-2017,48.8463,quant Mutual Fund,Equity Scheme - Mid Cap Fund
120841,quant Mid Cap Fund - Growth Option - Direct Plan,05-04-2017,48.8466,quant Mutual Fund,Equity Scheme - Mid Cap Fund
120841,quant Mid Cap Fund - Growth Option - Direct Plan,03-04-2017,48.6439,quant Mutual Fund,Equity Scheme - Mid Cap Fund
120841,quant Mid Cap Fund - Growth Option - Direct Plan,31-03-2017,48.4738,quant Mutual Fund,Equity Scheme - Mid Cap Fund
120841,quant Mid Cap Fund - Growth Option - Direct Plan,30-03-2017,48.4946,quant Mutual Fund,Equity Scheme - Mid Cap Fund
120841,quant Mid Cap Fund - Growth Option - Direct Plan,29-03-2017,48.1492,quant Mutual Fund,Equity Scheme - Mid Cap Fund
120841,quant Mid Cap Fund - Growth Option - Direct Plan,28-03-2017,48.2353,quant Mutual Fund,Equity Scheme - Mid Cap Fund
120841,quant Mid Cap Fund - Growth Option - Direct Plan,27-03-2017,48.0176,quant Mutual Fund,Equity Scheme - Mid Cap Fund
120841,quant Mid Cap Fund - Growth Option - Direct Plan,24-03-2017,47.974,quant Mutual Fund,Equity Scheme - Mid Cap Fund
120841,quant Mid Cap Fund - Growth Option - Direct Plan,23-03-2017,47.9662,quant Mutual Fund,Equity Scheme - Mid Cap Fund
120841,quant Mid Cap Fund - Growth Option - Direct Plan,22-03-2017,47.7387,quant Mutual Fund,Equity Scheme - Mid Cap Fund
120841,quant Mid Cap Fund - Growth Option - Direct Plan,21-03-2017,48.0443,quant Mutual Fund,Equity Scheme - Mid Cap Fund
120841,quant Mid Cap Fund - Growth Option - Direct Plan,20-03-2017,48.1478,quant Mutual Fund,Equity Scheme - Mid Cap Fund
120841,quant Mid Cap Fund - Growth Option - Direct Plan,17-03-2017,47.9569,quant Mutual Fund,Equity Scheme - Mid Cap Fund
120841,quant Mid Cap Fund - Growth Option - Direct Plan,16-03-2017,47.8785,quant Mutual Fund,Equity Scheme - Mid Cap Fund
120841,quant Mid Cap Fund - Growth Option - Direct Plan,15-03-2017,47.6148,quant Mutual Fund,Equity Scheme - Mid Cap Fund
120841,quant Mid Cap Fund - Growth Option - Direct Plan,14-03-2017,47.5888,quant Mutual Fund,Equity Scheme - Mid Cap Fund
120841,quant Mid Cap Fund - Growth Option - Direct Plan,10-03-2017,47.2595,quant Mutual Fund,Equity Scheme - Mid Cap Fund
120841,quant Mid Cap Fund - Growth Option - Direct Plan,09-03-2017,47.3759,quant Mutual Fund,Equity Scheme - Mid Cap Fund
120841,quant Mid Cap Fund - Growth Option - Direct Plan,08-03-2017,47.4553,quant Mutual Fund,Equity Scheme - Mid Cap Fund
120841,quant Mid Cap Fund - Growth Option - Direct Plan,07-03-2017,47.5058,quant Mutual Fund,Equity Scheme - Mid Cap Fund
120841,quant Mid Cap Fund - Growth Option - Direct Plan,06-03-2017,47.3499,quant Mutual Fund,Equity Scheme - Mid Cap Fund
120841,quant Mid Cap Fund - Growth Option - Direct Plan,03-03-2017,47.2031,quant Mutual Fund,Equity Scheme - Mid Cap Fund
120841,quant Mid Cap Fund - Growth Option - Direct Plan,02-03-2017,46.725,quant Mutual Fund,Equity Scheme - Mid Cap Fund
120841,quant Mid Cap Fund - Growth Option - Direct Plan,01-03-2017,47.0151,quant Mutual Fund,Equity Scheme - Mid Cap Fund
120841,quant Mid Cap Fund - Growth Option - Direct Plan,28-02-2017,46.6798,quant Mutual Fund,Equity Scheme - Mid Cap Fund
120841,quant Mid Cap Fund - Growth Option - Direct Plan,27-02-2017,46.8116,quant Mutual Fund,Equity Scheme - Mid Cap Fund
120841,quant Mid Cap Fund - Growth Option - Direct Plan,23-02-2017,46.8451,quant Mutual Fund,Equity Scheme - Mid Cap Fund
120841,quant Mid Cap Fund - Growth Option - Direct Plan,22-02-2017,46.7794,quant Mutual Fund,Equity Scheme - Mid Cap Fund
120841,quant Mid Cap Fund - Growth Option - Direct Plan,21-02-2017,46.8724,quant Mutual Fund,Equity Scheme - Mid Cap Fund
120841,quant Mid Cap Fund - Growth Option - Direct Plan,20-02-2017,46.7,quant Mutual Fund,Equity Scheme - Mid Cap Fund
120841,quant Mid Cap Fund - Growth Option - Direct Plan,17-02-2017,46.5361,quant Mutual Fund,Equity Scheme - Mid Cap Fund
120841,quant Mid Cap Fund - Growth Option - Direct Plan,16-02-2017,46.3536,quant Mutual Fund,Equity Scheme - Mid Cap Fund
120841,quant Mid Cap Fund - Growth Option - Direct Plan,15-02-2017,45.9069,quant Mutual Fund,Equity Scheme - Mid Cap Fund
120841,quant Mid Cap Fund - Growth Option - Direct Plan,14-02-2017,46.1923,quant Mutual Fund,Equity Scheme - Mid Cap Fund
120841,quant Mid Cap Fund - Growth Option - Direct Plan,13-02-2017,46.2084,quant Mutual Fund,Equity Scheme - Mid Cap Fund
120841,quant Mid Cap Fund - Growth Option - Direct Plan,10-02-2017,46.1021,quant Mutual Fund,Equity Scheme - Mid Cap Fund
120841,quant Mid Cap Fund - Growth Option - Direct Plan,09-02-2017,46.1113,quant Mutual Fund,Equity Scheme - Mid Cap Fund
120841,quant Mid Cap Fund - Growth Option - Direct Plan,08-02-2017,46.1045,quant Mutual Fund,Equity Scheme - Mid Cap Fund
120841,quant Mid Cap Fund - Growth Option - Direct Plan,07-02-2017,46.1615,quant Mutual Fund,Equity Scheme - Mid Cap Fund
120841,quant Mid Cap Fund - Growth Option - Direct Plan,06-02-2017,46.4307,quant Mutual Fund,Equity Scheme - Mid Cap Fund
120841,quant Mid Cap Fund - Growth Option - Direct Plan,03-02-2017,46.0294,quant Mutual Fund,Equity Scheme - Mid Cap Fund
120841,quant Mid Cap Fund - Growth Option - Direct Plan,02-02-2017,46.135,quant Mutual Fund,Equity Scheme - Mid Cap Fund
120841,quant Mid Cap Fund - Growth Option - Direct Plan,01-02-2017,45.6344,quant Mutual Fund,Equity Scheme - Mid Cap Fund
120841,quant Mid Cap Fund - Growth Option - Direct Plan,31-01-2017,45.3401,quant Mutual Fund,Equity Scheme - Mid Cap Fund
120841,quant Mid Cap Fund - Growth Option - Direct Plan,30-01-2017,45.6634,quant Mutual Fund,Equity Scheme - Mid Cap Fund
120841,quant Mid Cap Fund - Growth Option - Direct Plan,27-01-2017,45.3839,quant Mutual Fund,Equity Scheme - Mid Cap Fund
120841,quant Mid Cap Fund - Growth Option - Direct Plan,25-01-2017,44.9529,quant Mutual Fund,Equity Scheme - Mid Cap Fund
120841,quant Mid Cap Fund - Growth Option - Direct Plan,24-01-2017,44.7528,quant Mutual Fund,Equity Scheme - Mid Cap Fund
120841,quant Mid Cap Fund - Growth Option - Direct Plan,23-01-2017,44.5136,quant Mutual Fund,Equity Scheme - Mid Cap Fund
120841,quant Mid Cap Fund - Growth Option - Direct Plan,20-01-2017,44.4805,quant Mutual Fund,Equity Scheme - Mid Cap Fund
120841,quant Mid Cap Fund - Growth Option - Direct Plan,19-01-2017,44.8812,quant Mutual Fund,Equity Scheme - Mid Cap Fund
120841,quant Mid Cap Fund - Growth Option - Direct Plan,18-01-2017,44.8719,quant Mutual Fund,Equity Scheme - Mid Cap Fund
120841,quant Mid Cap Fund - Growth Option - Direct Plan,17-01-2017,44.8612,quant Mutual Fund,Equity Scheme - Mid Cap Fund
120841,quant Mid Cap Fund - Growth Option - Direct Plan,16-01-2017,44.8403,quant Mutual Fund,Equity Scheme - Mid Cap Fund
120841,quant Mid Cap Fund - Growth Option - Direct Plan,13-01-2017,44.9041,quant Mutual Fund,Equity Scheme - Mid Cap Fund
120841,quant Mid Cap Fund - Growth Option - Direct Plan,12-01-2017,44.7539,quant Mutual Fund,Equity Scheme - Mid Cap Fund
120841,quant Mid Cap Fund - Growth Option - Direct Plan,11-01-2017,44.7656,quant Mutual Fund,Equity Scheme - Mid Cap Fund
120841,quant Mid Cap Fund - Growth Option - Direct Plan,10-01-2017,44.604,quant Mutual Fund,Equity Scheme - Mid Cap Fund
120841,quant Mid Cap Fund - Growth Option - Direct Plan,09-01-2017,44.6436,quant Mutual Fund,Equity Scheme - Mid Cap Fund
120841,quant Mid Cap Fund - Growth Option - Direct Plan,06-01-2017,44.6518,quant Mutual Fund,Equity Scheme - Mid Cap Fund
120841,quant Mid Cap Fund - Growth Option - Direct Plan,05-01-2017,44.893,quant Mutual Fund,Equity Scheme - Mid Cap Fund
120841,quant Mid Cap Fund - Growth Option - Direct Plan,04-01-2017,44.5042,quant Mutual Fund,Equity Scheme - Mid Cap Fund
120841,quant Mid Cap Fund - Growth Option - Direct Plan,03-01-2017,44.4973,quant Mutual Fund,Equity Scheme - Mid Cap Fund
120841,quant Mid Cap Fund - Growth Option - Direct Plan,02-01-2017,44.2947,quant Mutual Fund,Equity Scheme - Mid Cap Fund
120841,quant Mid Cap Fund - Growth Option - Direct Plan,30-12-2016,44.2716,quant Mutual Fund,Equity Scheme - Mid Cap Fund
120841,quant Mid Cap Fund - Growth Option - Direct Plan,29-12-2016,43.8966,quant Mutual Fund,Equity Scheme - Mid Cap Fund
120841,quant Mid Cap Fund - Growth Option - Direct Plan,28-12-2016,43.6725,quant Mutual Fund,Equity Scheme - Mid Cap Fund
120841,quant Mid Cap Fund - Growth Option - Direct Plan,27-12-2016,43.5595,quant Mutual Fund,Equity Scheme - Mid Cap Fund
120841,quant Mid Cap Fund - Growth Option - Direct Plan,26-12-2016,43.3163,quant Mutual Fund,Equity Scheme - Mid Cap Fund
120841,quant Mid Cap Fund - Growth Option - Direct Plan,23-12-2016,43.6648,quant Mutual Fund,Equity Scheme - Mid Cap Fund
120841,quant Mid Cap Fund - Growth Option - Direct Plan,22-12-2016,43.7165,quant Mutual Fund,Equity Scheme - Mid Cap Fund
120841,quant Mid Cap Fund - Growth Option - Direct Plan,21-12-2016,44.0413,quant Mutual Fund,Equity Scheme - Mid Cap Fund
120841,quant Mid Cap Fund - Growth Option - Direct Plan,20-12-2016,44.2162,quant Mutual Fund,Equity Scheme - Mid Cap Fund
120841,quant Mid Cap Fund - Growth Option - Direct Plan,19-12-2016,44.5271,quant Mutual Fund,Equity Scheme - Mid Cap Fund
120841,quant Mid Cap Fund - Growth Option - Direct Plan,16-12-2016,44.7426,quant Mutual Fund,Equity Scheme - Mid Cap Fund
120841,quant Mid Cap Fund - Growth Option - Direct Plan,15-12-2016,44.6701,quant Mutual Fund,Equity Scheme - Mid Cap Fund
120841,quant Mid Cap Fund - Growth Option - Direct Plan,14-12-2016,44.7197,quant Mutual Fund,Equity Scheme - Mid Cap Fund
120841,quant Mid Cap Fund - Growth Option - Direct Plan,13-12-2016,44.9278,quant Mutual Fund,Equity Scheme - Mid Cap Fund
120841,quant Mid Cap Fund - Growth Option - Direct Plan,12-12-2016,44.7589,quant Mutual Fund,Equity Scheme - Mid Cap Fund
120841,quant Mid Cap Fund - Growth Option - Direct Plan,09-12-2016,44.9309,quant Mutual Fund,Equity Scheme - Mid Cap Fund
120841,quant Mid Cap Fund - Growth Option - Direct Plan,08-12-2016,44.7777,quant Mutual Fund,Equity Scheme - Mid Cap Fund
120841,quant Mid Cap Fund - Growth Option - Direct Plan,07-12-2016,44.2018,quant Mutual Fund,Equity Scheme - Mid Cap Fund
120841,quant Mid Cap Fund - Growth Option - Direct Plan,06-12-2016,44.4492,quant Mutual Fund,Equity Scheme - Mid Cap Fund
120841,quant Mid Cap Fund - Growth Option - Direct Plan,05-12-2016,44.4293,quant Mutual Fund,Equity Scheme - Mid Cap Fund
120841,quant Mid Cap Fund - Growth Option - Direct Plan,02-12-2016,44.3674,quant Mutual Fund,Equity Scheme - Mid Cap Fund
120841,quant Mid Cap Fund - Growth Option - Direct Plan,01-12-2016,44.6774,quant Mutual Fund,Equity Scheme - Mid Cap Fund
120841,quant Mid Cap Fund - Growth Option - Direct Plan,30-11-2016,44.7168,quant Mutual Fund,Equity Scheme - Mid Cap Fund
120841,quant Mid Cap Fund - Growth Option - Direct Plan,29-11-2016,44.6202,quant Mutual Fund,Equity Scheme - Mid Cap Fund
120841,quant Mid Cap Fund - Growth Option - Direct Plan,28-11-2016,44.7225,quant Mutual Fund,Equity Scheme - Mid Cap Fund
120841,quant Mid Cap Fund - Growth Option - Direct Plan,25-11-2016,44.774,quant Mutual Fund,Equity Scheme - Mid Cap Fund
120841,quant Mid Cap Fund - Growth Option - Direct Plan,24-11-2016,44.3228,quant Mutual Fund,Equity Scheme - Mid Cap Fund
120841,quant Mid Cap Fund - Growth Option - Direct Plan,23-11-2016,44.318,quant Mutual Fund,Equity Scheme - Mid Cap Fund
120841,quant Mid Cap Fund - Growth Option - Direct Plan,22-11-2016,44.0172,quant Mutual Fund,Equity Scheme - Mid Cap Fund
120841,quant Mid Cap Fund - Growth Option - Direct Plan,21-11-2016,43.8571,quant Mutual Fund,Equity Scheme - Mid Cap Fund
120841,quant Mid Cap Fund - Growth Option - Direct Plan,18-11-2016,44.4224,quant Mutual Fund,Equity Scheme - Mid Cap Fund
120841,quant Mid Cap Fund - Growth Option - Direct Plan,17-11-2016,44.2919,quant Mutual Fund,Equity Scheme - Mid Cap Fund
120841,quant Mid Cap Fund - Growth Option - Direct Plan,16-11-2016,44.2087,quant Mutual Fund,Equity Scheme - Mid Cap Fund
120841,quant Mid Cap Fund - Growth Option - Direct Plan,15-11-2016,44.2038,quant Mutual Fund,Equity Scheme - Mid Cap Fund
120841,quant Mid Cap Fund - Growth Option - Direct Plan,11-11-2016,45.2801,quant Mutual Fund,Equity Scheme - Mid Cap Fund
120841,quant Mid Cap Fund - Growth Option - Direct Plan,10-11-2016,45.8432,quant Mutual Fund,Equity Scheme - Mid Cap Fund
120841,quant Mid Cap Fund - Growth Option - Direct Plan,09-11-2016,45.4669,quant Mutual Fund,Equity Scheme - Mid Cap Fund
120841,quant Mid Cap Fund - Growth Option - Direct Plan,08-11-2016,45.8786,quant Mutual Fund,Equity Scheme - Mid Cap Fund
120841,quant Mid Cap Fund - Growth Option - Direct Plan,07-11-2016,45.9982,quant Mutual Fund,Equity Scheme - Mid Cap Fund
120841,quant Mid Cap Fund - Growth Option - Direct Plan,04-11-2016,45.583,quant Mutual Fund,Equity Scheme - Mid Cap Fund
120841,quant Mid Cap Fund - Growth Option - Direct Plan,03-11-2016,46.1553,quant Mutual Fund,Equity Scheme - Mid Cap Fund
120841,quant Mid Cap Fund - Growth Option - Direct Plan,02-11-2016,46.4307,quant Mutual Fund,Equity Scheme - Mid Cap Fund
120841,quant Mid Cap Fund - Growth Option - Direct Plan,01-11-2016,46.714,quant Mutual Fund,Equity Scheme - Mid Cap Fund
120841,quant Mid Cap Fund - Growth Option - Direct Plan,28-10-2016,46.6386,quant Mutual Fund,Equity Scheme - Mid Cap Fund
120841,quant Mid Cap Fund - Growth Option - Direct Plan,27-10-2016,46.581,quant Mutual Fund,Equity Scheme - Mid Cap Fund
120841,quant Mid Cap Fund - Growth Option - Direct Plan,26-10-2016,46.6357,quant Mutual Fund,Equity Scheme - Mid Cap Fund
120841,quant Mid Cap Fund - Growth Option - Direct Plan,25-10-2016,47.111,quant Mutual Fund,Equity Scheme - Mid Cap Fund
120841,quant Mid Cap Fund - Growth Option - Direct Plan,24-10-2016,46.9967,quant Mutual Fund,Equity Scheme - Mid Cap Fund
120841,quant Mid Cap Fund - Growth Option - Direct Plan,21-10-2016,46.8826,quant Mutual Fund,Equity Scheme - Mid Cap Fund
120841,quant Mid Cap Fund - Growth Option - Direct Plan,20-10-2016,47.1875,quant Mutual Fund,Equity Scheme - Mid Cap Fund
120841,quant Mid Cap Fund - Growth Option - Direct Plan,19-10-2016,47.0649,quant Mutual Fund,Equity Scheme - Mid Cap Fund
120841,quant Mid Cap Fund - Growth Option - Direct Plan,18-10-2016,46.9436,quant Mutual Fund,Equity Scheme - Mid Cap Fund
120841,quant Mid Cap Fund - Growth Option - Direct Plan,17-10-2016,46.4484,quant Mutual Fund,Equity Scheme - Mid Cap Fund
120841,quant Mid Cap Fund - Growth Option - Direct Plan,14-10-2016,46.1983,quant Mutual Fund,Equity Scheme - Mid Cap Fund
120841,quant Mid Cap Fund - Growth Option - Direct Plan,13-10-2016,45.9896,quant Mutual Fund,Equity Scheme - Mid Cap Fund
120841,quant Mid Cap Fund - Growth Option - Direct Plan,10-10-2016,46.6929,quant Mutual Fund,Equity Scheme - Mid Cap Fund
120841,quant Mid Cap Fund - Growth Option - Direct Plan,07-10-2016,46.4383,quant Mutual Fund,Equity Scheme - Mid Cap Fund
120841,quant Mid Cap Fund - Growth Option - Direct Plan,06-10-2016,46.4291,quant Mutual Fund,Equity Scheme - Mid Cap Fund
120841,quant Mid Cap Fund - Growth Option - Direct Plan,05-10-2016,46.5896,quant Mutual Fund,Equity Scheme - Mid Cap Fund
120841,quant Mid Cap Fund - Growth Option - Direct Plan,04-10-2016,46.5193,quant Mutual Fund,Equity Scheme - Mid Cap Fund
120841,quant Mid Cap Fund - Growth Option - Direct Plan,03-10-2016,46.5561,quant Mutual Fund,Equity Scheme - Mid Cap Fund
120841,quant Mid Cap Fund - Growth Option - Direct Plan,30-09-2016,46.0515,quant Mutual Fund,Equity Scheme - Mid Cap Fund
120841,quant Mid Cap Fund - Growth Option - Direct Plan,29-09-2016,45.7798,quant Mutual Fund,Equity Scheme - Mid Cap Fund
120841,quant Mid Cap Fund - Growth Option - Direct Plan,28-09-2016,46.4962,quant Mutual Fund,Equity Scheme - Mid Cap Fund
120841,quant Mid Cap Fund - Growth Option - Direct Plan,27-09-2016,46.306,quant Mutual Fund,Equity Scheme - Mid Cap Fund
120841,quant Mid Cap Fund - Growth Option - Direct Plan,26-09-2016,46.3804,quant Mutual Fund,Equity Scheme - Mid Cap Fund
120841,quant Mid Cap Fund - Growth Option - Direct Plan,23-09-2016,46.6784,quant Mutual Fund,Equity Scheme - Mid Cap Fund
120841,quant Mid Cap Fund - Growth Option - Direct Plan,22-09-2016,46.727,quant Mutual Fund,Equity Scheme - Mid Cap Fund
120841,quant Mid Cap Fund - Growth Option - Direct Plan,21-09-2016,46.4944,quant Mutual Fund,Equity Scheme - Mid Cap Fund
120841,quant Mid Cap Fund - Growth Option - Direct Plan,20-09-2016,46.4957,quant Mutual Fund,Equity Scheme - Mid Cap Fund
120841,quant Mid Cap Fund - Growth Option - Direct Plan,19-09-2016,46.5887,quant Mutual Fund,Equity Scheme - Mid Cap Fund
120841,quant Mid Cap Fund - Growth Option - Direct Plan,16-09-2016,46.4991,quant Mutual Fund,Equity Scheme - Mid Cap Fund
120841,quant Mid Cap Fund - Growth Option - Direct Plan,15-09-2016,46.3212,quant Mutual Fund,Equity Scheme - Mid Cap Fund
120841,quant Mid Cap Fund - Growth Option - Direct Plan,14-09-2016,46.3593,quant Mutual Fund,Equity Scheme - Mid Cap Fund
120841,quant Mid Cap Fund - Growth Option - Direct Plan,12-09-2016,46.183,quant Mutual Fund,Equity Scheme - Mid Cap Fund
120841,quant Mid Cap Fund - Growth Option - Direct Plan,09-09-2016,46.7809,quant Mutual Fund,Equity Scheme - Mid Cap Fund
120841,quant Mid Cap Fund - Growth Option - Direct Plan,08-09-2016,46.9793,quant Mutual Fund,Equity Scheme - Mid Cap Fund
120841,quant Mid Cap Fund - Growth Option - Direct Plan,07-09-2016,46.8986,quant Mutual Fund,Equity Scheme - Mid Cap Fund
120841,quant Mid Cap Fund - Growth Option - Direct Plan,06-09-2016,46.8287,quant Mutual Fund,Equity Scheme - Mid Cap Fund
120841,quant Mid Cap Fund - Growth Option - Direct Plan,02-09-2016,46.6252,quant Mutual Fund,Equity Scheme - Mid Cap Fund
120841,quant Mid Cap Fund - Growth Option - Direct Plan,01-09-2016,46.4749,quant Mutual Fund,Equity Scheme - Mid Cap Fund
120841,quant Mid Cap Fund - Growth Option - Direct Plan,31-08-2016,46.7573,quant Mutual Fund,Equity Scheme - Mid Cap Fund
120841,quant Mid Cap Fund - Growth Option - Direct Plan,30-08-2016,46.8265,quant Mutual Fund,Equity Scheme - Mid Cap Fund
120841,quant Mid Cap Fund - Growth Option - Direct Plan,29-08-2016,46.5897,quant Mutual Fund,Equity Scheme - Mid Cap Fund
120841,quant Mid Cap Fund - Growth Option - Direct Plan,26-08-2016,46.5909,quant Mutual Fund,Equity Scheme - Mid Cap Fund
120841,quant Mid Cap Fund - Growth Option - Direct Plan,25-08-2016,46.7728,quant Mutual Fund,Equity Scheme - Mid Cap Fund
120841,quant Mid Cap Fund - Growth Option - Direct Plan,24-08-2016,46.9027,quant Mutual Fund,Equity Scheme - Mid Cap Fund
120841,quant Mid Cap Fund - Growth Option - Direct Plan,23-08-2016,46.5501,quant Mutual Fund,Equity Scheme - Mid Cap Fund
120841,quant Mid Cap Fund - Growth Option - Direct Plan,22-08-2016,46.6548,quant Mutual Fund,Equity Scheme - Mid Cap Fund
120841,quant Mid Cap Fund - Growth Option - Direct Plan,19-08-2016,46.8997,quant Mutual Fund,Equity Scheme - Mid Cap Fund
120841,quant Mid Cap Fund - Growth Option - Direct Plan,18-08-2016,46.7615,quant Mutual Fund,Equity Scheme - Mid Cap Fund
120841,quant Mid Cap Fund - Growth Option - Direct Plan,17-08-2016,46.7313,quant Mutual Fund,Equity Scheme - Mid Cap Fund
120841,quant Mid Cap Fund - Growth Option - Direct Plan,16-08-2016,46.1133,quant Mutual Fund,Equity Scheme - Mid Cap Fund
120841,quant Mid Cap Fund - Growth Option - Direct Plan,12-08-2016,46.2355,quant Mutual Fund,Equity Scheme - Mid Cap Fund
120841,quant Mid Cap Fund - Growth Option - Direct Plan,11-08-2016,46.2581,quant Mutual Fund,Equity Scheme - Mid Cap Fund
120841,quant Mid Cap Fund - Growth Option - Direct Plan,10-08-2016,46.2506,quant Mutual Fund,Equity Scheme - Mid Cap Fund
120841,quant Mid Cap Fund - Growth Option - Direct Plan,09-08-2016,46.7295,quant Mutual Fund,Equity Scheme - Mid Cap Fund
120841,quant Mid Cap Fund - Growth Option - Direct Plan,08-08-2016,47.0299,quant Mutual Fund,Equity Scheme - Mid Cap Fund
120841,quant Mid Cap Fund - Growth Option - Direct Plan,05-08-2016,46.6448,quant Mutual Fund,Equity Scheme - Mid Cap Fund
120841,quant Mid Cap Fund - Growth Option - Direct Plan,04-08-2016,45.6577,quant Mutual Fund,Equity Scheme - Mid Cap Fund
120841,quant Mid Cap Fund - Growth Option - Direct Plan,03-08-2016,45.6467,quant Mutual Fund,Equity Scheme - Mid Cap Fund
120841,quant Mid Cap Fund - Growth Option - Direct Plan,02-08-2016,45.8112,quant Mutual Fund,Equity Scheme - Mid Cap Fund
120841,quant Mid Cap Fund - Growth Option - Direct Plan,01-08-2016,46.1563,quant Mutual Fund,Equity Scheme - Mid Cap Fund
120841,quant Mid Cap Fund - Growth Option - Direct Plan,29-07-2016,46.0838,quant Mutual Fund,Equity Scheme - Mid Cap Fund
120841,quant Mid Cap Fund - Growth Option - Direct Plan,28-07-2016,46.2087,quant Mutual Fund,Equity Scheme - Mid Cap Fund
120841,quant Mid Cap Fund - Growth Option - Direct Plan,27-07-2016,46.2059,quant Mutual Fund,Equity Scheme - Mid Cap Fund
120841,quant Mid Cap Fund - Growth Option - Direct Plan,26-07-2016,46.1495,quant Mutual Fund,Equity Scheme - Mid Cap Fund
120841,quant Mid Cap Fund - Growth Option - Direct Plan,25-07-2016,46.28,quant Mutual Fund,Equity Scheme - Mid Cap Fund
120841,quant Mid Cap Fund - Growth Option - Direct Plan,22-07-2016,46.0221,quant Mutual Fund,Equity Scheme - Mid Cap Fund
120841,quant Mid Cap Fund - Growth Option - Direct Plan,21-07-2016,45.9055,quant Mutual Fund,Equity Scheme - Mid Cap Fund
120841,quant Mid Cap Fund - Growth Option - Direct Plan,20-07-2016,46.0671,quant Mutual Fund,Equity Scheme - Mid Cap Fund
120841,quant Mid Cap Fund - Growth Option - Direct Plan,19-07-2016,46.0677,quant Mutual Fund,Equity Scheme - Mid Cap Fund
120841,quant Mid Cap Fund - Growth Option - Direct Plan,18-07-2016,46.0924,quant Mutual Fund,Equity Scheme - Mid Cap Fund
120841,quant Mid Cap Fund - Growth Option - Direct Plan,15-07-2016,46.2723,quant Mutual Fund,Equity Scheme - Mid Cap Fund
120841,quant Mid Cap Fund - Growth Option - Direct Plan,14-07-2016,46.5461,quant Mutual Fund,Equity Scheme - Mid Cap Fund
120841,quant Mid Cap Fund - Growth Option - Direct Plan,13-07-2016,46.4546,quant Mutual Fund,Equity Scheme - Mid Cap Fund
120841,quant Mid Cap Fund - Growth Option - Direct Plan,12-07-2016,46.7207,quant Mutual Fund,Equity Scheme - Mid Cap Fund
120841,quant Mid Cap Fund - Growth Option - Direct Plan,11-07-2016,47.0822,quant Mutual Fund,Equity Scheme - Mid Cap Fund
120841,quant Mid Cap Fund - Growth Option - Direct Plan,08-07-2016,46.8158,quant Mutual Fund,Equity Scheme - Mid Cap Fund
120841,quant Mid Cap Fund - Growth Option - Direct Plan,07-07-2016,46.8895,quant Mutual Fund,Equity Scheme - Mid Cap Fund
120841,quant Mid Cap Fund - Growth Option - Direct Plan,05-07-2016,46.8559,quant Mutual Fund,Equity Scheme - Mid Cap Fund
120841,quant Mid Cap Fund - Growth Option - Direct Plan,04-07-2016,46.68,quant Mutual Fund,Equity Scheme - Mid Cap Fund
120841,quant Mid Cap Fund - Growth Option - Direct Plan,01-07-2016,46.6441,quant Mutual Fund,Equity Scheme - Mid Cap Fund
120841,quant Mid Cap Fund - Growth Option - Direct Plan,30-06-2016,46.6178,quant Mutual Fund,Equity Scheme - Mid Cap Fund
120841,quant Mid Cap Fund - Growth Option - Direct Plan,29-06-2016,46.3677,quant Mutual Fund,Equity Scheme - Mid Cap Fund
120841,quant Mid Cap Fund - Growth Option - Direct Plan,28-06-2016,46.274,quant Mutual Fund,Equity Scheme - Mid Cap Fund
120841,quant Mid Cap Fund - Growth Option - Direct Plan,27-06-2016,46.6667,quant Mutual Fund,Equity Scheme - Mid Cap Fund
120841,quant Mid Cap Fund - Growth Option - Direct Plan,24-06-2016,46.3518,quant Mutual Fund,Equity Scheme - Mid Cap Fund
120841,quant Mid Cap Fund - Growth Option - Direct Plan,23-06-2016,46.7506,quant Mutual Fund,Equity Scheme - Mid Cap Fund
120841,quant Mid Cap Fund - Growth Option - Direct Plan,22-06-2016,46.3291,quant Mutual Fund,Equity Scheme - Mid Cap Fund
120841,quant Mid Cap Fund - Growth Option - Direct Plan,21-06-2016,46.0443,quant Mutual Fund,Equity Scheme - Mid Cap Fund
120841,quant Mid Cap Fund - Growth Option - Direct Plan,20-06-2016,45.9361,quant Mutual Fund,Equity Scheme - Mid Cap Fund
120841,quant Mid Cap Fund - Growth Option - Direct Plan,17-06-2016,46.0859,quant Mutual Fund,Equity Scheme - Mid Cap Fund
120841,quant Mid Cap Fund - Growth Option - Direct Plan,16-06-2016,46.076,quant Mutual Fund,Equity Scheme - Mid Cap Fund
120841,quant Mid Cap Fund - Growth Option - Direct Plan,15-06-2016,46.2784,quant Mutual Fund,Equity Scheme - Mid Cap Fund
120841,quant Mid Cap Fund - Growth Option - Direct Plan,14-06-2016,46.0534,quant Mutual Fund,Equity Scheme - Mid Cap Fund
120841,quant Mid Cap Fund - Growth Option - Direct Plan,13-06-2016,45.9779,quant Mutual Fund,Equity Scheme - Mid Cap Fund
120841,quant Mid Cap Fund - Growth Option - Direct Plan,10-06-2016,46.0846,quant Mutual Fund,Equity Scheme - Mid Cap Fund
120841,quant Mid Cap Fund - Growth Option - Direct Plan,09-06-2016,46.1665,quant Mutual Fund,Equity Scheme - Mid Cap Fund
120841,quant Mid Cap Fund - Growth Option - Direct Plan,08-06-2016,46.1363,quant Mutual Fund,Equity Scheme - Mid Cap Fund
120841,quant Mid Cap Fund - Growth Option - Direct Plan,07-06-2016,45.9444,quant Mutual Fund,Equity Scheme - Mid Cap Fund
120841,quant Mid Cap Fund - Growth Option - Direct Plan,06-06-2016,45.9507,quant Mutual Fund,Equity Scheme - Mid Cap Fund
120841,quant Mid Cap Fund - Growth Option - Direct Plan,03-06-2016,46.0204,quant Mutual Fund,Equity Scheme - Mid Cap Fund
120841,quant Mid Cap Fund - Growth Option - Direct Plan,02-06-2016,45.8856,quant Mutual Fund,Equity Scheme - Mid Cap Fund
120841,quant Mid Cap Fund - Growth Option - Direct Plan,01-06-2016,45.9132,quant Mutual Fund,Equity Scheme - Mid Cap Fund
120841,quant Mid Cap Fund - Growth Option - Direct Plan,31-05-2016,45.7905,quant Mutual Fund,Equity Scheme - Mid Cap Fund
120841,quant Mid Cap Fund - Growth Option - Direct Plan,30-05-2016,45.9932,quant Mutual Fund,Equity Scheme - Mid Cap Fund
120841,quant Mid Cap Fund - Growth Option - Direct Plan,27-05-2016,46.1269,quant Mutual Fund,Equity Scheme - Mid Cap Fund
120841,quant Mid Cap Fund - Growth Option - Direct Plan,26-05-2016,45.7658,quant Mutual Fund,Equity Scheme - Mid Cap Fund
120841,quant Mid Cap Fund - Growth Option - Direct Plan,25-05-2016,45.6852,quant Mutual Fund,Equity Scheme - Mid Cap Fund
120841,quant Mid Cap Fund - Growth Option - Direct Plan,24-05-2016,45.2422,quant Mutual Fund,Equity Scheme - Mid Cap Fund
120841,quant Mid Cap Fund - Growth Option - Direct Plan,23-05-2016,45.2863,quant Mutual Fund,Equity Scheme - Mid Cap Fund
120841,quant Mid Cap Fund - Growth Option - Direct Plan,20-05-2016,45.456,quant Mutual Fund,Equity Scheme - Mid Cap Fund
120841,quant Mid Cap Fund - Growth Option - Direct Plan,19-05-2016,45.9576,quant Mutual Fund,Equity Scheme - Mid Cap Fund
120841,quant Mid Cap Fund - Growth Option - Direct Plan,18-05-2016,46.2503,quant Mutual Fund,Equity Scheme - Mid Cap Fund
120841,quant Mid Cap Fund - Growth Option - Direct Plan,17-05-2016,45.991,quant Mutual Fund,Equity Scheme - Mid Cap Fund
120841,quant Mid Cap Fund - Growth Option - Direct Plan,16-05-2016,45.9558,quant Mutual Fund,Equity Scheme - Mid Cap Fund
120841,quant Mid Cap Fund - Growth Option - Direct Plan,13-05-2016,46.1965,quant Mutual Fund,Equity Scheme - Mid Cap Fund
120841,quant Mid Cap Fund - Growth Option - Direct Plan,12-05-2016,46.361,quant Mutual Fund,Equity Scheme - Mid Cap Fund
120841,quant Mid Cap Fund - Growth Option - Direct Plan,11-05-2016,46.103,quant Mutual Fund,Equity Scheme - Mid Cap Fund
120841,quant Mid Cap Fund - Growth Option - Direct Plan,10-05-2016,45.8958,quant Mutual Fund,Equity Scheme - Mid Cap Fund
120841,quant Mid Cap Fund - Growth Option - Direct Plan,09-05-2016,45.8245,quant Mutual Fund,Equity Scheme - Mid Cap Fund
120841,quant Mid Cap Fund - Growth Option - Direct Plan,06-05-2016,45.2183,quant Mutual Fund,Equity Scheme - Mid Cap Fund
120841,quant Mid Cap Fund - Growth Option - Direct Plan,05-05-2016,44.7328,quant Mutual Fund,Equity Scheme - Mid Cap Fund
120841,quant Mid Cap Fund - Growth Option - Direct Plan,04-05-2016,45.0089,quant Mutual Fund,Equity Scheme - Mid Cap Fund
120841,quant Mid Cap Fund - Growth Option - Direct Plan,03-05-2016,45.2541,quant Mutual Fund,Equity Scheme - Mid Cap Fund
120841,quant Mid Cap Fund - Growth Option - Direct Plan,02-05-2016,45.4856,quant Mutual Fund,Equity Scheme - Mid Cap Fund
120841,quant Mid Cap Fund - Growth Option - Direct Plan,29-04-2016,45.2944,quant Mutual Fund,Equity Scheme - Mid Cap Fund
120841,quant Mid Cap Fund - Growth Option - Direct Plan,28-04-2016,45.131,quant Mutual Fund,Equity Scheme - Mid Cap Fund
120841,quant Mid Cap Fund - Growth Option - Direct Plan,27-04-2016,45.4187,quant Mutual Fund,Equity Scheme - Mid Cap Fund
120841,quant Mid Cap Fund - Growth Option - Direct Plan,26-04-2016,45.493,quant Mutual Fund,Equity Scheme - Mid Cap Fund
120841,quant Mid Cap Fund - Growth Option - Direct Plan,25-04-2016,45.3364,quant Mutual Fund,Equity Scheme - Mid Cap Fund
120841,quant Mid Cap Fund - Growth Option - Direct Plan,22-04-2016,45.4468,quant Mutual Fund,Equity Scheme - Mid Cap Fund
120841,quant Mid Cap Fund - Growth Option - Direct Plan,21-04-2016,45.4675,quant Mutual Fund,Equity Scheme - Mid Cap Fund
120841,quant Mid Cap Fund - Growth Option - Direct Plan,20-04-2016,45.5324,quant Mutual Fund,Equity Scheme - Mid Cap Fund
120841,quant Mid Cap Fund - Growth Option - Direct Plan,18-04-2016,45.5604,quant Mutual Fund,Equity Scheme - Mid Cap Fund
120841,quant Mid Cap Fund - Growth Option - Direct Plan,13-04-2016,45.259,quant Mutual Fund,Equity Scheme - Mid Cap Fund
120841,quant Mid Cap Fund - Growth Option - Direct Plan,12-04-2016,44.8656,quant Mutual Fund,Equity Scheme - Mid Cap Fund
120841,quant Mid Cap Fund - Growth Option - Direct Plan,11-04-2016,44.7769,quant Mutual Fund,Equity Scheme - Mid Cap Fund
120841,quant Mid Cap Fund - Growth Option - Direct Plan,08-04-2016,44.622,quant Mutual Fund,Equity Scheme - Mid Cap Fund
120841,quant Mid Cap Fund - Growth Option - Direct Plan,07-04-2016,44.5633,quant Mutual Fund,Equity Scheme - Mid Cap Fund
120841,quant Mid Cap Fund - Growth Option - Direct Plan,06-04-2016,44.7046,quant Mutual Fund,Equity Scheme - Mid Cap Fund
120841,quant Mid Cap Fund - Growth Option - Direct Plan,05-04-2016,44.5675,quant Mutual Fund,Equity Scheme - Mid Cap Fund
120841,quant Mid Cap Fund - Growth Option - Direct Plan,04-04-2016,44.8367,quant Mutual Fund,Equity Scheme - Mid Cap Fund
120841,quant Mid Cap Fund - Growth Option - Direct Plan,01-04-2016,44.909,quant Mutual Fund,Equity Scheme - Mid Cap Fund
120841,quant Mid Cap Fund - Growth Option - Direct Plan,31-03-2016,44.9562,quant Mutual Fund,Equity Scheme - Mid Cap Fund
120841,quant Mid Cap Fund - Growth Option - Direct Plan,30-03-2016,44.7303,quant Mutual Fund,Equity Scheme - Mid Cap Fund
120841,quant Mid Cap Fund - Growth Option - Direct Plan,29-03-2016,44.3582,quant Mutual Fund,Equity Scheme - Mid Cap Fund
120841,quant Mid Cap Fund - Growth Option - Direct Plan,28-03-2016,44.4202,quant Mutual Fund,Equity Scheme - Mid Cap Fund
120841,quant Mid Cap Fund - Growth Option - Direct Plan,23-03-2016,45.1516,quant Mutual Fund,Equity Scheme - Mid Cap Fund
120841,quant Mid Cap Fund - Growth Option - Direct Plan,22-03-2016,45.0016,quant Mutual Fund,Equity Scheme - Mid Cap Fund
120841,quant Mid Cap Fund - Growth Option - Direct Plan,21-03-2016,44.731,quant Mutual Fund,Equity Scheme - Mid Cap Fund
120841,quant Mid Cap Fund - Growth Option - Direct Plan,18-03-2016,44.4373,quant Mutual Fund,Equity Scheme - Mid Cap Fund
120841,quant Mid Cap Fund - Growth Option - Direct Plan,17-03-2016,44.37,quant Mutual Fund,Equity Scheme - Mid Cap Fund
120841,quant Mid Cap Fund - Growth Option - Direct Plan,16-03-2016,44.2036,quant Mutual Fund,Equity Scheme - Mid Cap Fund
120841,quant Mid Cap Fund - Growth Option - Direct Plan,15-03-2016,43.8922,quant Mutual Fund,Equity Scheme - Mid Cap Fund
120841,quant Mid Cap Fund - Growth Option - Direct Plan,14-03-2016,44.2556,quant Mutual Fund,Equity Scheme - Mid Cap Fund
120841,quant Mid Cap Fund - Growth Option - Direct Plan,11-03-2016,44.2162,quant Mutual Fund,Equity Scheme - Mid Cap Fund
120841,quant Mid Cap Fund - Growth Option - Direct Plan,10-03-2016,44.3317,quant Mutual Fund,Equity Scheme - Mid Cap Fund
120841,quant Mid Cap Fund - Growth Option - Direct Plan,09-03-2016,44.4453,quant Mutual Fund,Equity Scheme - Mid Cap Fund
120841,quant Mid Cap Fund - Growth Option - Direct Plan,08-03-2016,44.3815,quant Mutual Fund,Equity Scheme - Mid Cap Fund
120841,quant Mid Cap Fund - Growth Option - Direct Plan,04-03-2016,44.3695,quant Mutual Fund,Equity Scheme - Mid Cap Fund
120841,quant Mid Cap Fund - Growth Option - Direct Plan,03-03-2016,44.222,quant Mutual Fund,Equity Scheme - Mid Cap Fund
120841,quant Mid Cap Fund - Growth Option - Direct Plan,02-03-2016,43.6878,quant Mutual Fund,Equity Scheme - Mid Cap Fund
120841,quant Mid Cap Fund - Growth Option - Direct Plan,01-03-2016,43.3789,quant Mutual Fund,Equity Scheme - Mid Cap Fund
120841,quant Mid Cap Fund - Growth Option - Direct Plan,29-02-2016,42.6259,quant Mutual Fund,Equity Scheme - Mid Cap Fund
120841,quant Mid Cap Fund - Growth Option - Direct Plan,26-02-2016,42.7921,quant Mutual Fund,Equity Scheme - Mid Cap Fund
120841,quant Mid Cap Fund - Growth Option - Direct Plan,25-02-2016,42.7945,quant Mutual Fund,Equity Scheme - Mid Cap Fund
120841,quant Mid Cap Fund - Growth Option - Direct Plan,24-02-2016,42.8792,quant Mutual Fund,Equity Scheme - Mid Cap Fund
120841,quant Mid Cap Fund - Growth Option - Direct Plan,23-02-2016,43.25,quant Mutual Fund,Equity Scheme - Mid Cap Fund
120841,quant Mid Cap Fund - Growth Option - Direct Plan,22-02-2016,43.5553,quant Mutual Fund,Equity Scheme - Mid Cap Fund
120841,quant Mid Cap Fund - Growth Option - Direct Plan,19-02-2016,43.2208,quant Mutual Fund,Equity Scheme - Mid Cap Fund
120841,quant Mid Cap Fund - Growth Option - Direct Plan,18-02-2016,43.3155,quant Mutual Fund,Equity Scheme - Mid Cap Fund
120841,quant Mid Cap Fund - Growth Option - Direct Plan,17-02-2016,43.2199,quant Mutual Fund,Equity Scheme - Mid Cap Fund
120841,quant Mid Cap Fund - Growth Option - Direct Plan,16-02-2016,43.0777,quant Mutual Fund,Equity Scheme - Mid Cap Fund
120841,quant Mid Cap Fund - Growth Option - Direct Plan,15-02-2016,43.5587,quant Mutual Fund,Equity Scheme - Mid Cap Fund
120841,quant Mid Cap Fund - Growth Option - Direct Plan,12-02-2016,42.8915,quant Mutual Fund,Equity Scheme - Mid Cap Fund
120841,quant Mid Cap Fund - Growth Option - Direct Plan,11-02-2016,42.9294,quant Mutual Fund,Equity Scheme - Mid Cap Fund
120841,quant Mid Cap Fund - Growth Option - Direct Plan,10-02-2016,43.773,quant Mutual Fund,Equity Scheme - Mid Cap Fund
120841,quant Mid Cap Fund - Growth Option - Direct Plan,09-02-2016,43.8215,quant Mutual Fund,Equity Scheme - Mid Cap Fund
120841,quant Mid Cap Fund - Growth Option - Direct Plan,08-02-2016,44.0482,quant Mutual Fund,Equity Scheme - Mid Cap Fund
120841,quant Mid Cap Fund - Growth Option - Direct Plan,05-02-2016,44.0239,quant Mutual Fund,Equity Scheme - Mid Cap Fund
120841,quant Mid Cap Fund - Growth Option - Direct Plan,04-02-2016,43.5567,quant Mutual Fund,Equity Scheme - Mid Cap Fund
120841,quant Mid Cap Fund - Growth Option - Direct Plan,03-02-2016,43.6238,quant Mutual Fund,Equity Scheme - Mid Cap Fund
120841,quant Mid Cap Fund - Growth Option - Direct Plan,02-02-2016,44.0882,quant Mutual Fund,Equity Scheme - Mid Cap Fund
120841,quant Mid Cap Fund - Growth Option - Direct Plan,01-02-2016,44.4463,quant Mutual Fund,Equity Scheme - Mid Cap Fund
120841,quant Mid Cap Fund - Growth Option - Direct Plan,29-01-2016,44.524,quant Mutual Fund,Equity Scheme - Mid Cap Fund
120841,quant Mid Cap Fund - Growth Option - Direct Plan,28-01-2016,44.0616,quant Mutual Fund,Equity Scheme - Mid Cap Fund
120841,quant Mid Cap Fund - Growth Option - Direct Plan,27-01-2016,44.2096,quant Mutual Fund,Equity Scheme - Mid Cap Fund
120841,quant Mid Cap Fund - Growth Option - Direct Plan,25-01-2016,44.1217,quant Mutual Fund,Equity Scheme - Mid Cap Fund
120841,quant Mid Cap Fund - Growth Option - Direct Plan,22-01-2016,43.7916,quant Mutual Fund,Equity Scheme - Mid Cap Fund
120841,quant Mid Cap Fund - Growth Option - Direct Plan,21-01-2016,43.3958,quant Mutual Fund,Equity Scheme - Mid Cap Fund
120841,quant Mid Cap Fund - Growth Option - Direct Plan,20-01-2016,43.3523,quant Mutual Fund,Equity Scheme - Mid Cap Fund
120841,quant Mid Cap Fund - Growth Option - Direct Plan,19-01-2016,43.9695,quant Mutual Fund,Equity Scheme - Mid Cap Fund
120841,quant Mid Cap Fund - Growth Option - Direct Plan,18-01-2016,43.4943,quant Mutual Fund,Equity Scheme - Mid Cap Fund
120841,quant Mid Cap Fund - Growth Option - Direct Plan,15-01-2016,43.8217,quant Mutual Fund,Equity Scheme - Mid Cap Fund
120841,quant Mid Cap Fund - Growth Option - Direct Plan,14-01-2016,44.4203,quant Mutual Fund,Equity Scheme - Mid Cap Fund
120841,quant Mid Cap Fund - Growth Option - Direct Plan,13-01-2016,44.6923,quant Mutual Fund,Equity Scheme - Mid Cap Fund
120841,quant Mid Cap Fund - Growth Option - Direct Plan,12-01-2016,45.0379,quant Mutual Fund,Equity Scheme - Mid Cap Fund
120841,quant Mid Cap Fund - Growth Option - Direct Plan,11-01-2016,45.4949,quant Mutual Fund,Equity Scheme - Mid Cap Fund
120841,quant Mid Cap Fund - Growth Option - Direct Plan,08-01-2016,45.9423,quant Mutual Fund,Equity Scheme - Mid Cap Fund
120841,quant Mid Cap Fund - Growth Option - Direct Plan,07-01-2016,45.6282,quant Mutual Fund,Equity Scheme - Mid Cap Fund
120841,quant Mid Cap Fund - Growth Option - Direct Plan,06-01-2016,45.5699,quant Mutual Fund,Equity Scheme - Mid Cap Fund
120841,quant Mid Cap Fund - Growth Option - Direct Plan,05-01-2016,45.5268,quant Mutual Fund,Equity Scheme - Mid Cap Fund
120841,quant Mid Cap Fund - Growth Option - Direct Plan,04-01-2016,45.2516,quant Mutual Fund,Equity Scheme - Mid Cap Fund
120841,quant Mid Cap Fund - Growth Option - Direct Plan,01-01-2016,45.5737,quant Mutual Fund,Equity Scheme - Mid Cap Fund
120841,quant Mid Cap Fund - Growth Option - Direct Plan,31-12-2015,45.4427,quant Mutual Fund,Equity Scheme - Mid Cap Fund
120841,quant Mid Cap Fund - Growth Option - Direct Plan,30-12-2015,45.1147,quant Mutual Fund,Equity Scheme - Mid Cap Fund
120841,quant Mid Cap Fund - Growth Option - Direct Plan,29-12-2015,45.1986,quant Mutual Fund,Equity Scheme - Mid Cap Fund
120841,quant Mid Cap Fund - Growth Option - Direct Plan,28-12-2015,45.1978,quant Mutual Fund,Equity Scheme - Mid Cap Fund
120841,quant Mid Cap Fund - Growth Option - Direct Plan,24-12-2015,45.0668,quant Mutual Fund,Equity Scheme - Mid Cap Fund
120841,quant Mid Cap Fund - Growth Option - Direct Plan,23-12-2015,45.0817,quant Mutual Fund,Equity Scheme - Mid Cap Fund
120841,quant Mid Cap Fund - Growth Option - Direct Plan,22-12-2015,44.9345,quant Mutual Fund,Equity Scheme - Mid Cap Fund
120841,quant Mid Cap Fund - Growth Option - Direct Plan,21-12-2015,44.8511,quant Mutual Fund,Equity Scheme - Mid Cap Fund
120841,quant Mid Cap Fund - Growth Option - Direct Plan,18-12-2015,44.7304,quant Mutual Fund,Equity Scheme - Mid Cap Fund
120841,quant Mid Cap Fund - Growth Option - Direct Plan,17-12-2015,44.9241,quant Mutual Fund,Equity Scheme - Mid Cap Fund
120841,quant Mid Cap Fund - Growth Option - Direct Plan,16-12-2015,44.7086,quant Mutual Fund,Equity Scheme - Mid Cap Fund
120841,quant Mid Cap Fund - Growth Option - Direct Plan,15-12-2015,44.1356,quant Mutual Fund,Equity Scheme - Mid Cap Fund
120841,quant Mid Cap Fund - Growth Option - Direct Plan,14-12-2015,44.0177,quant Mutual Fund,Equity Scheme - Mid Cap Fund
120841,quant Mid Cap Fund - Growth Option - Direct Plan,11-12-2015,44.0887,quant Mutual Fund,Equity Scheme - Mid Cap Fund
120841,quant Mid Cap Fund - Growth Option - Direct Plan,10-12-2015,44.3488,quant Mutual Fund,Equity Scheme - Mid Cap Fund
120841,quant Mid Cap Fund - Growth Option - Direct Plan,09-12-2015,43.9016,quant Mutual Fund,Equity Scheme - Mid Cap Fund
120841,quant Mid Cap Fund - Growth Option - Direct Plan,08-12-2015,44.6029,quant Mutual Fund,Equity Scheme - Mid Cap Fund
120841,quant Mid Cap Fund - Growth Option - Direct Plan,07-12-2015,44.875,quant Mutual Fund,Equity Scheme - Mid Cap Fund
120841,quant Mid Cap Fund - Growth Option - Direct Plan,04-12-2015,44.8993,quant Mutual Fund,Equity Scheme - Mid Cap Fund
120841,quant Mid Cap Fund - Growth Option - Direct Plan,03-12-2015,44.8663,quant Mutual Fund,Equity Scheme - Mid Cap Fund
120841,quant Mid Cap Fund - Growth Option - Direct Plan,02-12-2015,44.8814,quant Mutual Fund,Equity Scheme - Mid Cap Fund
120841,quant Mid Cap Fund - Growth Option - Direct Plan,01-12-2015,44.8963,quant Mutual Fund,Equity Scheme - Mid Cap Fund
120841,quant Mid Cap Fund - Growth Option - Direct Plan,30-11-2015,44.8851,quant Mutual Fund,Equity Scheme - Mid Cap Fund
120841,quant Mid Cap Fund - Growth Option - Direct Plan,27-11-2015,44.7518,quant Mutual Fund,Equity Scheme - Mid Cap Fund
120841,quant Mid Cap Fund - Growth Option - Direct Plan,26-11-2015,44.7056,quant Mutual Fund,Equity Scheme - Mid Cap Fund
120841,quant Mid Cap Fund - Growth Option - Direct Plan,24-11-2015,44.6079,quant Mutual Fund,Equity Scheme - Mid Cap Fund
120841,quant Mid Cap Fund - Growth Option - Direct Plan,23-11-2015,44.5719,quant Mutual Fund,Equity Scheme - Mid Cap Fund
120841,quant Mid Cap Fund - Growth Option - Direct Plan,20-11-2015,44.6006,quant Mutual Fund,Equity Scheme - Mid Cap Fund
120841,quant Mid Cap Fund - Growth Option - Direct Plan,19-11-2015,44.5686,quant Mutual Fund,Equity Scheme - Mid Cap Fund
120841,quant Mid Cap Fund - Growth Option - Direct Plan,18-11-2015,44.3369,quant Mutual Fund,Equity Scheme - Mid Cap Fund
120841,quant Mid Cap Fund - Growth Option - Direct Plan,17-11-2015,44.3976,quant Mutual Fund,Equity Scheme - Mid Cap Fund
120841,quant Mid Cap Fund - Growth Option - Direct Plan,16-11-2015,44.3086,quant Mutual Fund,Equity Scheme - Mid Cap Fund
120841,quant Mid Cap Fund - Growth Option - Direct Plan,13-11-2015,44.4947,quant Mutual Fund,Equity Scheme - Mid Cap Fund
120841,quant Mid Cap Fund - Growth Option - Direct Plan,10-11-2015,44.2844,quant Mutual Fund,Equity Scheme - Mid Cap Fund
120841,quant Mid Cap Fund - Growth Option - Direct Plan,09-11-2015,44.5404,quant Mutual Fund,Equity Scheme - Mid Cap Fund
120841,quant Mid Cap Fund - Growth Option - Direct Plan,06-11-2015,44.5155,quant Mutual Fund,Equity Scheme - Mid Cap Fund
120841,quant Mid Cap Fund - Growth Option - Direct Plan,05-11-2015,44.4522,quant Mutual Fund,Equity Scheme - Mid Cap Fund
120841,quant Mid Cap Fund - Growth Option - Direct Plan,04-11-2015,44.4368,quant Mutual Fund,Equity Scheme - Mid Cap Fund
120841,quant Mid Cap Fund - Growth Option - Direct Plan,03-11-2015,44.4502,quant Mutual Fund,Equity Scheme - Mid Cap Fund
120841,quant Mid Cap Fund - Growth Option - Direct Plan,02-11-2015,44.3965,quant Mutual Fund,Equity Scheme - Mid Cap Fund
120841,quant Mid Cap Fund - Growth Option - Direct Plan,30-10-2015,44.5302,quant Mutual Fund,Equity Scheme - Mid Cap Fund
120841,quant Mid Cap Fund - Growth Option - Direct Plan,28-10-2015,44.8136,quant Mutual Fund,Equity Scheme - Mid Cap Fund
120841,quant Mid Cap Fund - Growth Option - Direct Plan,27-10-2015,45.0271,quant Mutual Fund,Equity Scheme - Mid Cap Fund
120841,quant Mid Cap Fund - Growth Option - Direct Plan,26-10-2015,44.9807,quant Mutual Fund,Equity Scheme - Mid Cap Fund
120841,quant Mid Cap Fund - Growth Option - Direct Plan,23-10-2015,45.0661,quant Mutual Fund,Equity Scheme - Mid Cap Fund
120841,quant Mid Cap Fund - Growth Option - Direct Plan,21-10-2015,45.0324,quant Mutual Fund,Equity Scheme - Mid Cap Fund
120841,quant Mid Cap Fund - Growth Option - Direct Plan,20-10-2015,45.1077,quant Mutual Fund,Equity Scheme - Mid Cap Fund
120841,quant Mid Cap Fund - Growth Option - Direct Plan,19-10-2015,44.922,quant Mutual Fund,Equity Scheme - Mid Cap Fund
120841,quant Mid Cap Fund - Growth Option - Direct Plan,16-10-2015,44.838,quant Mutual Fund,Equity Scheme - Mid Cap Fund
120841,quant Mid Cap Fund - Growth Option - Direct Plan,15-10-2015,44.667,quant Mutual Fund,Equity Scheme - Mid Cap Fund
120841,quant Mid Cap Fund - Growth Option - Direct Plan,14-10-2015,44.5964,quant Mutual Fund,Equity Scheme - Mid Cap Fund
120841,quant Mid Cap Fund - Growth Option - Direct Plan,13-10-2015,44.8045,quant Mutual Fund,Equity Scheme - Mid Cap Fund
120841,quant Mid Cap Fund - Growth Option - Direct Plan,12-10-2015,44.825,quant Mutual Fund,Equity Scheme - Mid Cap Fund
120841,quant Mid Cap Fund - Growth Option - Direct Plan,09-10-2015,44.9104,quant Mutual Fund,Equity Scheme - Mid Cap Fund
120841,quant Mid Cap Fund - Growth Option - Direct Plan,08-10-2015,44.8145,quant Mutual Fund,Equity Scheme - Mid Cap Fund
120841,quant Mid Cap Fund - Growth Option - Direct Plan,07-10-2015,44.9819,quant Mutual Fund,Equity Scheme - Mid Cap Fund
120841,quant Mid Cap Fund - Growth Option - Direct Plan,06-10-2015,45.1132,quant Mutual Fund,Equity Scheme - Mid Cap Fund
120841,quant Mid Cap Fund - Growth Option - Direct Plan,05-10-2015,45.0293,quant Mutual Fund,Equity Scheme - Mid Cap Fund
120841,quant Mid Cap Fund - Growth Option - Direct Plan,01-10-2015,44.6241,quant Mutual Fund,Equity Scheme - Mid Cap Fund
120841,quant Mid Cap Fund - Growth Option - Direct Plan,30-09-2015,44.3665,quant Mutual Fund,Equity Scheme - Mid Cap Fund
120841,quant Mid Cap Fund - Growth Option - Direct Plan,29-09-2015,44.1961,quant Mutual Fund,Equity Scheme - Mid Cap Fund
120841,quant Mid Cap Fund - Growth Option - Direct Plan,28-09-2015,44.3226,quant Mutual Fund,Equity Scheme - Mid Cap Fund
120841,quant Mid Cap Fund - Growth Option - Direct Plan,24-09-2015,44.3923,quant Mutual Fund,Equity Scheme - Mid Cap Fund
120841,quant Mid Cap Fund - Growth Option - Direct Plan,23-09-2015,44.4909,quant Mutual Fund,Equity Scheme - Mid Cap Fund
120841,quant Mid Cap Fund - Growth Option - Direct Plan,22-09-2015,44.4494,quant Mutual Fund,Equity Scheme - Mid Cap Fund
120841,quant Mid Cap Fund - Growth Option - Direct Plan,21-09-2015,44.6135,quant Mutual Fund,Equity Scheme - Mid Cap Fund
120841,quant Mid Cap Fund - Growth Option - Direct Plan,18-09-2015,44.5479,quant Mutual Fund,Equity Scheme - Mid Cap Fund
120841,quant Mid Cap Fund - Growth Option - Direct Plan,16-09-2015,44.237,quant Mutual Fund,Equity Scheme - Mid Cap Fund
120841,quant Mid Cap Fund - Growth Option - Direct Plan,15-09-2015,44.3774,quant Mutual Fund,Equity Scheme - Mid Cap Fund
120841,quant Mid Cap Fund - Growth Option - Direct Plan,14-09-2015,44.7141,quant Mutual Fund,Equity Scheme - Mid Cap Fund
120841,quant Mid Cap Fund - Growth Option - Direct Plan,11-09-2015,44.2894,quant Mutual Fund,Equity Scheme - Mid Cap Fund
120841,quant Mid Cap Fund - Growth Option - Direct Plan,10-09-2015,44.1792,quant Mutual Fund,Equity Scheme - Mid Cap Fund
120841,quant Mid Cap Fund - Growth Option - Direct Plan,09-09-2015,44.2422,quant Mutual Fund,Equity Scheme - Mid Cap Fund
120841,quant Mid Cap Fund - Growth Option - Direct Plan,08-09-2015,43.8319,quant Mutual Fund,Equity Scheme - Mid Cap Fund
120841,quant Mid Cap Fund - Growth Option - Direct Plan,07-09-2015,43.5462,quant Mutual Fund,Equity Scheme - Mid Cap Fund
120841,quant Mid Cap Fund - Growth Option - Direct Plan,04-09-2015,44.2901,quant Mutual Fund,Equity Scheme - Mid Cap Fund
120841,quant Mid Cap Fund - Growth Option - Direct Plan,03-09-2015,44.8316,quant Mutual Fund,Equity Scheme - Mid Cap Fund
120841,quant Mid Cap Fund - Growth Option - Direct Plan,02-09-2015,44.6353,quant Mutual Fund,Equity Scheme - Mid Cap Fund
120841,quant Mid Cap Fund - Growth Option - Direct Plan,01-09-2015,44.8299,quant Mutual Fund,Equity Scheme - Mid Cap Fund
120841,quant Mid Cap Fund - Growth Option - Direct Plan,31-08-2015,45.5376,quant Mutual Fund,Equity Scheme - Mid Cap Fund
120841,quant Mid Cap Fund - Growth Option - Direct Plan,28-08-2015,45.6951,quant Mutual Fund,Equity Scheme - Mid Cap Fund
120841,quant Mid Cap Fund - Growth Option - Direct Plan,27-08-2015,45.2391,quant Mutual Fund,Equity Scheme - Mid Cap Fund
120841,quant Mid Cap Fund - Growth Option - Direct Plan,26-08-2015,44.702,quant Mutual Fund,Equity Scheme - Mid Cap Fund
120841,quant Mid Cap Fund - Growth Option - Direct Plan,25-08-2015,44.6726,quant Mutual Fund,Equity Scheme - Mid Cap Fund
120841,quant Mid Cap Fund - Growth Option - Direct Plan,24-08-2015,44.5233,quant Mutual Fund,Equity Scheme - Mid Cap Fund
120841,quant Mid Cap Fund - Growth Option - Direct Plan,21-08-2015,46.8112,quant Mutual Fund,Equity Scheme - Mid Cap Fund
120841,quant Mid Cap Fund - Growth Option - Direct Plan,20-08-2015,46.9203,quant Mutual Fund,Equity Scheme - Mid Cap Fund
120841,quant Mid Cap Fund - Growth Option - Direct Plan,19-08-2015,47.1937,quant Mutual Fund,Equity Scheme - Mid Cap Fund
120841,quant Mid Cap Fund - Growth Option - Direct Plan,18-08-2015,47.1036,quant Mutual Fund,Equity Scheme - Mid Cap Fund
120841,quant Mid Cap Fund - Growth Option - Direct Plan,17-08-2015,47.1359,quant Mutual Fund,Equity Scheme - Mid Cap Fund
120841,quant Mid Cap Fund - Growth Option - Direct Plan,14-08-2015,47.0322,quant Mutual Fund,Equity Scheme - Mid Cap Fund
120841,quant Mid Cap Fund - Growth Option - Direct Plan,13-08-2015,46.8814,quant Mutual Fund,Equity Scheme - Mid Cap Fund
120841,quant Mid Cap Fund - Growth Option - Direct Plan,12-08-2015,46.8326,quant Mutual Fund,Equity Scheme - Mid Cap Fund
120841,quant Mid Cap Fund - Growth Option - Direct Plan,11-08-2015,47.1728,quant Mutual Fund,Equity Scheme - Mid Cap Fund
120841,quant Mid Cap Fund - Growth Option - Direct Plan,10-08-2015,47.2341,quant Mutual Fund,Equity Scheme - Mid Cap Fund
120841,quant Mid Cap Fund - Growth Option - Direct Plan,07-08-2015,47.2899,quant Mutual Fund,Equity Scheme - Mid Cap Fund
120841,quant Mid Cap Fund - Growth Option - Direct Plan,06-08-2015,47.273,quant Mutual Fund,Equity Scheme - Mid Cap Fund
120841,quant Mid Cap Fund - Growth Option - Direct Plan,05-08-2015,47.4126,quant Mutual Fund,Equity Scheme - Mid Cap Fund
120841,quant Mid Cap Fund - Growth Option - Direct Plan,04-08-2015,47.4579,quant Mutual Fund,Equity Scheme - Mid Cap Fund
120841,quant Mid Cap Fund - Growth Option - Direct Plan,03-08-2015,47.2923,quant Mutual Fund,Equity Scheme - Mid Cap Fund
120841,quant Mid Cap Fund - Growth Option - Direct Plan,31-07-2015,47.2648,quant Mutual Fund,Equity Scheme - Mid Cap Fund
120841,quant Mid Cap Fund - Growth Option - Direct Plan,30-07-2015,46.9749,quant Mutual Fund,Equity Scheme - Mid Cap Fund
120841,quant Mid Cap Fund - Growth Option - Direct Plan,29-07-2015,46.9588,quant Mutual Fund,Equity Scheme - Mid Cap Fund
120841,quant Mid Cap Fund - Growth Option - Direct Plan,28-07-2015,46.7418,quant Mutual Fund,Equity Scheme - Mid Cap Fund
120841,quant Mid Cap Fund - Growth Option - Direct Plan,27-07-2015,46.6649,quant Mutual Fund,Equity Scheme - Mid Cap Fund
120841,quant Mid Cap Fund - Growth Option - Direct Plan,24-07-2015,46.8783,quant Mutual Fund,Equity Scheme - Mid Cap Fund
120841,quant Mid Cap Fund - Growth Option - Direct Plan,23-07-2015,46.9692,quant Mutual Fund,Equity Scheme - Mid Cap Fund
120841,quant Mid Cap Fund - Growth Option - Direct Plan,22-07-2015,46.9556,quant Mutual Fund,Equity Scheme - Mid Cap Fund
120841,quant Mid Cap Fund - Growth Option - Direct Plan,21-07-2015,46.7045,quant Mutual Fund,Equity Scheme - Mid Cap Fund
120841,quant Mid Cap Fund - Growth Option - Direct Plan,20-07-2015,47.3233,quant Mutual Fund,Equity Scheme - Mid Cap Fund
120841,quant Mid Cap Fund - Growth Option - Direct Plan,17-07-2015,47.4565,quant Mutual Fund,Equity Scheme - Mid Cap Fund
120841,quant Mid Cap Fund - Growth Option - Direct Plan,16-07-2015,47.5014,quant Mutual Fund,Equity Scheme - Mid Cap Fund
120841,quant Mid Cap Fund - Growth Option - Direct Plan,15-07-2015,47.1169,quant Mutual Fund,Equity Scheme - Mid Cap Fund
120841,quant Mid Cap Fund - Growth Option - Direct Plan,14-07-2015,47.0765,quant Mutual Fund,Equity Scheme - Mid Cap Fund
120841,quant Mid Cap Fund - Growth Option - Direct Plan,13-07-2015,47.0181,quant Mutual Fund,Equity Scheme - Mid Cap Fund
120841,quant Mid Cap Fund - Growth Option - Direct Plan,10-07-2015,46.7161,quant Mutual Fund,Equity Scheme - Mid Cap Fund
120841,quant Mid Cap Fund - Growth Option - Direct Plan,09-07-2015,46.5648,quant Mutual Fund,Equity Scheme - Mid Cap Fund
120841,quant Mid Cap Fund - Growth Option - Direct Plan,08-07-2015,46.5091,quant Mutual Fund,Equity Scheme - Mid Cap Fund
120841,quant Mid Cap Fund - Growth Option - Direct Plan,07-07-2015,47.0003,quant Mutual Fund,Equity Scheme - Mid Cap Fund
120841,quant Mid Cap Fund - Growth Option - Direct Plan,06-07-2015,46.9771,quant Mutual Fund,Equity Scheme - Mid Cap Fund
120841,quant Mid Cap Fund - Growth Option - Direct Plan,03-07-2015,46.9281,quant Mutual Fund,Equity Scheme - Mid Cap Fund
120841,quant Mid Cap Fund - Growth Option - Direct Plan,02-07-2015,46.75,quant Mutual Fund,Equity Scheme - Mid Cap Fund
120841,quant Mid Cap Fund - Growth Option - Direct Plan,01-07-2015,46.7598,quant Mutual Fund,Equity Scheme - Mid Cap Fund
120841,quant Mid Cap Fund - Growth Option - Direct Plan,30-06-2015,46.4944,quant Mutual Fund,Equity Scheme - Mid Cap Fund
120841,quant Mid Cap Fund - Growth Option - Direct Plan,29-06-2015,46.3877,quant Mutual Fund,Equity Scheme - Mid Cap Fund
120841,quant Mid Cap Fund - Growth Option - Direct Plan,26-06-2015,46.6247,quant Mutual Fund,Equity Scheme - Mid Cap Fund
120841,quant Mid Cap Fund - Growth Option - Direct Plan,25-06-2015,46.6303,quant Mutual Fund,Equity Scheme - Mid Cap Fund
120841,quant Mid Cap Fund - Growth Option - Direct Plan,24-06-2015,46.6983,quant Mutual Fund,Equity Scheme - Mid Cap Fund
120841,quant Mid Cap Fund - Growth Option - Direct Plan,23-06-2015,46.7231,quant Mutual Fund,Equity Scheme - Mid Cap Fund
120841,quant Mid Cap Fund - Growth Option - Direct Plan,22-06-2015,46.7138,quant Mutual Fund,Equity Scheme - Mid Cap Fund
120841,quant Mid Cap Fund - Growth Option - Direct Plan,19-06-2015,46.3519,quant Mutual Fund,Equity Scheme - Mid Cap Fund
120841,quant Mid Cap Fund - Growth Option - Direct Plan,18-06-2015,46.288,quant Mutual Fund,Equity Scheme - Mid Cap Fund
120841,quant Mid Cap Fund - Growth Option - Direct Plan,17-06-2015,46.1466,quant Mutual Fund,Equity Scheme - Mid Cap Fund
120841,quant Mid Cap Fund - Growth Option - Direct Plan,16-06-2015,46.0275,quant Mutual Fund,Equity Scheme - Mid Cap Fund
120841,quant Mid Cap Fund - Growth Option - Direct Plan,15-06-2015,45.9768,quant Mutual Fund,Equity Scheme - Mid Cap Fund
120841,quant Mid Cap Fund - Growth Option - Direct Plan,12-06-2015,46.042,quant Mutual Fund,Equity Scheme - Mid Cap Fund
120841,quant Mid Cap Fund - Growth Option - Direct Plan,11-06-2015,45.8397,quant Mutual Fund,Equity Scheme - Mid Cap Fund
120841,quant Mid Cap Fund - Growth Option - Direct Plan,10-06-2015,46.4116,quant Mutual Fund,Equity Scheme - Mid Cap Fund
120841,quant Mid Cap Fund - Growth Option - Direct Plan,09-06-2015,45.844,quant Mutual Fund,Equity Scheme - Mid Cap Fund
120841,quant Mid Cap Fund - Growth Option - Direct Plan,08-06-2015,46.2913,quant Mutual Fund,Equity Scheme - Mid Cap Fund
120841,quant Mid Cap Fund - Growth Option - Direct Plan,05-06-2015,46.5337,quant Mutual Fund,Equity Scheme - Mid Cap Fund
120841,quant Mid Cap Fund - Growth Option - Direct Plan,04-06-2015,46.4376,quant Mutual Fund,Equity Scheme - Mid Cap Fund
120841,quant Mid Cap Fund - Growth Option - Direct Plan,03-06-2015,46.306,quant Mutual Fund,Equity Scheme - Mid Cap Fund
120841,quant Mid Cap Fund - Growth Option - Direct Plan,02-06-2015,46.7161,quant Mutual Fund,Equity Scheme - Mid Cap Fund
120841,quant Mid Cap Fund - Growth Option - Direct Plan,01-06-2015,47.2125,quant Mutual Fund,Equity Scheme - Mid Cap Fund
120841,quant Mid Cap Fund - Growth Option - Direct Plan,29-05-2015,47.2812,quant Mutual Fund,Equity Scheme - Mid Cap Fund
120841,quant Mid Cap Fund - Growth Option - Direct Plan,28-05-2015,47.0061,quant Mutual Fund,Equity Scheme - Mid Cap Fund
120841,quant Mid Cap Fund - Growth Option - Direct Plan,27-05-2015,46.8735,quant Mutual Fund,Equity Scheme - Mid Cap Fund
120841,quant Mid Cap Fund - Growth Option - Direct Plan,26-05-2015,46.7688,quant Mutual Fund,Equity Scheme - Mid Cap Fund
120841,quant Mid Cap Fund - Growth Option - Direct Plan,25-05-2015,46.7232,quant Mutual Fund,Equity Scheme - Mid Cap Fund
120841,quant Mid Cap Fund - Growth Option - Direct Plan,22-05-2015,46.8631,quant Mutual Fund,Equity Scheme - Mid Cap Fund
120841,quant Mid Cap Fund - Growth Option - Direct Plan,21-05-2015,46.8116,quant Mutual Fund,Equity Scheme - Mid Cap Fund
120841,quant Mid Cap Fund - Growth Option - Direct Plan,20-05-2015,46.756,quant Mutual Fund,Equity Scheme - Mid Cap Fund
120841,quant Mid Cap Fund - Growth Option - Direct Plan,19-05-2015,46.6403,quant Mutual Fund,Equity Scheme - Mid Cap Fund
120841,quant Mid Cap Fund - Growth Option - Direct Plan,18-05-2015,46.5611,quant Mutual Fund,Equity Scheme - Mid Cap Fund
120841,quant Mid Cap Fund - Growth Option - Direct Plan,15-05-2015,46.433,quant Mutual Fund,Equity Scheme - Mid Cap Fund
120841,quant Mid Cap Fund - Growth Option - Direct Plan,14-05-2015,46.1093,quant Mutual Fund,Equity Scheme - Mid Cap Fund
120841,quant Mid Cap Fund - Growth Option - Direct Plan,13-05-2015,46.19,quant Mutual Fund,Equity Scheme - Mid Cap Fund
120841,quant Mid Cap Fund - Growth Option - Direct Plan,12-05-2015,45.8605,quant Mutual Fund,Equity Scheme - Mid Cap Fund
120841,quant Mid Cap Fund - Growth Option - Direct Plan,11-05-2015,46.2114,quant Mutual Fund,Equity Scheme - Mid Cap Fund
120841,quant Mid Cap Fund - Growth Option - Direct Plan,08-05-2015,45.7721,quant Mutual Fund,Equity Scheme - Mid Cap Fund
120841,quant Mid Cap Fund - Growth Option - Direct Plan,07-05-2015,45.5237,quant Mutual Fund,Equity Scheme - Mid Cap Fund
120841,quant Mid Cap Fund - Growth Option - Direct Plan,06-05-2015,45.8819,quant Mutual Fund,Equity Scheme - Mid Cap Fund
120841,quant Mid Cap Fund - Growth Option - Direct Plan,05-05-2015,46.5402,quant Mutual Fund,Equity Scheme - Mid Cap Fund
120841,quant Mid Cap Fund - Growth Option - Direct Plan,04-05-2015,46.3984,quant Mutual Fund,Equity Scheme - Mid Cap Fund
120841,quant Mid Cap Fund - Growth Option - Direct Plan,30-04-2015,46.1647,quant Mutual Fund,Equity Scheme - Mid Cap Fund
120841,quant Mid Cap Fund - Growth Option - Direct Plan,29-04-2015,46.4326,quant Mutual Fund,Equity Scheme - Mid Cap Fund
120841,quant Mid Cap Fund - Growth Option - Direct Plan,28-04-2015,45.9896,quant Mutual Fund,Equity Scheme - Mid Cap Fund
120841,quant Mid Cap Fund - Growth Option - Direct Plan,27-04-2015,45.4246,quant Mutual Fund,Equity Scheme - Mid Cap Fund
120841,quant Mid Cap Fund - Growth Option - Direct Plan,24-04-2015,46.145,quant Mutual Fund,Equity Scheme - Mid Cap Fund
120841,quant Mid Cap Fund - Growth Option - Direct Plan,23-04-2015,46.7161,quant Mutual Fund,Equity Scheme - Mid Cap Fund
120841,quant Mid Cap Fund - Growth Option - Direct Plan,22-04-2015,46.7639,quant Mutual Fund,Equity Scheme - Mid Cap Fund
120841,quant Mid Cap Fund - Growth Option - Direct Plan,21-04-2015,46.6495,quant Mutual Fund,Equity Scheme - Mid Cap Fund
120841,quant Mid Cap Fund - Growth Option - Direct Plan,20-04-2015,46.8014,quant Mutual Fund,Equity Scheme - Mid Cap Fund
120841,quant Mid Cap Fund - Growth Option - Direct Plan,17-04-2015,46.9038,quant Mutual Fund,Equity Scheme - Mid Cap Fund
120841,quant Mid Cap Fund - Growth Option - Direct Plan,16-04-2015,47.308,quant Mutual Fund,Equity Scheme - Mid Cap Fund
120841,quant Mid Cap Fund - Growth Option - Direct Plan,15-04-2015,47.3503,quant Mutual Fund,Equity Scheme - Mid Cap Fund
120841,quant Mid Cap Fund - Growth Option - Direct Plan,13-04-2015,47.1096,quant Mutual Fund,Equity Scheme - Mid Cap Fund
120841,quant Mid Cap Fund - Growth Option - Direct Plan,10-04-2015,46.7435,quant Mutual Fund,Equity Scheme - Mid Cap Fund
120841,quant Mid Cap Fund - Growth Option - Direct Plan,09-04-2015,46.6422,quant Mutual Fund,Equity Scheme - Mid Cap Fund
120841,quant Mid Cap Fund - Growth Option - Direct Plan,08-04-2015,46.5189,quant Mutual Fund,Equity Scheme - Mid Cap Fund
120841,quant Mid Cap Fund - Growth Option - Direct Plan,07-04-2015,46.6399,quant Mutual Fund,Equity Scheme - Mid Cap Fund
120841,quant Mid Cap Fund - Growth Option - Direct Plan,06-04-2015,46.6118,quant Mutual Fund,Equity Scheme - Mid Cap Fund
120841,quant Mid Cap Fund - Growth Option - Direct Plan,31-03-2015,45.8432,quant Mutual Fund,Equity Scheme - Mid Cap Fund
120841,quant Mid Cap Fund - Growth Option - Direct Plan,30-03-2015,45.7778,quant Mutual Fund,Equity Scheme - Mid Cap Fund
120841,quant Mid Cap Fund - Growth Option - Direct Plan,27-03-2015,45.4589,quant Mutual Fund,Equity Scheme - Mid Cap Fund
120841,quant Mid Cap Fund - Growth Option - Direct Plan,26-03-2015,45.4437,quant Mutual Fund,Equity Scheme - Mid Cap Fund
120841,quant Mid Cap Fund - Growth Option - Direct Plan,25-03-2015,45.8806,quant Mutual Fund,Equity Scheme - Mid Cap Fund
120841,quant Mid Cap Fund - Growth Option - Direct Plan,24-03-2015,45.6127,quant Mutual Fund,Equity Scheme - Mid Cap Fund
120841,quant Mid Cap Fund - Growth Option - Direct Plan,23-03-2015,45.2108,quant Mutual Fund,Equity Scheme - Mid Cap Fund
120841,quant Mid Cap Fund - Growth Option - Direct Plan,20-03-2015,45.3497,quant Mutual Fund,Equity Scheme - Mid Cap Fund
120841,quant Mid Cap Fund - Growth Option - Direct Plan,19-03-2015,45.5074,quant Mutual Fund,Equity Scheme - Mid Cap Fund
120841,quant Mid Cap Fund - Growth Option - Direct Plan,18-03-2015,45.2129,quant Mutual Fund,Equity Scheme - Mid Cap Fund
120841,quant Mid Cap Fund - Growth Option - Direct Plan,17-03-2015,44.8675,quant Mutual Fund,Equity Scheme - Mid Cap Fund
120841,quant Mid Cap Fund - Growth Option - Direct Plan,16-03-2015,44.7028,quant Mutual Fund,Equity Scheme - Mid Cap Fund
120841,quant Mid Cap Fund - Growth Option - Direct Plan,13-03-2015,44.7963,quant Mutual Fund,Equity Scheme - Mid Cap Fund
120841,quant Mid Cap Fund - Growth Option - Direct Plan,12-03-2015,45.1561,quant Mutual Fund,Equity Scheme - Mid Cap Fund
120841,quant Mid Cap Fund - Growth Option - Direct Plan,11-03-2015,44.9324,quant Mutual Fund,Equity Scheme - Mid Cap Fund
120841,quant Mid Cap Fund - Growth Option - Direct Plan,10-03-2015,44.8872,quant Mutual Fund,Equity Scheme - Mid Cap Fund
120841,quant Mid Cap Fund - Growth Option - Direct Plan,09-03-2015,44.8287,quant Mutual Fund,Equity Scheme - Mid Cap Fund
120841,quant Mid Cap Fund - Growth Option - Direct Plan,05-03-2015,44.9791,quant Mutual Fund,Equity Scheme - Mid Cap Fund
120841,quant Mid Cap Fund - Growth Option - Direct Plan,04-03-2015,44.7062,quant Mutual Fund,Equity Scheme - Mid Cap Fund
120841,quant Mid Cap Fund - Growth Option - Direct Plan,03-03-2015,44.835,quant Mutual Fund,Equity Scheme - Mid Cap Fund
120841,quant Mid Cap Fund - Growth Option - Direct Plan,02-03-2015,44.8413,quant Mutual Fund,Equity Scheme - Mid Cap Fund
120841,quant Mid Cap Fund - Growth Option - Direct Plan,27-02-2015,44.5852,quant Mutual Fund,Equity Scheme - Mid Cap Fund
120841,quant Mid Cap Fund - Growth Option - Direct Plan,26-02-2015,44.2141,quant Mutual Fund,Equity Scheme - Mid Cap Fund
120841,quant Mid Cap Fund - Growth Option - Direct Plan,25-02-2015,44.5169,quant Mutual Fund,Equity Scheme - Mid Cap Fund
120841,quant Mid Cap Fund - Growth Option - Direct Plan,24-02-2015,44.3655,quant Mutual Fund,Equity Scheme - Mid Cap Fund
120841,quant Mid Cap Fund - Growth Option - Direct Plan,23-02-2015,44.2119,quant Mutual Fund,Equity Scheme - Mid Cap Fund
120841,quant Mid Cap Fund - Growth Option - Direct Plan,20-02-2015,44.1967,quant Mutual Fund,Equity Scheme - Mid Cap Fund
120841,quant Mid Cap Fund - Growth Option - Direct Plan,19-02-2015,43.954,quant Mutual Fund,Equity Scheme - Mid Cap Fund
120841,quant Mid Cap Fund - Growth Option - Direct Plan,18-02-2015,43.8536,quant Mutual Fund,Equity Scheme - Mid Cap Fund
120841,quant Mid Cap Fund - Growth Option - Direct Plan,16-02-2015,43.6674,quant Mutual Fund,Equity Scheme - Mid Cap Fund
120841,quant Mid Cap Fund - Growth Option - Direct Plan,13-02-2015,43.5809,quant Mutual Fund,Equity Scheme - Mid Cap Fund
120841,quant Mid Cap Fund - Growth Option - Direct Plan,12-02-2015,43.3558,quant Mutual Fund,Equity Scheme - Mid Cap Fund
120841,quant Mid Cap Fund - Growth Option - Direct Plan,11-02-2015,43.0751,quant Mutual Fund,Equity Scheme - Mid Cap Fund
120841,quant Mid Cap Fund - Growth Option - Direct Plan,10-02-2015,42.7744,quant Mutual Fund,Equity Scheme - Mid Cap Fund
120841,quant Mid Cap Fund - Growth Option - Direct Plan,09-02-2015,42.6551,quant Mutual Fund,Equity Scheme - Mid Cap Fund
120841,quant Mid Cap Fund - Growth Option - Direct Plan,06-02-2015,42.9024,quant Mutual Fund,Equity Scheme - Mid Cap Fund
120841,quant Mid Cap Fund - Growth Option - Direct Plan,05-02-2015,43.1618,quant Mutual Fund,Equity Scheme - Mid Cap Fund
120841,quant Mid Cap Fund - Growth Option - Direct Plan,04-02-2015,43.3804,quant Mutual Fund,Equity Scheme - Mid Cap Fund
120841,quant Mid Cap Fund - Growth Option - Direct Plan,03-02-2015,43.6408,quant Mutual Fund,Equity Scheme - Mid Cap Fund
120841,quant Mid Cap Fund - Growth Option - Direct Plan,02-02-2015,43.8334,quant Mutual Fund,Equity Scheme - Mid Cap Fund
120841,quant Mid Cap Fund - Growth Option - Direct Plan,30-01-2015,43.3838,quant Mutual Fund,Equity Scheme - Mid Cap Fund
120841,quant Mid Cap Fund - Growth Option - Direct Plan,29-01-2015,43.6312,quant Mutual Fund,Equity Scheme - Mid Cap Fund
120841,quant Mid Cap Fund - Growth Option - Direct Plan,28-01-2015,43.3233,quant Mutual Fund,Equity Scheme - Mid Cap Fund
120841,quant Mid Cap Fund - Growth Option - Direct Plan,27-01-2015,43.5299,quant Mutual Fund,Equity Scheme - Mid Cap Fund
120841,quant Mid Cap Fund - Growth Option - Direct Plan,23-01-2015,43.3195,quant Mutual Fund,Equity Scheme - Mid Cap Fund
120841,quant Mid Cap Fund - Growth Option - Direct Plan,22-01-2015,43.336,quant Mutual Fund,Equity Scheme - Mid Cap Fund
120841,quant Mid Cap Fund - Growth Option - Direct Plan,21-01-2015,43.5297,quant Mutual Fund,Equity Scheme - Mid Cap Fund
120841,quant Mid Cap Fund - Growth Option - Direct Plan,20-01-2015,43.2958,quant Mutual Fund,Equity Scheme - Mid Cap Fund
120841,quant Mid Cap Fund - Growth Option - Direct Plan,19-01-2015,43.3996,quant Mutual Fund,Equity Scheme - Mid Cap Fund
120841,quant Mid Cap Fund - Growth Option - Direct Plan,16-01-2015,43.3962,quant Mutual Fund,Equity Scheme - Mid Cap Fund
120841,quant Mid Cap Fund - Growth Option - Direct Plan,15-01-2015,43.3244,quant Mutual Fund,Equity Scheme - Mid Cap Fund
120841,quant Mid Cap Fund - Growth Option - Direct Plan,14-01-2015,43.0518,quant Mutual Fund,Equity Scheme - Mid Cap Fund
120841,quant Mid Cap Fund - Growth Option - Direct Plan,13-01-2015,43.0722,quant Mutual Fund,Equity Scheme - Mid Cap Fund
120841,quant Mid Cap Fund - Growth Option - Direct Plan,12-01-2015,42.7468,quant Mutual Fund,Equity Scheme - Mid Cap Fund
120841,quant Mid Cap Fund - Growth Option - Direct Plan,09-01-2015,42.3017,quant Mutual Fund,Equity Scheme - Mid Cap Fund
120841,quant Mid Cap Fund - Growth Option - Direct Plan,08-01-2015,42.1954,quant Mutual Fund,Equity Scheme - Mid Cap Fund
120841,quant Mid Cap Fund - Growth Option - Direct Plan,07-01-2015,41.8746,quant Mutual Fund,Equity Scheme - Mid Cap Fund
120841,quant Mid Cap Fund - Growth Option - Direct Plan,06-01-2015,41.9532,quant Mutual Fund,Equity Scheme - Mid Cap Fund
120841,quant Mid Cap Fund - Growth Option - Direct Plan,05-01-2015,42.5467,quant Mutual Fund,Equity Scheme - Mid Cap Fund
120841,quant Mid Cap Fund - Growth Option - Direct Plan,02-01-2015,42.5325,quant Mutual Fund,Equity Scheme - Mid Cap Fund
120841,quant Mid Cap Fund - Growth Option - Direct Plan,01-01-2015,42.4985,quant Mutual Fund,Equity Scheme - Mid Cap Fund
120841,quant Mid Cap Fund - Growth Option - Direct Plan,31-12-2014,42.2877,quant Mutual Fund,Equity Scheme - Mid Cap Fund
120841,quant Mid Cap Fund - Growth Option - Direct Plan,30-12-2014,42.1408,quant Mutual Fund,Equity Scheme - Mid Cap Fund
120841,quant Mid Cap Fund - Growth Option - Direct Plan,29-12-2014,42.102,quant Mutual Fund,Equity Scheme - Mid Cap Fund
120841,quant Mid Cap Fund - Growth Option - Direct Plan,26-12-2014,42.0191,quant Mutual Fund,Equity Scheme - Mid Cap Fund
120841,quant Mid Cap Fund - Growth Option - Direct Plan,24-12-2014,42.0098,quant Mutual Fund,Equity Scheme - Mid Cap Fund
120841,quant Mid Cap Fund - Growth Option - Direct Plan,23-12-2014,42.038,quant Mutual Fund,Equity Scheme - Mid Cap Fund
120841,quant Mid Cap Fund - Growth Option - Direct Plan,22-12-2014,42.2996,quant Mutual Fund,Equity Scheme - Mid Cap Fund
120841,quant Mid Cap Fund - Growth Option - Direct Plan,19-12-2014,42.0515,quant Mutual Fund,Equity Scheme - Mid Cap Fund
120841,quant Mid Cap Fund - Growth Option - Direct Plan,18-12-2014,41.9608,quant Mutual Fund,Equity Scheme - Mid Cap Fund
120841,quant Mid Cap Fund - Growth Option - Direct Plan,17-12-2014,41.5318,quant Mutual Fund,Equity Scheme - Mid Cap Fund
120841,quant Mid Cap Fund - Growth Option - Direct Plan,16-12-2014,41.7876,quant Mutual Fund,Equity Scheme - Mid Cap Fund
120841,quant Mid Cap Fund - Growth Option - Direct Plan,15-12-2014,42.1695,quant Mutual Fund,Equity Scheme - Mid Cap Fund
120841,quant Mid Cap Fund - Growth Option - Direct Plan,12-12-2014,42.3191,quant Mutual Fund,Equity Scheme - Mid Cap Fund
120841,quant Mid Cap Fund - Growth Option - Direct Plan,11-12-2014,42.5564,quant Mutual Fund,Equity Scheme - Mid Cap Fund
120841,quant Mid Cap Fund - Growth Option - Direct Plan,10-12-2014,42.7592,quant Mutual Fund,Equity Scheme - Mid Cap Fund
120841,quant Mid Cap Fund - Growth Option - Direct Plan,09-12-2014,42.8366,quant Mutual Fund,Equity Scheme - Mid Cap Fund
120841,quant Mid Cap Fund - Growth Option - Direct Plan,08-12-2014,43.158,quant Mutual Fund,Equity Scheme - Mid Cap Fund
120841,quant Mid Cap Fund - Growth Option - Direct Plan,05-12-2014,43.1095,quant Mutual Fund,Equity Scheme - Mid Cap Fund
120841,quant Mid Cap Fund - Growth Option - Direct Plan,04-12-2014,42.8363,quant Mutual Fund,Equity Scheme - Mid Cap Fund
120841,quant Mid Cap Fund - Growth Option - Direct Plan,03-12-2014,42.1938,quant Mutual Fund,Equity Scheme - Mid Cap Fund
120841,quant Mid Cap Fund - Growth Option - Direct Plan,02-12-2014,42.0164,quant Mutual Fund,Equity Scheme - Mid Cap Fund
120841,quant Mid Cap Fund - Growth Option - Direct Plan,01-12-2014,41.6301,quant Mutual Fund,Equity Scheme - Mid Cap Fund
120841,quant Mid Cap Fund - Growth Option - Direct Plan,28-11-2014,41.5949,quant Mutual Fund,Equity Scheme - Mid Cap Fund
120841,quant Mid Cap Fund - Growth Option - Direct Plan,27-11-2014,41.458,quant Mutual Fund,Equity Scheme - Mid Cap Fund
120841,quant Mid Cap Fund - Growth Option - Direct Plan,26-11-2014,41.4171,quant Mutual Fund,Equity Scheme - Mid Cap Fund
120841,quant Mid Cap Fund - Growth Option - Direct Plan,25-11-2014,41.4122,quant Mutual Fund,Equity Scheme - Mid Cap Fund
120841,quant Mid Cap Fund - Growth Option - Direct Plan,24-11-2014,41.7115,quant Mutual Fund,Equity Scheme - Mid Cap Fund
120841,quant Mid Cap Fund - Growth Option - Direct Plan,21-11-2014,41.6807,quant Mutual Fund,Equity Scheme - Mid Cap Fund
120841,quant Mid Cap Fund - Growth Option - Direct Plan,20-11-2014,41.6964,quant Mutual Fund,Equity Scheme - Mid Cap Fund
120841,quant Mid Cap Fund - Growth Option - Direct Plan,19-11-2014,41.5746,quant Mutual Fund,Equity Scheme - Mid Cap Fund
120841,quant Mid Cap Fund - Growth Option - Direct Plan,18-11-2014,41.6985,quant Mutual Fund,Equity Scheme - Mid Cap Fund
120841,quant Mid Cap Fund - Growth Option - Direct Plan,17-11-2014,41.5882,quant Mutual Fund,Equity Scheme - Mid Cap Fund
120841,quant Mid Cap Fund - Growth Option - Direct Plan,14-11-2014,41.4928,quant Mutual Fund,Equity Scheme - Mid Cap Fund
120841,quant Mid Cap Fund - Growth Option - Direct Plan,13-11-2014,41.4428,quant Mutual Fund,Equity Scheme - Mid Cap Fund
120841,quant Mid Cap Fund - Growth Option - Direct Plan,12-11-2014,41.5689,quant Mutual Fund,Equity Scheme - Mid Cap Fund
120841,quant Mid Cap Fund - Growth Option - Direct Plan,11-11-2014,41.2873,quant Mutual Fund,Equity Scheme - Mid Cap Fund
120841,quant Mid Cap Fund - Growth Option - Direct Plan,10-11-2014,41.189,quant Mutual Fund,Equity Scheme - Mid Cap Fund
120841,quant Mid Cap Fund - Growth Option - Direct Plan,07-11-2014,41.2118,quant Mutual Fund,Equity Scheme - Mid Cap Fund
120841,quant Mid Cap Fund - Growth Option - Direct Plan,05-11-2014,41.1598,quant Mutual Fund,Equity Scheme - Mid Cap Fund
120841,quant Mid Cap Fund - Growth Option - Direct Plan,03-11-2014,40.8047,quant Mutual Fund,Equity Scheme - Mid Cap Fund
120841,quant Mid Cap Fund - Growth Option - Direct Plan,31-10-2014,40.8608,quant Mutual Fund,Equity Scheme - Mid Cap Fund
120841,quant Mid Cap Fund - Growth Option - Direct Plan,30-10-2014,40.6577,quant Mutual Fund,Equity Scheme - Mid Cap Fund
120841,quant Mid Cap Fund - Growth Option - Direct Plan,29-10-2014,40.7219,quant Mutual Fund,Equity Scheme - Mid Cap Fund
120841,quant Mid Cap Fund - Growth Option - Direct Plan,28-10-2014,40.5753,quant Mutual Fund,Equity Scheme - Mid Cap Fund
120841,quant Mid Cap Fund - Growth Option - Direct Plan,27-10-2014,40.3569,quant Mutual Fund,Equity Scheme - Mid Cap Fund
120841,quant Mid Cap Fund - Growth Option - Direct Plan,22-10-2014,40.243,quant Mutual Fund,Equity Scheme - Mid Cap Fund
120841,quant Mid Cap Fund - Growth Option - Direct Plan,21-10-2014,40.2162,quant Mutual Fund,Equity Scheme - Mid Cap Fund
120841,quant Mid Cap Fund - Growth Option - Direct Plan,20-10-2014,40.0595,quant Mutual Fund,Equity Scheme - Mid Cap Fund
120841,quant Mid Cap Fund - Growth Option - Direct Plan,17-10-2014,39.82,quant Mutual Fund,Equity Scheme - Mid Cap Fund
120841,quant Mid Cap Fund - Growth Option - Direct Plan,16-10-2014,39.8599,quant Mutual Fund,Equity Scheme - Mid Cap Fund
120841,quant Mid Cap Fund - Growth Option - Direct Plan,14-10-2014,40.0185,quant Mutual Fund,Equity Scheme - Mid Cap Fund
120841,quant Mid Cap Fund - Growth Option - Direct Plan,13-10-2014,39.8658,quant Mutual Fund,Equity Scheme - Mid Cap Fund
120841,quant Mid Cap Fund - Growth Option - Direct Plan,10-10-2014,39.8034,quant Mutual Fund,Equity Scheme - Mid Cap Fund
120841,quant Mid Cap Fund - Growth Option - Direct Plan,09-10-2014,40.0505,quant Mutual Fund,Equity Scheme - Mid Cap Fund
120841,quant Mid Cap Fund - Growth Option - Direct Plan,08-10-2014,39.8984,quant Mutual Fund,Equity Scheme - Mid Cap Fund
120841,quant Mid Cap Fund - Growth Option - Direct Plan,07-10-2014,39.993,quant Mutual Fund,Equity Scheme - Mid Cap Fund
120841,quant Mid Cap Fund - Growth Option - Direct Plan,01-10-2014,40.0008,quant Mutual Fund,Equity Scheme - Mid Cap Fund
120841,quant Mid Cap Fund - Growth Option - Direct Plan,30-09-2014,39.8683,quant Mutual Fund,Equity Scheme - Mid Cap Fund
120841,quant Mid Cap Fund - Growth Option - Direct Plan,29-09-2014,39.8013,quant Mutual Fund,Equity Scheme - Mid Cap Fund
120841,quant Mid Cap Fund - Growth Option - Direct Plan,26-09-2014,39.662,quant Mutual Fund,Equity Scheme - Mid Cap Fund
120841,quant Mid Cap Fund - Growth Option - Direct Plan,25-09-2014,39.7424,quant Mutual Fund,Equity Scheme - Mid Cap Fund
120841,quant Mid Cap Fund - Growth Option - Direct Plan,24-09-2014,39.9335,quant Mutual Fund,Equity Scheme - Mid Cap Fund
120841,quant Mid Cap Fund - Growth Option - Direct Plan,23-09-2014,39.8477,quant Mutual Fund,Equity Scheme - Mid Cap Fund
120841,quant Mid Cap Fund - Growth Option - Direct Plan,22-09-2014,40.2295,quant Mutual Fund,Equity Scheme - Mid Cap Fund
120841,quant Mid Cap Fund - Growth Option - Direct Plan,19-09-2014,40.1908,quant Mutual Fund,Equity Scheme - Mid Cap Fund
120841,quant Mid Cap Fund - Growth Option - Direct Plan,18-09-2014,40.055,quant Mutual Fund,Equity Scheme - Mid Cap Fund
120841,quant Mid Cap Fund - Growth Option - Direct Plan,17-09-2014,39.6167,quant Mutual Fund,Equity Scheme - Mid Cap Fund
120841,quant Mid Cap Fund - Growth Option - Direct Plan,16-09-2014,39.6792,quant Mutual Fund,Equity Scheme - Mid Cap Fund
120841,quant Mid Cap Fund - Growth Option - Direct Plan,15-09-2014,40.1784,quant Mutual Fund,Equity Scheme - Mid Cap Fund
120841,quant Mid Cap Fund - Growth Option - Direct Plan,12-09-2014,39.9154,quant Mutual Fund,Equity Scheme - Mid Cap Fund
120841,quant Mid Cap Fund - Growth Option - Direct Plan,11-09-2014,40.0504,quant Mutual Fund,Equity Scheme - Mid Cap Fund
120841,quant Mid Cap Fund - Growth Option - Direct Plan,10-09-2014,40.079,quant Mutual Fund,Equity Scheme - Mid Cap Fund
120841,quant Mid Cap Fund - Growth Option - Direct Plan,09-09-2014,39.9404,quant Mutual Fund,Equity Scheme - Mid Cap Fund
120841,quant Mid Cap Fund - Growth Option - Direct Plan,08-09-2014,39.8876,quant Mutual Fund,Equity Scheme - Mid Cap Fund
120841,quant Mid Cap Fund - Growth Option - Direct Plan,05-09-2014,39.4447,quant Mutual Fund,Equity Scheme - Mid Cap Fund
120841,quant Mid Cap Fund - Growth Option - Direct Plan,04-09-2014,39.3929,quant Mutual Fund,Equity Scheme - Mid Cap Fund
120841,quant Mid Cap Fund - Growth Option - Direct Plan,03-09-2014,39.1931,quant Mutual Fund,Equity Scheme - Mid Cap Fund
120841,quant Mid Cap Fund - Growth Option - Direct Plan,02-09-2014,38.8758,quant Mutual Fund,Equity Scheme - Mid Cap Fund
120841,quant Mid Cap Fund - Growth Option - Direct Plan,01-09-2014,38.822,quant Mutual Fund,Equity Scheme - Mid Cap Fund
120841,quant Mid Cap Fund - Growth Option - Direct Plan,28-08-2014,38.6759,quant Mutual Fund,Equity Scheme - Mid Cap Fund
120841,quant Mid Cap Fund - Growth Option - Direct Plan,27-08-2014,38.7438,quant Mutual Fund,Equity Scheme - Mid Cap Fund
120841,quant Mid Cap Fund - Growth Option - Direct Plan,26-08-2014,38.5566,quant Mutual Fund,Equity Scheme - Mid Cap Fund
120841,quant Mid Cap Fund - Growth Option - Direct Plan,25-08-2014,38.5089,quant Mutual Fund,Equity Scheme - Mid Cap Fund
120841,quant Mid Cap Fund - Growth Option - Direct Plan,22-08-2014,38.229,quant Mutual Fund,Equity Scheme - Mid Cap Fund
120841,quant Mid Cap Fund - Growth Option - Direct Plan,21-08-2014,37.9101,quant Mutual Fund,Equity Scheme - Mid Cap Fund
120841,quant Mid Cap Fund - Growth Option - Direct Plan,20-08-2014,37.9221,quant Mutual Fund,Equity Scheme - Mid Cap Fund
120841,quant Mid Cap Fund - Growth Option - Direct Plan,19-08-2014,37.8322,quant Mutual Fund,Equity Scheme - Mid Cap Fund
120841,quant Mid Cap Fund - Growth Option - Direct Plan,18-08-2014,37.7987,quant Mutual Fund,Equity Scheme - Mid Cap Fund
120841,quant Mid Cap Fund - Growth Option - Direct Plan,14-08-2014,37.4988,quant Mutual Fund,Equity Scheme - Mid Cap Fund
120841,quant Mid Cap Fund - Growth Option - Direct Plan,13-08-2014,37.2429,quant Mutual Fund,Equity Scheme - Mid Cap Fund
120841,quant Mid Cap Fund - Growth Option - Direct Plan,12-08-2014,37.3673,quant Mutual Fund,Equity Scheme - Mid Cap Fund
120841,quant Mid Cap Fund - Growth Option - Direct Plan,11-08-2014,37.2669,quant Mutual Fund,Equity Scheme - Mid Cap Fund
120841,quant Mid Cap Fund - Growth Option - Direct Plan,08-08-2014,37.2728,quant Mutual Fund,Equity Scheme - Mid Cap Fund
120841,quant Mid Cap Fund - Growth Option - Direct Plan,07-08-2014,37.3269,quant Mutual Fund,Equity Scheme - Mid Cap Fund
120841,quant Mid Cap Fund - Growth Option - Direct Plan,06-08-2014,37.3793,quant Mutual Fund,Equity Scheme - Mid Cap Fund
120841,quant Mid Cap Fund - Growth Option - Direct Plan,05-08-2014,37.4906,quant Mutual Fund,Equity Scheme - Mid Cap Fund
120841,quant Mid Cap Fund - Growth Option - Direct Plan,04-08-2014,37.4721,quant Mutual Fund,Equity Scheme - Mid Cap Fund
120841,quant Mid Cap Fund - Growth Option - Direct Plan,01-08-2014,37.3011,quant Mutual Fund,Equity Scheme - Mid Cap Fund
120841,quant Mid Cap Fund - Growth Option - Direct Plan,31-07-2014,37.2912,quant Mutual Fund,Equity Scheme - Mid Cap Fund
120841,quant Mid Cap Fund - Growth Option - Direct Plan,30-07-2014,37.4191,quant Mutual Fund,Equity Scheme - Mid Cap Fund
120841,quant Mid Cap Fund - Growth Option - Direct Plan,28-07-2014,37.2808,quant Mutual Fund,Equity Scheme - Mid Cap Fund
120841,quant Mid Cap Fund - Growth Option - Direct Plan,25-07-2014,37.3283,quant Mutual Fund,Equity Scheme - Mid Cap Fund
120841,quant Mid Cap Fund - Growth Option - Direct Plan,24-07-2014,37.3938,quant Mutual Fund,Equity Scheme - Mid Cap Fund
120841,quant Mid Cap Fund - Growth Option - Direct Plan,23-07-2014,37.5776,quant Mutual Fund,Equity Scheme - Mid Cap Fund
120841,quant Mid Cap Fund - Growth Option - Direct Plan,22-07-2014,37.6725,quant Mutual Fund,Equity Scheme - Mid Cap Fund
120841,quant Mid Cap Fund - Growth Option - Direct Plan,21-07-2014,37.6895,quant Mutual Fund,Equity Scheme - Mid Cap Fund
120841,quant Mid Cap Fund - Growth Option - Direct Plan,18-07-2014,37.6211,quant Mutual Fund,Equity Scheme - Mid Cap Fund
120841,quant Mid Cap Fund - Growth Option - Direct Plan,17-07-2014,37.6555,quant Mutual Fund,Equity Scheme - Mid Cap Fund
120841,quant Mid Cap Fund - Growth Option - Direct Plan,16-07-2014,37.5456,quant Mutual Fund,Equity Scheme - Mid Cap Fund
120841,quant Mid Cap Fund - Growth Option - Direct Plan,15-07-2014,37.0449,quant Mutual Fund,Equity Scheme - Mid Cap Fund
120841,quant Mid Cap Fund - Growth Option - Direct Plan,14-07-2014,36.7263,quant Mutual Fund,Equity Scheme - Mid Cap Fund
120841,quant Mid Cap Fund - Growth Option - Direct Plan,11-07-2014,36.7241,quant Mutual Fund,Equity Scheme - Mid Cap Fund
120841,quant Mid Cap Fund - Growth Option - Direct Plan,10-07-2014,37.0771,quant Mutual Fund,Equity Scheme - Mid Cap Fund
120841,quant Mid Cap Fund - Growth Option - Direct Plan,09-07-2014,36.9564,quant Mutual Fund,Equity Scheme - Mid Cap Fund
120841,quant Mid Cap Fund - Growth Option - Direct Plan,08-07-2014,37.1313,quant Mutual Fund,Equity Scheme - Mid Cap Fund
120841,quant Mid Cap Fund - Growth Option - Direct Plan,07-07-2014,37.5056,quant Mutual Fund,Equity Scheme - Mid Cap Fund
120841,quant Mid Cap Fund - Growth Option - Direct Plan,04-07-2014,37.496,quant Mutual Fund,Equity Scheme - Mid Cap Fund
120841,quant Mid Cap Fund - Growth Option - Direct Plan,03-07-2014,37.3962,quant Mutual Fund,Equity Scheme - Mid Cap Fund
120841,quant Mid Cap Fund - Growth Option - Direct Plan,02-07-2014,37.4514,quant Mutual Fund,Equity Scheme - Mid Cap Fund
120841,quant Mid Cap Fund - Growth Option - Direct Plan,01-07-2014,36.9762,quant Mutual Fund,Equity Scheme - Mid Cap Fund
120841,quant Mid Cap Fund - Growth Option - Direct Plan,30-06-2014,36.9414,quant Mutual Fund,Equity Scheme - Mid Cap Fund
120841,quant Mid Cap Fund - Growth Option - Direct Plan,27-06-2014,36.7123,quant Mutual Fund,Equity Scheme - Mid Cap Fund
120841,quant Mid Cap Fund - Growth Option - Direct Plan,26-06-2014,36.6332,quant Mutual Fund,Equity Scheme - Mid Cap Fund
120841,quant Mid Cap Fund - Growth Option - Direct Plan,25-06-2014,36.6885,quant Mutual Fund,Equity Scheme - Mid Cap Fund
120841,quant Mid Cap Fund - Growth Option - Direct Plan,24-06-2014,36.5613,quant Mutual Fund,Equity Scheme - Mid Cap Fund
120841,quant Mid Cap Fund - Growth Option - Direct Plan,23-06-2014,36.4175,quant Mutual Fund,Equity Scheme - Mid Cap Fund
120841,quant Mid Cap Fund - Growth Option - Direct Plan,20-06-2014,36.557,quant Mutual Fund,Equity Scheme - Mid Cap Fund
120841,quant Mid Cap Fund - Growth Option - Direct Plan,19-06-2014,36.5263,quant Mutual Fund,Equity Scheme - Mid Cap Fund
120841,quant Mid Cap Fund - Growth Option - Direct Plan,18-06-2014,36.65,quant Mutual Fund,Equity Scheme - Mid Cap Fund
120841,quant Mid Cap Fund - Growth Option - Direct Plan,17-06-2014,36.621,quant Mutual Fund,Equity Scheme - Mid Cap Fund
120841,quant Mid Cap Fund - Growth Option - Direct Plan,16-06-2014,36.5217,quant Mutual Fund,Equity Scheme - Mid Cap Fund
120841,quant Mid Cap Fund - Growth Option - Direct Plan,13-06-2014,36.4924,quant Mutual Fund,Equity Scheme - Mid Cap Fund
120841,quant Mid Cap Fund - Growth Option - Direct Plan,12-06-2014,36.7601,quant Mutual Fund,Equity Scheme - Mid Cap Fund
120841,quant Mid Cap Fund - Growth Option - Direct Plan,11-06-2014,36.8234,quant Mutual Fund,Equity Scheme - Mid Cap Fund
120841,quant Mid Cap Fund - Growth Option - Direct Plan,10-06-2014,36.9468,quant Mutual Fund,Equity Scheme - Mid Cap Fund
120841,quant Mid Cap Fund - Growth Option - Direct Plan,09-06-2014,36.8518,quant Mutual Fund,Equity Scheme - Mid Cap Fund
120841,quant Mid Cap Fund - Growth Option - Direct Plan,06-06-2014,36.5904,quant Mutual Fund,Equity Scheme - Mid Cap Fund
120841,quant Mid Cap Fund - Growth Option - Direct Plan,05-06-2014,36.399,quant Mutual Fund,Equity Scheme - Mid Cap Fund
120841,quant Mid Cap Fund - Growth Option - Direct Plan,04-06-2014,36.2579,quant Mutual Fund,Equity Scheme - Mid Cap Fund
120841,quant Mid Cap Fund - Growth Option - Direct Plan,03-06-2014,36.1302,quant Mutual Fund,Equity Scheme - Mid Cap Fund
120841,quant Mid Cap Fund - Growth Option - Direct Plan,02-06-2014,36.0403,quant Mutual Fund,Equity Scheme - Mid Cap Fund
120841,quant Mid Cap Fund - Growth Option - Direct Plan,30-05-2014,35.808,quant Mutual Fund,Equity Scheme - Mid Cap Fund
120841,quant Mid Cap Fund - Growth Option - Direct Plan,29-05-2014,35.7832,quant Mutual Fund,Equity Scheme - Mid Cap Fund
120841,quant Mid Cap Fund - Growth Option - Direct Plan,28-05-2014,35.8232,quant Mutual Fund,Equity Scheme - Mid Cap Fund
120841,quant Mid Cap Fund - Growth Option - Direct Plan,27-05-2014,35.6921,quant Mutual Fund,Equity Scheme - Mid Cap Fund
120841,quant Mid Cap Fund - Growth Option - Direct Plan,26-05-2014,35.7583,quant Mutual Fund,Equity Scheme - Mid Cap Fund
120841,quant Mid Cap Fund - Growth Option - Direct Plan,23-05-2014,35.962,quant Mutual Fund,Equity Scheme - Mid Cap Fund
120841,quant Mid Cap Fund - Growth Option - Direct Plan,22-05-2014,35.9131,quant Mutual Fund,Equity Scheme - Mid Cap Fund
120841,quant Mid Cap Fund - Growth Option - Direct Plan,21-05-2014,35.7331,quant Mutual Fund,Equity Scheme - Mid Cap Fund
120841,quant Mid Cap Fund - Growth Option - Direct Plan,20-05-2014,35.5816,quant Mutual Fund,Equity Scheme - Mid Cap Fund
120841,quant Mid Cap Fund - Growth Option - Direct Plan,19-05-2014,35.3626,quant Mutual Fund,Equity Scheme - Mid Cap Fund
120841,quant Mid Cap Fund - Growth Option - Direct Plan,16-05-2014,35.2264,quant Mutual Fund,Equity Scheme - Mid Cap Fund
120841,quant Mid Cap Fund - Growth Option - Direct Plan,15-05-2014,35.1011,quant Mutual Fund,Equity Scheme - Mid Cap Fund
120841,quant Mid Cap Fund - Growth Option - Direct Plan,13-05-2014,35.1825,quant Mutual Fund,Equity Scheme - Mid Cap Fund
120841,quant Mid Cap Fund - Growth Option - Direct Plan,12-05-2014,35.0663,quant Mutual Fund,Equity Scheme - Mid Cap Fund
120841,quant Mid Cap Fund - Growth Option - Direct Plan,09-05-2014,35.1143,quant Mutual Fund,Equity Scheme - Mid Cap Fund
120841,quant Mid Cap Fund - Growth Option - Direct Plan,08-05-2014,34.9568,quant Mutual Fund,Equity Scheme - Mid Cap Fund
120841,quant Mid Cap Fund - Growth Option - Direct Plan,07-05-2014,34.9808,quant Mutual Fund,Equity Scheme - Mid Cap Fund
120841,quant Mid Cap Fund - Growth Option - Direct Plan,06-05-2014,35.0292,quant Mutual Fund,Equity Scheme - Mid Cap Fund
120841,quant Mid Cap Fund - Growth Option - Direct Plan,05-05-2014,35.0838,quant Mutual Fund,Equity Scheme - Mid Cap Fund
120841,quant Mid Cap Fund - Growth Option - Direct Plan,02-05-2014,35.0865,quant Mutual Fund,Equity Scheme - Mid Cap Fund
120841,quant Mid Cap Fund - Growth Option - Direct Plan,30-04-2014,35.1457,quant Mutual Fund,Equity Scheme - Mid Cap Fund
120841,quant Mid Cap Fund - Growth Option - Direct Plan,29-04-2014,35.3096,quant Mutual Fund,Equity Scheme - Mid Cap Fund
120841,quant Mid Cap Fund - Growth Option - Direct Plan,28-04-2014,35.4212,quant Mutual Fund,Equity Scheme - Mid Cap Fund
120841,quant Mid Cap Fund - Growth Option - Direct Plan,25-04-2014,35.3158,quant Mutual Fund,Equity Scheme - Mid Cap Fund
120841,quant Mid Cap Fund - Growth Option - Direct Plan,23-04-2014,35.277,quant Mutual Fund,Equity Scheme - Mid Cap Fund
120841,quant Mid Cap Fund - Growth Option - Direct Plan,22-04-2014,35.2249,quant Mutual Fund,Equity Scheme - Mid Cap Fund
120841,quant Mid Cap Fund - Growth Option - Direct Plan,21-04-2014,35.2201,quant Mutual Fund,Equity Scheme - Mid Cap Fund
120841,quant Mid Cap Fund - Growth Option - Direct Plan,17-04-2014,35.0202,quant Mutual Fund,Equity Scheme - Mid Cap Fund
120841,quant Mid Cap Fund - Growth Option - Direct Plan,16-04-2014,34.8088,quant Mutual Fund,Equity Scheme - Mid Cap Fund
120841,quant Mid Cap Fund - Growth Option - Direct Plan,15-04-2014,34.8415,quant Mutual Fund,Equity Scheme - Mid Cap Fund
120841,quant Mid Cap Fund - Growth Option - Direct Plan,11-04-2014,34.8263,quant Mutual Fund,Equity Scheme - Mid Cap Fund
120841,quant Mid Cap Fund - Growth Option - Direct Plan,10-04-2014,34.6955,quant Mutual Fund,Equity Scheme - Mid Cap Fund
120841,quant Mid Cap Fund - Growth Option - Direct Plan,09-04-2014,34.6294,quant Mutual Fund,Equity Scheme - Mid Cap Fund
120841,quant Mid Cap Fund - Growth Option - Direct Plan,07-04-2014,34.5081,quant Mutual Fund,Equity Scheme - Mid Cap Fund
120841,quant Mid Cap Fund - Growth Option - Direct Plan,04-04-2014,34.5208,quant Mutual Fund,Equity Scheme - Mid Cap Fund
120841,quant Mid Cap Fund - Growth Option - Direct Plan,03-04-2014,34.4587,quant Mutual Fund,Equity Scheme - Mid Cap Fund
120841,quant Mid Cap Fund - Growth Option - Direct Plan,02-04-2014,34.4663,quant Mutual Fund,Equity Scheme - Mid Cap Fund
120841,quant Mid Cap Fund - Growth Option - Direct Plan,01-04-2014,34.4386,quant Mutual Fund,Equity Scheme - Mid Cap Fund
120841,quant Mid Cap Fund - Growth Option - Direct Plan,31-03-2014,34.3716,quant Mutual Fund,Equity Scheme - Mid Cap Fund
120841,quant Mid Cap Fund - Growth Option - Direct Plan,28-03-2014,34.2524,quant Mutual Fund,Equity Scheme - Mid Cap Fund
120841,quant Mid Cap Fund - Growth Option - Direct Plan,27-03-2014,34.1115,quant Mutual Fund,Equity Scheme - Mid Cap Fund
120841,quant Mid Cap Fund - Growth Option - Direct Plan,26-03-2014,33.998,quant Mutual Fund,Equity Scheme - Mid Cap Fund
120841,quant Mid Cap Fund - Growth Option - Direct Plan,25-03-2014,33.9937,quant Mutual Fund,Equity Scheme - Mid Cap Fund
120841,quant Mid Cap Fund - Growth Option - Direct Plan,24-03-2014,34.0039,quant Mutual Fund,Equity Scheme - Mid Cap Fund
120841,quant Mid Cap Fund - Growth Option - Direct Plan,21-03-2014,33.9409,quant Mutual Fund,Equity Scheme - Mid Cap Fund
120841,quant Mid Cap Fund - Growth Option - Direct Plan,20-03-2014,33.9027,quant Mutual Fund,Equity Scheme - Mid Cap Fund
120841,quant Mid Cap Fund - Growth Option - Direct Plan,19-03-2014,33.908,quant Mutual Fund,Equity Scheme - Mid Cap Fund
120841,quant Mid Cap Fund - Growth Option - Direct Plan,18-03-2014,33.8637,quant Mutual Fund,Equity Scheme - Mid Cap Fund
120841,quant Mid Cap Fund - Growth Option - Direct Plan,14-03-2014,33.8191,quant Mutual Fund,Equity Scheme - Mid Cap Fund
120841,quant Mid Cap Fund - Growth Option - Direct Plan,13-03-2014,33.8708,quant Mutual Fund,Equity Scheme - Mid Cap Fund
120841,quant Mid Cap Fund - Growth Option - Direct Plan,12-03-2014,33.918,quant Mutual Fund,Equity Scheme - Mid Cap Fund
120841,quant Mid Cap Fund - Growth Option - Direct Plan,11-03-2014,33.9443,quant Mutual Fund,Equity Scheme - Mid Cap Fund
120841,quant Mid Cap Fund - Growth Option - Direct Plan,10-03-2014,33.8479,quant Mutual Fund,Equity Scheme - Mid Cap Fund
120841,quant Mid Cap Fund - Growth Option - Direct Plan,07-03-2014,33.8733,quant Mutual Fund,Equity Scheme - Mid Cap Fund
120841,quant Mid Cap Fund - Growth Option - Direct Plan,06-03-2014,33.822,quant Mutual Fund,Equity Scheme - Mid Cap Fund
120841,quant Mid Cap Fund - Growth Option - Direct Plan,05-03-2014,33.72,quant Mutual Fund,Equity Scheme - Mid Cap Fund
120841,quant Mid Cap Fund - Growth Option - Direct Plan,04-03-2014,33.6518,quant Mutual Fund,Equity Scheme - Mid Cap Fund
120841,quant Mid Cap Fund - Growth Option - Direct Plan,03-03-2014,33.4822,quant Mutual Fund,Equity Scheme - Mid Cap Fund
120841,quant Mid Cap Fund - Growth Option - Direct Plan,28-02-2014,33.4958,quant Mutual Fund,Equity Scheme - Mid Cap Fund
120841,quant Mid Cap Fund - Growth Option - Direct Plan,26-02-2014,33.5375,quant Mutual Fund,Equity Scheme - Mid Cap Fund
120841,quant Mid Cap Fund - Growth Option - Direct Plan,25-02-2014,33.443,quant Mutual Fund,Equity Scheme - Mid Cap Fund
120841,quant Mid Cap Fund - Growth Option - Direct Plan,24-02-2014,33.4027,quant Mutual Fund,Equity Scheme - Mid Cap Fund
120841,quant Mid Cap Fund - Growth Option - Direct Plan,21-02-2014,33.2961,quant Mutual Fund,Equity Scheme - Mid Cap Fund
120841,quant Mid Cap Fund - Growth Option - Direct Plan,20-02-2014,33.2042,quant Mutual Fund,Equity Scheme - Mid Cap Fund
120841,quant Mid Cap Fund - Growth Option - Direct Plan,19-02-2014,33.2091,quant Mutual Fund,Equity Scheme - Mid Cap Fund
120841,quant Mid Cap Fund - Growth Option - Direct Plan,18-02-2014,33.2698,quant Mutual Fund,Equity Scheme - Mid Cap Fund
120841,quant Mid Cap Fund - Growth Option - Direct Plan,17-02-2014,33.1427,quant Mutual Fund,Equity Scheme - Mid Cap Fund
120841,quant Mid Cap Fund - Growth Option - Direct Plan,14-02-2014,33.0458,quant Mutual Fund,Equity Scheme - Mid Cap Fund
120841,quant Mid Cap Fund - Growth Option - Direct Plan,13-02-2014,33.0386,quant Mutual Fund,Equity Scheme - Mid Cap Fund
120841,quant Mid Cap Fund - Growth Option - Direct Plan,12-02-2014,33.0892,quant Mutual Fund,Equity Scheme - Mid Cap Fund
120841,quant Mid Cap Fund - Growth Option - Direct Plan,11-02-2014,33.0822,quant Mutual Fund,Equity Scheme - Mid Cap Fund
120841,quant Mid Cap Fund - Growth Option - Direct Plan,10-02-2014,33.1096,quant Mutual Fund,Equity Scheme - Mid Cap Fund
120841,quant Mid Cap Fund - Growth Option - Direct Plan,07-02-2014,33.0979,quant Mutual Fund,Equity Scheme - Mid Cap Fund
120841,quant Mid Cap Fund - Growth Option - Direct Plan,06-02-2014,33.0351,quant Mutual Fund,Equity Scheme - Mid Cap Fund
120841,quant Mid Cap Fund - Growth Option - Direct Plan,05-02-2014,33.0271,quant Mutual Fund,Equity Scheme - Mid Cap Fund
120841,quant Mid Cap Fund - Growth Option - Direct Plan,04-02-2014,32.9965,quant Mutual Fund,Equity Scheme - Mid Cap Fund
120841,quant Mid Cap Fund - Growth Option - Direct Plan,03-02-2014,33.0118,quant Mutual Fund,Equity Scheme - Mid Cap Fund
120841,quant Mid Cap Fund - Growth Option - Direct Plan,31-01-2014,33.0176,quant Mutual Fund,Equity Scheme - Mid Cap Fund
120841,quant Mid Cap Fund - Growth Option - Direct Plan,30-01-2014,32.9481,quant Mutual Fund,Equity Scheme - Mid Cap Fund
120841,quant Mid Cap Fund - Growth Option - Direct Plan,29-01-2014,33.059,quant Mutual Fund,Equity Scheme - Mid Cap Fund
120841,quant Mid Cap Fund - Growth Option - Direct Plan,28-01-2014,33.0627,quant Mutual Fund,Equity Scheme - Mid Cap Fund
120841,quant Mid Cap Fund - Growth Option - Direct Plan,27-01-2014,33.1357,quant Mutual Fund,Equity Scheme - Mid Cap Fund
120841,quant Mid Cap Fund - Growth Option - Direct Plan,24-01-2014,33.2323,quant Mutual Fund,Equity Scheme - Mid Cap Fund
120841,quant Mid Cap Fund - Growth Option - Direct Plan,23-01-2014,33.2825,quant Mutual Fund,Equity Scheme - Mid Cap Fund
120841,quant Mid Cap Fund - Growth Option - Direct Plan,22-01-2014,33.271,quant Mutual Fund,Equity Scheme - Mid Cap Fund
120841,quant Mid Cap Fund - Growth Option - Direct Plan,21-01-2014,33.2731,quant Mutual Fund,Equity Scheme - Mid Cap Fund
120841,quant Mid Cap Fund - Growth Option - Direct Plan,20-01-2014,33.2606,quant Mutual Fund,Equity Scheme - Mid Cap Fund
120841,quant Mid Cap Fund - Growth Option - Direct Plan,17-01-2014,33.1938,quant Mutual Fund,Equity Scheme - Mid Cap Fund
120841,quant Mid Cap Fund - Growth Option - Direct Plan,16-01-2014,33.2535,quant Mutual Fund,Equity Scheme - Mid Cap Fund
120841,quant Mid Cap Fund - Growth Option - Direct Plan,15-01-2014,33.2341,quant Mutual Fund,Equity Scheme - Mid Cap Fund
120841,quant Mid Cap Fund - Growth Option - Direct Plan,14-01-2014,33.185,quant Mutual Fund,Equity Scheme - Mid Cap Fund
120841,quant Mid Cap Fund - Growth Option - Direct Plan,13-01-2014,33.1891,quant Mutual Fund,Equity Scheme - Mid Cap Fund
120841,quant Mid Cap Fund - Growth Option - Direct Plan,10-01-2014,33.1133,quant Mutual Fund,Equity Scheme - Mid Cap Fund
120841,quant Mid Cap Fund - Growth Option - Direct Plan,09-01-2014,33.1135,quant Mutual Fund,Equity Scheme - Mid Cap Fund
120841,quant Mid Cap Fund - Growth Option - Direct Plan,08-01-2014,33.1048,quant Mutual Fund,Equity Scheme - Mid Cap Fund
120841,quant Mid Cap Fund - Growth Option - Direct Plan,07-01-2014,33.1179,quant Mutual Fund,Equity Scheme - Mid Cap Fund
120841,quant Mid Cap Fund - Growth Option - Direct Plan,06-01-2014,33.1183,quant Mutual Fund,Equity Scheme - Mid Cap Fund
120841,quant Mid Cap Fund - Growth Option - Direct Plan,03-01-2014,33.2596,quant Mutual Fund,Equity Scheme - Mid Cap Fund
120841,quant Mid Cap Fund - Growth Option - Direct Plan,02-01-2014,33.2215,quant Mutual Fund,Equity Scheme - Mid Cap Fund
120841,quant Mid Cap Fund - Growth Option - Direct Plan,01-01-2014,33.2578,quant Mutual Fund,Equity Scheme - Mid Cap Fund
120841,quant Mid Cap Fund - Growth Option - Direct Plan,31-12-2013,33.267,quant Mutual Fund,Equity Scheme - Mid Cap Fund
120841,quant Mid Cap Fund - Growth Option - Direct Plan,30-12-2013,33.2426,quant Mutual Fund,Equity Scheme - Mid Cap Fund
120841,quant Mid Cap Fund - Growth Option - Direct Plan,27-12-2013,33.2216,quant Mutual Fund,Equity Scheme - Mid Cap Fund
120841,quant Mid Cap Fund - Growth Option - Direct Plan,26-12-2013,33.1844,quant Mutual Fund,Equity Scheme - Mid Cap Fund
120841,quant Mid Cap Fund - Growth Option - Direct Plan,24-12-2013,33.1496,quant Mutual Fund,Equity Scheme - Mid Cap Fund
120841,quant Mid Cap Fund - Growth Option - Direct Plan,23-12-2013,33.1548,quant Mutual Fund,Equity Scheme - Mid Cap Fund
120841,quant Mid Cap Fund - Growth Option - Direct Plan,21-12-2013,33.09,quant Mutual Fund,Equity Scheme - Mid Cap Fund
120841,quant Mid Cap Fund - Growth Option - Direct Plan,20-12-2013,33.0843,quant Mutual Fund,Equity Scheme - Mid Cap Fund
120841,quant Mid Cap Fund - Growth Option - Direct Plan,19-12-2013,33.0031,quant Mutual Fund,Equity Scheme - Mid Cap Fund
120841,quant Mid Cap Fund - Growth Option - Direct Plan,18-12-2013,32.9813,quant Mutual Fund,Equity Scheme - Mid Cap Fund
120841,quant Mid Cap Fund - Growth Option - Direct Plan,17-12-2013,32.834,quant Mutual Fund,Equity Scheme - Mid Cap Fund
120841,quant Mid Cap Fund - Growth Option - Direct Plan,16-12-2013,32.8574,quant Mutual Fund,Equity Scheme - Mid Cap Fund
120841,quant Mid Cap Fund - Growth Option - Direct Plan,13-12-2013,32.807,quant Mutual Fund,Equity Scheme - Mid Cap Fund
120841,quant Mid Cap Fund - Growth Option - Direct Plan,12-12-2013,32.8431,quant Mutual Fund,Equity Scheme - Mid Cap Fund
120841,quant Mid Cap Fund - Growth Option - Direct Plan,11-12-2013,32.8339,quant Mutual Fund,Equity Scheme - Mid Cap Fund
120841,quant Mid Cap Fund - Growth Option - Direct Plan,10-12-2013,32.8561,quant Mutual Fund,Equity Scheme - Mid Cap Fund
120841,quant Mid Cap Fund - Growth Option - Direct Plan,09-12-2013,32.8598,quant Mutual Fund,Equity Scheme - Mid Cap Fund
120841,quant Mid Cap Fund - Growth Option - Direct Plan,06-12-2013,32.8026,quant Mutual Fund,Equity Scheme - Mid Cap Fund
120841,quant Mid Cap Fund - Growth Option - Direct Plan,05-12-2013,32.8103,quant Mutual Fund,Equity Scheme - Mid Cap Fund
120841,quant Mid Cap Fund - Growth Option - Direct Plan,04-12-2013,32.7606,quant Mutual Fund,Equity Scheme - Mid Cap Fund
120841,quant Mid Cap Fund - Growth Option - Direct Plan,03-12-2013,32.7924,quant Mutual Fund,Equity Scheme - Mid Cap Fund
120841,quant Mid Cap Fund - Growth Option - Direct Plan,02-12-2013,32.7932,quant Mutual Fund,Equity Scheme - Mid Cap Fund
120841,quant Mid Cap Fund - Growth Option - Direct Plan,29-11-2013,32.7537,quant Mutual Fund,Equity Scheme - Mid Cap Fund
120841,quant Mid Cap Fund - Growth Option - Direct Plan,28-11-2013,32.7085,quant Mutual Fund,Equity Scheme - Mid Cap Fund
120841,quant Mid Cap Fund - Growth Option - Direct Plan,27-11-2013,32.6643,quant Mutual Fund,Equity Scheme - Mid Cap Fund
120841,quant Mid Cap Fund - Growth Option - Direct Plan,26-11-2013,32.5796,quant Mutual Fund,Equity Scheme - Mid Cap Fund
120841,quant Mid Cap Fund - Growth Option - Direct Plan,25-11-2013,32.5583,quant Mutual Fund,Equity Scheme - Mid Cap Fund
120841,quant Mid Cap Fund - Growth Option - Direct Plan,22-11-2013,32.5096,quant Mutual Fund,Equity Scheme - Mid Cap Fund
120841,quant Mid Cap Fund - Growth Option - Direct Plan,21-11-2013,32.488,quant Mutual Fund,Equity Scheme - Mid Cap Fund
120841,quant Mid Cap Fund - Growth Option - Direct Plan,20-11-2013,32.5391,quant Mutual Fund,Equity Scheme - Mid Cap Fund
120841,quant Mid Cap Fund - Growth Option - Direct Plan,19-11-2013,32.5017,quant Mutual Fund,Equity Scheme - Mid Cap Fund
120841,quant Mid Cap Fund - Growth Option - Direct Plan,18-11-2013,32.4751,quant Mutual Fund,Equity Scheme - Mid Cap Fund
120841,quant Mid Cap Fund - Growth Option - Direct Plan,15-11-2013,32.4474,quant Mutual Fund,Equity Scheme - Mid Cap Fund
120841,quant Mid Cap Fund - Growth Option - Direct Plan,14-11-2013,32.4418,quant Mutual Fund,Equity Scheme - Mid Cap Fund
120841,quant Mid Cap Fund - Growth Option - Direct Plan,13-11-2013,32.4322,quant Mutual Fund,Equity Scheme - Mid Cap Fund
120841,quant Mid Cap Fund - Growth Option - Direct Plan,12-11-2013,32.3947,quant Mutual Fund,Equity Scheme - Mid Cap Fund
120841,quant Mid Cap Fund - Growth Option - Direct Plan,11-11-2013,32.4955,quant Mutual Fund,Equity Scheme - Mid Cap Fund
120841,quant Mid Cap Fund - Growth Option - Direct Plan,08-11-2013,32.5316,quant Mutual Fund,Equity Scheme - Mid Cap Fund
120841,quant Mid Cap Fund - Growth Option - Direct Plan,07-11-2013,32.5983,quant Mutual Fund,Equity Scheme - Mid Cap Fund
120841,quant Mid Cap Fund - Growth Option - Direct Plan,06-11-2013,32.6265,quant Mutual Fund,Equity Scheme - Mid Cap Fund
120841,quant Mid Cap Fund - Growth Option - Direct Plan,05-11-2013,32.7174,quant Mutual Fund,Equity Scheme - Mid Cap Fund
120841,quant Mid Cap Fund - Growth Option - Direct Plan,04-11-2013,32.6618,quant Mutual Fund,Equity Scheme - Mid Cap Fund
120841,quant Mid Cap Fund - Growth Option - Direct Plan,01-11-2013,32.6454,quant Mutual Fund,Equity Scheme - Mid Cap Fund
120841,quant Mid Cap Fund - Growth Option - Direct Plan,31-10-2013,32.6518,quant Mutual Fund,Equity Scheme - Mid Cap Fund
120841,quant Mid Cap Fund - Growth Option - Direct Plan,30-10-2013,32.6125,quant Mutual Fund,Equity Scheme - Mid Cap Fund
120841,quant Mid Cap Fund - Growth Option - Direct Plan,29-10-2013,32.6515,quant Mutual Fund,Equity Scheme - Mid Cap Fund
120841,quant Mid Cap Fund - Growth Option - Direct Plan,28-10-2013,32.5484,quant Mutual Fund,Equity Scheme - Mid Cap Fund
120841,quant Mid Cap Fund - Growth Option - Direct Plan,25-10-2013,32.5173,quant Mutual Fund,Equity Scheme - Mid Cap Fund
120841,quant Mid Cap Fund - Growth Option - Direct Plan,24-10-2013,32.5346,quant Mutual Fund,Equity Scheme - Mid Cap Fund
120841,quant Mid Cap Fund - Growth Option - Direct Plan,23-10-2013,32.5233,quant Mutual Fund,Equity Scheme - Mid Cap Fund
120841,quant Mid Cap Fund - Growth Option - Direct Plan,22-10-2013,32.4872,quant Mutual Fund,Equity Scheme - Mid Cap Fund
120841,quant Mid Cap Fund - Growth Option - Direct Plan,21-10-2013,32.4775,quant Mutual Fund,Equity Scheme - Mid Cap Fund
120841,quant Mid Cap Fund - Growth Option - Direct Plan,18-10-2013,32.4268,quant Mutual Fund,Equity Scheme - Mid Cap Fund
120841,quant Mid Cap Fund - Growth Option - Direct Plan,17-10-2013,32.3189,quant Mutual Fund,Equity Scheme - Mid Cap Fund
120841,quant Mid Cap Fund - Growth Option - Direct Plan,16-10-2013,32.2938,quant Mutual Fund,Equity Scheme - Mid Cap Fund
120841,quant Mid Cap Fund - Growth Option - Direct Plan,15-10-2013,32.2883,quant Mutual Fund,Equity Scheme - Mid Cap Fund
120841,quant Mid Cap Fund - Growth Option - Direct Plan,14-10-2013,32.3093,quant Mutual Fund,Equity Scheme - Mid Cap Fund
120841,quant Mid Cap Fund - Growth Option - Direct Plan,11-10-2013,32.3317,quant Mutual Fund,Equity Scheme - Mid Cap Fund
120841,quant Mid Cap Fund - Growth Option - Direct Plan,10-10-2013,32.301,quant Mutual Fund,Equity Scheme - Mid Cap Fund
120841,quant Mid Cap Fund - Growth Option - Direct Plan,09-10-2013,32.3213,quant Mutual Fund,Equity Scheme - Mid Cap Fund
120841,quant Mid Cap Fund - Growth Option - Direct Plan,08-10-2013,32.2513,quant Mutual Fund,Equity Scheme - Mid Cap Fund
120841,quant Mid Cap Fund - Growth Option - Direct Plan,07-10-2013,32.1285,quant Mutual Fund,Equity Scheme - Mid Cap Fund
120841,quant Mid Cap Fund - Growth Option - Direct Plan,04-10-2013,32.0989,quant Mutual Fund,Equity Scheme - Mid Cap Fund
120841,quant Mid Cap Fund - Growth Option - Direct Plan,03-10-2013,32.0673,quant Mutual Fund,Equity Scheme - Mid Cap Fund
120841,quant Mid Cap Fund - Growth Option - Direct Plan,02-10-2013,31.974,quant Mutual Fund,Equity Scheme - Mid Cap Fund
120841,quant Mid Cap Fund - Growth Option - Direct Plan,01-10-2013,31.9686,quant Mutual Fund,Equity Scheme - Mid Cap Fund
120841,quant Mid Cap Fund - Growth Option - Direct Plan,30-09-2013,31.9301,quant Mutual Fund,Equity Scheme - Mid Cap Fund
120841,quant Mid Cap Fund - Growth Option - Direct Plan,27-09-2013,31.9532,quant Mutual Fund,Equity Scheme - Mid Cap Fund
120841,quant Mid Cap Fund - Growth Option - Direct Plan,26-09-2013,31.916,quant Mutual Fund,Equity Scheme - Mid Cap Fund
120841,quant Mid Cap Fund - Growth Option - Direct Plan,25-09-2013,31.8851,quant Mutual Fund,Equity Scheme - Mid Cap Fund
120841,quant Mid Cap Fund - Growth Option - Direct Plan,24-09-2013,31.8426,quant Mutual Fund,Equity Scheme - Mid Cap Fund
120841,quant Mid Cap Fund - Growth Option - Direct Plan,23-09-2013,31.8585,quant Mutual Fund,Equity Scheme - Mid Cap Fund
120841,quant Mid Cap Fund - Growth Option - Direct Plan,20-09-2013,31.934,quant Mutual Fund,Equity Scheme - Mid Cap Fund
120841,quant Mid Cap Fund - Growth Option - Direct Plan,19-09-2013,32.0075,quant Mutual Fund,Equity Scheme - Mid Cap Fund
120841,quant Mid Cap Fund - Growth Option - Direct Plan,18-09-2013,31.8899,quant Mutual Fund,Equity Scheme - Mid Cap Fund
120841,quant Mid Cap Fund - Growth Option - Direct Plan,17-09-2013,31.8351,quant Mutual Fund,Equity Scheme - Mid Cap Fund
120841,quant Mid Cap Fund - Growth Option - Direct Plan,16-09-2013,31.8692,quant Mutual Fund,Equity Scheme - Mid Cap Fund
120841,quant Mid Cap Fund - Growth Option - Direct Plan,13-09-2013,31.8004,quant Mutual Fund,Equity Scheme - Mid Cap Fund
120841,quant Mid Cap Fund - Growth Option - Direct Plan,12-09-2013,31.7783,quant Mutual Fund,Equity Scheme - Mid Cap Fund
120841,quant Mid Cap Fund - Growth Option - Direct Plan,11-09-2013,31.7662,quant Mutual Fund,Equity Scheme - Mid Cap Fund
120841,quant Mid Cap Fund - Growth Option - Direct Plan,10-09-2013,31.733,quant Mutual Fund,Equity Scheme - Mid Cap Fund
120841,quant Mid Cap Fund - Growth Option - Direct Plan,06-09-2013,31.6505,quant Mutual Fund,Equity Scheme - Mid Cap Fund
120841,quant Mid Cap Fund - Growth Option - Direct Plan,05-09-2013,31.6593,quant Mutual Fund,Equity Scheme - Mid Cap Fund
120841,quant Mid Cap Fund - Growth Option - Direct Plan,04-09-2013,31.5182,quant Mutual Fund,Equity Scheme - Mid Cap Fund
120841,quant Mid Cap Fund - Growth Option - Direct Plan,03-09-2013,31.4503,quant Mutual Fund,Equity Scheme - Mid Cap Fund
120841,quant Mid Cap Fund - Growth Option - Direct Plan,02-09-2013,31.5122,quant Mutual Fund,Equity Scheme - Mid Cap Fund
120841,quant Mid Cap Fund - Growth Option - Direct Plan,30-08-2013,31.4007,quant Mutual Fund,Equity Scheme - Mid Cap Fund
120841,quant Mid Cap Fund - Growth Option - Direct Plan,29-08-2013,31.3412,quant Mutual Fund,Equity Scheme - Mid Cap Fund
120841,quant Mid Cap Fund - Growth Option - Direct Plan,28-08-2013,31.3056,quant Mutual Fund,Equity Scheme - Mid Cap Fund
120841,quant Mid Cap Fund - Growth Option - Direct Plan,27-08-2013,31.403,quant Mutual Fund,Equity Scheme - Mid Cap Fund
120841,quant Mid Cap Fund - Growth Option - Direct Plan,26-08-2013,31.5711,quant Mutual Fund,Equity Scheme - Mid Cap Fund
120841,quant Mid Cap Fund - Growth Option - Direct Plan,23-08-2013,31.5853,quant Mutual Fund,Equity Scheme - Mid Cap Fund
120841,quant Mid Cap Fund - Growth Option - Direct Plan,22-08-2013,31.477,quant Mutual Fund,Equity Scheme - Mid Cap Fund
120841,quant Mid Cap Fund - Growth Option - Direct Plan,21-08-2013,31.4778,quant Mutual Fund,Equity Scheme - Mid Cap Fund
120841,quant Mid Cap Fund - Growth Option - Direct Plan,20-08-2013,31.2916,quant Mutual Fund,Equity Scheme - Mid Cap Fund
120841,quant Mid Cap Fund - Growth Option - Direct Plan,19-08-2013,31.2745,quant Mutual Fund,Equity Scheme - Mid Cap Fund
120841,quant Mid Cap Fund - Growth Option - Direct Plan,16-08-2013,31.4561,quant Mutual Fund,Equity Scheme - Mid Cap Fund
120841,quant Mid Cap Fund - Growth Option - Direct Plan,14-08-2013,31.5721,quant Mutual Fund,Equity Scheme - Mid Cap Fund
120841,quant Mid Cap Fund - Growth Option - Direct Plan,13-08-2013,31.6179,quant Mutual Fund,Equity Scheme - Mid Cap Fund
120841,quant Mid Cap Fund - Growth Option - Direct Plan,12-08-2013,31.6104,quant Mutual Fund,Equity Scheme - Mid Cap Fund
120841,quant Mid Cap Fund - Growth Option - Direct Plan,08-08-2013,31.6269,quant Mutual Fund,Equity Scheme - Mid Cap Fund
120841,quant Mid Cap Fund - Growth Option - Direct Plan,07-08-2013,31.5634,quant Mutual Fund,Equity Scheme - Mid Cap Fund
120841,quant Mid Cap Fund - Growth Option - Direct Plan,06-08-2013,31.5344,quant Mutual Fund,Equity Scheme - Mid Cap Fund
120841,quant Mid Cap Fund - Growth Option - Direct Plan,05-08-2013,31.5483,quant Mutual Fund,Equity Scheme - Mid Cap Fund
120841,quant Mid Cap Fund - Growth Option - Direct Plan,02-08-2013,31.5368,quant Mutual Fund,Equity Scheme - Mid Cap Fund
120841,quant Mid Cap Fund - Growth Option - Direct Plan,01-08-2013,31.5515,quant Mutual Fund,Equity Scheme - Mid Cap Fund
120841,quant Mid Cap Fund - Growth Option - Direct Plan,31-07-2013,31.463,quant Mutual Fund,Equity Scheme - Mid Cap Fund
120841,quant Mid Cap Fund - Growth Option - Direct Plan,30-07-2013,31.5287,quant Mutual Fund,Equity Scheme - Mid Cap Fund
120841,quant Mid Cap Fund - Growth Option - Direct Plan,29-07-2013,31.5584,quant Mutual Fund,Equity Scheme - Mid Cap Fund
120841,quant Mid Cap Fund - Growth Option - Direct Plan,26-07-2013,31.591,quant Mutual Fund,Equity Scheme - Mid Cap Fund
120841,quant Mid Cap Fund - Growth Option - Direct Plan,25-07-2013,31.5939,quant Mutual Fund,Equity Scheme - Mid Cap Fund
120841,quant Mid Cap Fund - Growth Option - Direct Plan,24-07-2013,31.3712,quant Mutual Fund,Equity Scheme - Mid Cap Fund
120841,quant Mid Cap Fund - Growth Option - Direct Plan,23-07-2013,31.5579,quant Mutual Fund,Equity Scheme - Mid Cap Fund
120841,quant Mid Cap Fund - Growth Option - Direct Plan,22-07-2013,31.5924,quant Mutual Fund,Equity Scheme - Mid Cap Fund
120841,quant Mid Cap Fund - Growth Option - Direct Plan,19-07-2013,31.6159,quant Mutual Fund,Equity Scheme - Mid Cap Fund
120841,quant Mid Cap Fund - Growth Option - Direct Plan,18-07-2013,31.6192,quant Mutual Fund,Equity Scheme - Mid Cap Fund
120841,quant Mid Cap Fund - Growth Option - Direct Plan,17-07-2013,31.5346,quant Mutual Fund,Equity Scheme - Mid Cap Fund
120841,quant Mid Cap Fund - Growth Option - Direct Plan,16-07-2013,31.5549,quant Mutual Fund,Equity Scheme - Mid Cap Fund
120841,quant Mid Cap Fund - Growth Option - Direct Plan,15-07-2013,31.8193,quant Mutual Fund,Equity Scheme - Mid Cap Fund
120841,quant Mid Cap Fund - Growth Option - Direct Plan,12-07-2013,31.8051,quant Mutual Fund,Equity Scheme - Mid Cap Fund
120841,quant Mid Cap Fund - Growth Option - Direct Plan,11-07-2013,31.757,quant Mutual Fund,Equity Scheme - Mid Cap Fund
120841,quant Mid Cap Fund - Growth Option - Direct Plan,10-07-2013,31.7128,quant Mutual Fund,Equity Scheme - Mid Cap Fund
120841,quant Mid Cap Fund - Growth Option - Direct Plan,09-07-2013,31.7138,quant Mutual Fund,Equity Scheme - Mid Cap Fund
120841,quant Mid Cap Fund - Growth Option - Direct Plan,08-07-2013,31.6958,quant Mutual Fund,Equity Scheme - Mid Cap Fund
120841,quant Mid Cap Fund - Growth Option - Direct Plan,05-07-2013,31.7308,quant Mutual Fund,Equity Scheme - Mid Cap Fund
120841,quant Mid Cap Fund - Growth Option - Direct Plan,04-07-2013,31.7005,quant Mutual Fund,Equity Scheme - Mid Cap Fund
120841,quant Mid Cap Fund - Growth Option - Direct Plan,03-07-2013,31.6149,quant Mutual Fund,Equity Scheme - Mid Cap Fund
120841,quant Mid Cap Fund - Growth Option - Direct Plan,02-07-2013,31.6447,quant Mutual Fund,Equity Scheme - Mid Cap Fund
120841,quant Mid Cap Fund - Growth Option - Direct Plan,01-07-2013,31.6354,quant Mutual Fund,Equity Scheme - Mid Cap Fund
120841,quant Mid Cap Fund - Growth Option - Direct Plan,28-06-2013,31.6061,quant Mutual Fund,Equity Scheme - Mid Cap Fund
120841,quant Mid Cap Fund - Growth Option - Direct Plan,27-06-2013,31.551,quant Mutual Fund,Equity Scheme - Mid Cap Fund
120841,quant Mid Cap Fund - Growth Option - Direct Plan,26-06-2013,31.5682,quant Mutual Fund,Equity Scheme - Mid Cap Fund
120841,quant Mid Cap Fund - Growth Option - Direct Plan,25-06-2013,31.5983,quant Mutual Fund,Equity Scheme - Mid Cap Fund
120841,quant Mid Cap Fund - Growth Option - Direct Plan,24-06-2013,31.5935,quant Mutual Fund,Equity Scheme - Mid Cap Fund
120841,quant Mid Cap Fund - Growth Option - Direct Plan,21-06-2013,31.5604,quant Mutual Fund,Equity Scheme - Mid Cap Fund
120841,quant Mid Cap Fund - Growth Option - Direct Plan,20-06-2013,30.9819,quant Mutual Fund,Equity Scheme - Mid Cap Fund
120841,quant Mid Cap Fund - Growth Option - Direct Plan,19-06-2013,31.6167,quant Mutual Fund,Equity Scheme - Mid Cap Fund
120841,quant Mid Cap Fund - Growth Option - Direct Plan,18-06-2013,31.6199,quant Mutual Fund,Equity Scheme - Mid Cap Fund
120841,quant Mid Cap Fund - Growth Option - Direct Plan,17-06-2013,31.6026,quant Mutual Fund,Equity Scheme - Mid Cap Fund
120841,quant Mid Cap Fund - Growth Option - Direct Plan,14-06-2013,31.5823,quant Mutual Fund,Equity Scheme - Mid Cap Fund
120841,quant Mid Cap Fund - Growth Option - Direct Plan,13-06-2013,31.5726,quant Mutual Fund,Equity Scheme - Mid Cap Fund
120841,quant Mid Cap Fund - Growth Option - Direct Plan,12-06-2013,31.5693,quant Mutual Fund,Equity Scheme - Mid Cap Fund
120841,quant Mid Cap Fund - Growth Option - Direct Plan,11-06-2013,31.5828,quant Mutual Fund,Equity Scheme - Mid Cap Fund
120841,quant Mid Cap Fund - Growth Option - Direct Plan,10-06-2013,31.6326,quant Mutual Fund,Equity Scheme - Mid Cap Fund
120841,quant Mid Cap Fund - Growth Option - Direct Plan,07-06-2013,31.6497,quant Mutual Fund,Equity Scheme - Mid Cap Fund
120841,quant Mid Cap Fund - Growth Option - Direct Plan,06-06-2013,31.6568,quant Mutual Fund,Equity Scheme - Mid Cap Fund
120841,quant Mid Cap Fund - Growth Option - Direct Plan,05-06-2013,31.6295,quant Mutual Fund,Equity Scheme - Mid Cap Fund
120841,quant Mid Cap Fund - Growth Option - Direct Plan,04-06-2013,31.6364,quant Mutual Fund,Equity Scheme - Mid Cap Fund
120841,quant Mid Cap Fund - Growth Option - Direct Plan,03-06-2013,31.5998,quant Mutual Fund,Equity Scheme - Mid Cap Fund
120841,quant Mid Cap Fund - Growth Option - Direct Plan,31-05-2013,31.6046,quant Mutual Fund,Equity Scheme - Mid Cap Fund
120841,quant Mid Cap Fund - Growth Option - Direct Plan,30-05-2013,31.6382,quant Mutual Fund,Equity Scheme - Mid Cap Fund
120841,quant Mid Cap Fund - Growth Option - Direct Plan,29-05-2013,31.6166,quant Mutual Fund,Equity Scheme - Mid Cap Fund
120841,quant Mid Cap Fund - Growth Option - Direct Plan,28-05-2013,31.6184,quant Mutual Fund,Equity Scheme - Mid Cap Fund
120841,quant Mid Cap Fund - Growth Option - Direct Plan,27-05-2013,31.6336,quant Mutual Fund,Equity Scheme - Mid Cap Fund
120841,quant Mid Cap Fund - Growth Option - Direct Plan,24-05-2013,31.6135,quant Mutual Fund,Equity Scheme - Mid Cap Fund
120841,quant Mid Cap Fund - Growth Option - Direct Plan,23-05-2013,31.6113,quant Mutual Fund,Equity Scheme - Mid Cap Fund
120841,quant Mid Cap Fund - Growth Option - Direct Plan,22-05-2013,31.5981,quant Mutual Fund,Equity Scheme - Mid Cap Fund
120841,quant Mid Cap Fund - Growth Option - Direct Plan,21-05-2013,31.5881,quant Mutual Fund,Equity Scheme - Mid Cap Fund
120841,quant Mid Cap Fund - Growth Option - Direct Plan,20-05-2013,31.5989,quant Mutual Fund,Equity Scheme - Mid Cap Fund
120841,quant Mid Cap Fund - Growth Option - Direct Plan,17-05-2013,31.5851,quant Mutual Fund,Equity Scheme - Mid Cap Fund
120841,quant Mid Cap Fund - Growth Option - Direct Plan,16-05-2013,31.5827,quant Mutual Fund,Equity Scheme - Mid Cap Fund
120841,quant Mid Cap Fund - Growth Option - Direct Plan,15-05-2013,31.5899,quant Mutual Fund,Equity Scheme - Mid Cap Fund
120841,quant Mid Cap Fund - Growth Option - Direct Plan,14-05-2013,31.5705,quant Mutual Fund,Equity Scheme - Mid Cap Fund
120841,quant Mid Cap Fund - Growth Option - Direct Plan,13-05-2013,31.4879,quant Mutual Fund,Equity Scheme - Mid Cap Fund
120841,quant Mid Cap Fund - Growth Option - Direct Plan,10-05-2013,31.4982,quant Mutual Fund,Equity Scheme - Mid Cap Fund
120841,quant Mid Cap Fund - Growth Option - Direct Plan,09-05-2013,31.4968,quant Mutual Fund,Equity Scheme - Mid Cap Fund
120841,quant Mid Cap Fund - Growth Option - Direct Plan,08-05-2013,31.4751,quant Mutual Fund,Equity Scheme - Mid Cap Fund
120841,quant Mid Cap Fund - Growth Option - Direct Plan,07-05-2013,31.4319,quant Mutual Fund,Equity Scheme - Mid Cap Fund
120841,quant Mid Cap Fund - Growth Option - Direct Plan,06-05-2013,31.3995,quant Mutual Fund,Equity Scheme - Mid Cap Fund
120841,quant Mid Cap Fund - Growth Option - Direct Plan,03-05-2013,31.3656,quant Mutual Fund,Equity Scheme - Mid Cap Fund
120841,quant Mid Cap Fund - Growth Option - Direct Plan,02-05-2013,31.3834,quant Mutual Fund,Equity Scheme - Mid Cap Fund
120841,quant Mid Cap Fund - Growth Option - Direct Plan,30-04-2013,31.3503,quant Mutual Fund,Equity Scheme - Mid Cap Fund
120841,quant Mid Cap Fund - Growth Option - Direct Plan,29-04-2013,31.3398,quant Mutual Fund,Equity Scheme - Mid Cap Fund
120841,quant Mid Cap Fund - Growth Option - Direct Plan,26-04-2013,31.3278,quant Mutual Fund,Equity Scheme - Mid Cap Fund
120841,quant Mid Cap Fund - Growth Option - Direct Plan,25-04-2013,31.3033,quant Mutual Fund,Equity Scheme - Mid Cap Fund
120841,quant Mid Cap Fund - Growth Option - Direct Plan,24-04-2013,31.2657,quant Mutual Fund,Equity Scheme - Mid Cap Fund
120841,quant Mid Cap Fund - Growth Option - Direct Plan,23-04-2013,31.2609,quant Mutual Fund,Equity Scheme - Mid Cap Fund
120841,quant Mid Cap Fund - Growth Option - Direct Plan,22-04-2013,31.2718,quant Mutual Fund,Equity Scheme - Mid Cap Fund
120841,quant Mid Cap Fund - Growth Option - Direct Plan,19-04-2013,31.2458,quant Mutual Fund,Equity Scheme - Mid Cap Fund
120841,quant Mid Cap Fund - Growth Option - Direct Plan,18-04-2013,31.2408,quant Mutual Fund,Equity Scheme - Mid Cap Fund
120841,quant Mid Cap Fund - Growth Option - Direct Plan,17-04-2013,31.1958,quant Mutual Fund,Equity Scheme - Mid Cap Fund
120841,quant Mid Cap Fund - Growth Option - Direct Plan,16-04-2013,31.1787,quant Mutual Fund,Equity Scheme - Mid Cap Fund
120841,quant Mid Cap Fund - Growth Option - Direct Plan,15-04-2013,31.1685,quant Mutual Fund,Equity Scheme - Mid Cap Fund
120841,quant Mid Cap Fund - Growth Option - Direct Plan,12-04-2013,31.1464,quant Mutual Fund,Equity Scheme - Mid Cap Fund
120841,quant Mid Cap Fund - Growth Option - Direct Plan,11-04-2013,31.1374,quant Mutual Fund,Equity Scheme - Mid Cap Fund
120841,quant Mid Cap Fund - Growth Option - Direct Plan,10-04-2013,31.1225,quant Mutual Fund,Equity Scheme - Mid Cap Fund
120841,quant Mid Cap Fund - Growth Option - Direct Plan,09-04-2013,31.1389,quant Mutual Fund,Equity Scheme - Mid Cap Fund
120841,quant Mid Cap Fund - Growth Option - Direct Plan,08-04-2013,31.1187,quant Mutual Fund,Equity Scheme - Mid Cap Fund
120841,quant Mid Cap Fund - Growth Option - Direct Plan,05-04-2013,31.0949,quant Mutual Fund,Equity Scheme - Mid Cap Fund
120841,quant Mid Cap Fund - Growth Option - Direct Plan,04-04-2013,31.0996,quant Mutual Fund,Equity Scheme - Mid Cap Fund
120841,quant Mid Cap Fund - Growth Option - Direct Plan,03-04-2013,31.0919,quant Mutual Fund,Equity Scheme - Mid Cap Fund
120841,quant Mid Cap Fund - Growth Option - Direct Plan,02-04-2013,31.0775,quant Mutual Fund,Equity Scheme - Mid Cap Fund
120841,quant Mid Cap Fund - Growth Option - Direct Plan,01-04-2013,31.055,quant Mutual Fund,Equity Scheme - Mid Cap Fund
120841,quant Mid Cap Fund - Growth Option - Direct Plan,29-03-2013,31.0185,quant Mutual Fund,Equity Scheme - Mid Cap Fund
120841,quant Mid Cap Fund - Growth Option - Direct Plan,28-03-2013,31.0136,quant Mutual Fund,Equity Scheme - Mid Cap Fund
120841,quant Mid Cap Fund - Growth Option - Direct Plan,26-03-2013,30.9902,quant Mutual Fund,Equity Scheme - Mid Cap Fund
120841,quant Mid Cap Fund - Growth Option - Direct Plan,25-03-2013,30.9981,quant Mutual Fund,Equity Scheme - Mid Cap Fund
120841,quant Mid Cap Fund - Growth Option - Direct Plan,22-03-2013,30.9812,quant Mutual Fund,Equity Scheme - Mid Cap Fund
120841,quant Mid Cap Fund - Growth Option - Direct Plan,21-03-2013,30.9869,quant Mutual Fund,Equity Scheme - Mid Cap Fund
120841,quant Mid Cap Fund - Growth Option - Direct Plan,20-03-2013,30.9819,quant Mutual Fund,Equity Scheme - Mid Cap Fund
120841,quant Mid Cap Fund - Growth Option - Direct Plan,19-03-2013,30.9834,quant Mutual Fund,Equity Scheme - Mid Cap Fund
120841,quant Mid Cap Fund - Growth Option - Direct Plan,18-03-2013,30.9884,quant Mutual Fund,Equity Scheme - Mid Cap Fund
120841,quant Mid Cap Fund - Growth Option - Direct Plan,15-03-2013,30.9911,quant Mutual Fund,Equity Scheme - Mid Cap Fund
120841,quant Mid Cap Fund - Growth Option - Direct Plan,14-03-2013,30.9591,quant Mutual Fund,Equity Scheme - Mid Cap Fund
120841,quant Mid Cap Fund - Growth Option - Direct Plan,13-03-2013,30.9439,quant Mutual Fund,Equity Scheme - Mid Cap Fund
120841,quant Mid Cap Fund - Growth Option - Direct Plan,12-03-2013,30.9494,quant Mutual Fund,Equity Scheme - Mid Cap Fund
120841,quant Mid Cap Fund - Growth Option - Direct Plan,11-03-2013,30.9535,quant Mutual Fund,Equity Scheme - Mid Cap Fund
120841,quant Mid Cap Fund - Growth Option - Direct Plan,08-03-2013,30.9455,quant Mutual Fund,Equity Scheme - Mid Cap Fund
120841,quant Mid Cap Fund - Growth Option - Direct Plan,07-03-2013,30.9351,quant Mutual Fund,Equity Scheme - Mid Cap Fund
120841,quant Mid Cap Fund - Growth Option - Direct Plan,06-03-2013,30.9339,quant Mutual Fund,Equity Scheme - Mid Cap Fund
120841,quant Mid Cap Fund - Growth Option - Direct Plan,05-03-2013,30.9255,quant Mutual Fund,Equity Scheme - Mid Cap Fund
120841,quant Mid Cap Fund - Growth Option - Direct Plan,04-03-2013,30.9006,quant Mutual Fund,Equity Scheme - Mid Cap Fund
120841,quant Mid Cap Fund - Growth Option - Direct Plan,01-03-2013,30.8771,quant Mutual Fund,Equity Scheme - Mid Cap Fund
120841,quant Mid Cap Fund - Growth Option - Direct Plan,28-02-2013,30.8823,quant Mutual Fund,Equity Scheme - Mid Cap Fund
120841,quant Mid Cap Fund - Growth Option - Direct Plan,27-02-2013,30.8692,quant Mutual Fund,Equity Scheme - Mid Cap Fund
120841,quant Mid Cap Fund - Growth Option - Direct Plan,26-02-2013,30.8517,quant Mutual Fund,Equity Scheme - Mid Cap Fund
120841,quant Mid Cap Fund - Growth Option - Direct Plan,25-02-2013,30.8655,quant Mutual Fund,Equity Scheme - Mid Cap Fund
120841,quant Mid Cap Fund - Growth Option - Direct Plan,22-02-2013,30.6784,quant Mutual Fund,Equity Scheme - Mid Cap Fund
120841,quant Mid Cap Fund - Growth Option - Direct Plan,21-02-2013,30.6841,quant Mutual Fund,Equity Scheme - Mid Cap Fund
120841,quant Mid Cap Fund - Growth Option - Direct Plan,20-02-2013,30.7038,quant Mutual Fund,Equity Scheme - Mid Cap Fund
120841,quant Mid Cap Fund - Growth Option - Direct Plan,19-02-2013,30.6778,quant Mutual Fund,Equity Scheme - Mid Cap Fund
120841,quant Mid Cap Fund - Growth Option - Direct Plan,18-02-2013,30.6588,quant Mutual Fund,Equity Scheme - Mid Cap Fund
120841,quant Mid Cap Fund - Growth Option - Direct Plan,15-02-2013,30.6442,quant Mutual Fund,Equity Scheme - Mid Cap Fund
120841,quant Mid Cap Fund - Growth Option - Direct Plan,14-02-2013,30.648,quant Mutual Fund,Equity Scheme - Mid Cap Fund
120841,quant Mid Cap Fund - Growth Option - Direct Plan,13-02-2013,30.693,quant Mutual Fund,Equity Scheme - Mid Cap Fund
120841,quant Mid Cap Fund - Growth Option - Direct Plan,12-02-2013,30.6846,quant Mutual Fund,Equity Scheme - Mid Cap Fund
120841,quant Mid Cap Fund - Growth Option - Direct Plan,11-02-2013,30.5643,quant Mutual Fund,Equity Scheme - Mid Cap Fund
120841,quant Mid Cap Fund - Growth Option - Direct Plan,08-02-2013,30.6813,quant Mutual Fund,Equity Scheme - Mid Cap Fund
120841,quant Mid Cap Fund - Growth Option - Direct Plan,07-02-2013,30.6882,quant Mutual Fund,Equity Scheme - Mid Cap Fund
120841,quant Mid Cap Fund - Growth Option - Direct Plan,06-02-2013,30.7067,quant Mutual Fund,Equity Scheme - Mid Cap Fund
120841,quant Mid Cap Fund - Growth Option - Direct Plan,05-02-2013,30.6673,quant Mutual Fund,Equity Scheme - Mid Cap Fund
120841,quant Mid Cap Fund - Growth Option - Direct Plan,04-02-2013,30.7231,quant Mutual Fund,Equity Scheme - Mid Cap Fund
120841,quant Mid Cap Fund - Growth Option - Direct Plan,01-02-2013,30.7201,quant Mutual Fund,Equity Scheme - Mid Cap Fund
120841,quant Mid Cap Fund - Growth Option - Direct Plan,31-01-2013,30.6763,quant Mutual Fund,Equity Scheme - Mid Cap Fund
120841,quant Mid Cap Fund - Growth Option - Direct Plan,30-01-2013,30.6441,quant Mutual Fund,Equity Scheme - Mid Cap Fund
120841,quant Mid Cap Fund - Growth Option - Direct Plan,29-01-2013,30.674,quant Mutual Fund,Equity Scheme - Mid Cap Fund
120841,quant Mid Cap Fund - Growth Option - Direct Plan,28-01-2013,30.6878,quant Mutual Fund,Equity Scheme - Mid Cap Fund
120841,quant Mid Cap Fund - Growth Option - Direct Plan,25-01-2013,30.6611,quant Mutual Fund,Equity Scheme - Mid Cap Fund
120841,quant Mid Cap Fund - Growth Option - Direct Plan,24-01-2013,30.6574,quant Mutual Fund,Equity Scheme - Mid Cap Fund
120841,quant Mid Cap Fund - Growth Option - Direct Plan,23-01-2013,30.6688,quant Mutual Fund,Equity Scheme - Mid Cap Fund
120841,quant Mid Cap Fund - Growth Option - Direct Plan,22-01-2013,30.6627,quant Mutual Fund,Equity Scheme - Mid Cap Fund
120841,quant Mid Cap Fund - Growth Option - Direct Plan,21-01-2013,30.6574,quant Mutual Fund,Equity Scheme - Mid Cap Fund
120841,quant Mid Cap Fund - Growth Option - Direct Plan,18-01-2013,30.658,quant Mutual Fund,Equity Scheme - Mid Cap Fund
120841,quant Mid Cap Fund - Growth Option - Direct Plan,17-01-2013,30.6565,quant Mutual Fund,Equity Scheme - Mid Cap Fund
120841,quant Mid Cap Fund - Growth Option - Direct Plan,16-01-2013,30.6804,quant Mutual Fund,Equity Scheme - Mid Cap Fund
120841,quant Mid Cap Fund - Growth Option - Direct Plan,15-01-2013,30.6993,quant Mutual Fund,Equity Scheme - Mid Cap Fund
120841,quant Mid Cap Fund - Growth Option - Direct Plan,14-01-2013,30.6862,quant Mutual Fund,Equity Scheme - Mid Cap Fund
120841,quant Mid Cap Fund - Growth Option - Direct Plan,11-01-2013,30.6305,quant Mutual Fund,Equity Scheme - Mid Cap Fund
120841,quant Mid Cap Fund - Growth Option - Direct Plan,10-01-2013,30.6784,quant Mutual Fund,Equity Scheme - Mid Cap Fund
120841,quant Mid Cap Fund - Growth Option - Direct Plan,09-01-2013,30.6492,quant Mutual Fund,Equity Scheme - Mid Cap Fund
120841,quant Mid Cap Fund - Growth Option - Direct Plan,08-01-2013,30.6239,quant Mutual Fund,Equity Scheme - Mid Cap Fund
120841,quant Mid Cap Fund - Growth Option - Direct Plan,07-01-2013,30.6076,quant Mutual Fund,Equity Scheme - Mid Cap Fund
